verdict,tier,pet,source,id,date,firm,firm_location,retailers,brands,est,text
,maker_linked,False,FDA,61911,2012-06-20,"Taylor Farms Retail, Inc.","Salinas, CA",Walmart,Marketside,,"Private Selections Organic Baby Spinach,  5 oz plastic clamshell,  UPC 0-11110-91128-5;    Marketside Baby Spinach Organic,  10 oz plastic clamshell,  UPC: 6-8113132900-2"
,maker_linked,False,FDA,62285,2012-06-27,Camerican International,"Paramus, NJ",Kroger,Kroger,,"Whole Oysters in Water under the following brand names: 1) Ralph's Whole Oysters in Water, Net Wt. 8 OZ (226 g) Distributed by Inter-American Products, Cincinnati, Ohio 45202, Product of Korea; 2) Kroger Whole Oysters in Water  Net Wt. 8 OZ (226g) Distributed by the Kroger Co., Cincinnati, Ohio 45202 | Smoked Oysters In cottonseed oil sold under the following brand names: 1) Fredmeyer Smoked Oysters In cottonseed oil Net Wt 3.75 oz (106 g) Distributed by Inter-American Products, Cincinnati, Ohio 45202, Product of Korea; 2) Ralph's Smoked Oysters In Cottonseed Oil Distributed by Inter-American Products Cincinnati, Ohio 45202  Product of Korea; 3) Kroger Smoked Oysters In cottonseed oil , Distributed by the Kroger Co., Cincinnati, OH 45202,  Product of Korea | Northern Catch Fancy Whole Oysters  Net Wt. 8 OZ (227g) Distributed by the Aldi Inc., Batavia, IL 60510   Product of Korea"
,maker_linked,False,FDA,62275,2012-06-27,Sonora Mills Foods,"East Rancho Dominguez, CA",Kroger,Kroger,,"popchips¿ Sea Salt & Vinegar, Potato Popped Chip Snack, 0.4 oz (UPC  0 82666 76550 9), 0.8 oz (UPC 0 82666 75500 5), 3 oz (UPC 0 82666 70050 0), 85 g (UPC 0 82666 71240 4 and 0 82666 71240 4) | Cheddar Mini Rice Snacks under the following brand names:  Fred Meyer, 3 oz, UPC 0 11110 90004 3;  Kroger, 3 oz, UPC 0 11110 35789 2;  Ralphs, 3 oz, UPC 0 11110 91220 9;  Safeway, 3 oz. UPC 0 21130 29808 2; | popchips¿ Cheddar Potato, Popped Chip Snack, 0.8 oz, UPC  0 82666 78800 3"
,maker_linked,False,FDA,61497,2012-06-27,Club Chef LLC,"Covington, KY",Kroger,Private Selection,,"Salsa in 12 oz., 16 oz., and 5 lb. plastic containers.  The product labels reads as follows: PREMIUM QUALITY Private Selection Natural***SALSA NO PRESERVATIVES KEEP REFRIGERATED NET WT 12 OZ (340g)***INGREDIENTS: Tomatoes***Jalapeno***DISTRIBUTED BY: INTER-AMERICAN PRODUCTS, CINCINNATI, OHIO 45202***1-800-697-2448***"" and PREMIUM QUALITY Private Selection Natural PICO DE GALLO NO PRESERVATIVES KEEP REFRIGERATED NET WT 12 OZ (340g)***INGREDIENTS: Tomatoes***Jalapeno***DISTRIBUTED BY: INTER-AMERICAN PRODUCTS, CINCINNATI, OHIO 45202***1-800-697-2448*** and heinens"" Fresh***Salsa All Natural Net. Wt. 16oz. (1lb) 454g***Ingredients: Tomatoes***Jalapeno***PACKED FOR HEINENS BY CLUB CHEF, LLC and heinens"" Fresh Bruschetta All Natural Net. Wt. 16oz. (1lb) 454g ***Ingredients: Tomatoes***Jalapeno***PACKED FOR HEINENS BY CLUB CHEF, LLC"
,maker_linked,False,FDA,62306,2012-07-04,"TreeHouse Foods, Inc / Bay Valley Foods","Oak Brook, IL",Kroger;Meijer;Walmart,Great Value;Kroger;Meijer,,"H.E.B Pasta Salad Ranch & Bacon, NET WT 7.5 OZ , CONT. NET 212G, UPC 4122089106 | Great Value, Thick and Creamy Macaroni and Cheese , NET WT 7.25 OZ (206g), UPC 7874223061, DISTRIBUTED BY: Wal-Mart Stores, Inc., Bentonville, AR 72716 | Reggano,  Linguine and Parmesan Pasta Entree, NET WT 4.8 OZ(136g), UPC 4149813345, Distributed by ALDI Inc., Batavia, IL 60510. | Food Club Pasta Salad Classics Ranch & Bacon, NET WT 7.5 OZ ( 212g),  UPC 3680034311, Distributed by TOPCO ASSOCIATED, LLC, 7711 GROSS POINT ROAD, SKOKIE, IL 60077 | Kroger, Macaroni & Cheese Rich n Creamy, NET WT 7.25 OZ (205 g), UPC 1111085149, DISTRIBUTED BY KROGER CO, CINCINNATI, OH 45202. | Meijer Macaroni & Cheese Dinner Thick""n Cheesy, NET WT 7.25 OZ (206 g), UPC 4125096335, DIST. BY MEIJER DISTRIBUTION INC. GRAND RAPIDS, MI 49544 | Reggano Pasta Salad Classic, UPC 4149812863, Distributed by ALDI Inc., Batavia, IL 60510. | Reggano Pasta Skillet Dinner Stroganoff, NET WT 5.6 OZ (158 g) UPC 4149812433, Distributed by ALDI Inc., Batavia, IL 60510 | Kroger, Macaroni & Cheese Three Cheese, NET WT 7.25 OZ (205 g), UPC 1111085146, Distributed by The Kroger Co., Cincinnati, OH 45202."
,maker_linked,False,FDA,62438,2012-07-11,Mitsui Foods Inc,"Norwood, NJ",Kroger,Private Selection,,"Whole Oysters: 1) Empress Whole Oysters, NET WT 8 OZ.  Distributed By Mitsui Foods Inc. Norwood NJ 07648 Product of Korea, UPC 7360000719.  2) Premium Quality Private Selection Whole Oysters, NET WT 8 OZ.  Distributed By Inter-American Products, Inc. Cincinnati, OH 45202.  Product of Korea, UPC 111081484. | Smoked Oysters: 1) Empress Smoked Oysters In Cottonseed Oil, NET WT 3.75 OZ.  Distributed By Mitsui Foods Inc. Norwood NJ 07648 Product of Korea, UPC7360000713.  2) Premium Quality Private Selection Smoked Oysters In Cottonseed Oil, NET WT 3.75 OZ.  Distributed By Mitsui Foods Inc. Norwood NJ 07648 Product of Korea.  Farm Raised, UPC 111081484."
,maker_linked,False,FDA,62396,2012-07-18,Dole Fresh Vegetables Inc,"Monterey, CA",Kroger;Walmart,Kroger;Marketside,,"Kroger Fresh Selections Greener Supreme;  Iceberg lettuce, Romaine lettuce, Carrots and Red Cabbage;  12 oz plastic bag.  Best if used by date: June 19, 2012:  UPC 0 11110 91039 4    Distributed by the Kroger Co., Cincinnati, OH 45202 | Leafy Romaine; Romaine Lettuce & Leaf Lettuces;  10 oz plastic bag.  Best if used by date: June 19, 2012.    Packaged under brand names of:  Kroger Fresh Selections,  UPC 0 11110 91046 2,  Distributed by the Kroger Co., Cincinnati, OH 45202    and  Marketside  UPC: 6 81131 02781 6  Distributed by Wal-Mart Stores, Inc.  Bentonville, AR 72716"
,maker_linked,False,FDA,61901,2012-08-15,River Ranch Fresh Foods  LLC,"Salinas, CA",Walmart,Marketside,,"Sysco brand Garden with Romaine, 4 x 5 lb bag, UPC: n/a; Product is a salad item; bagged in clear polyethylene film (foodservice) and polypropylene/polyethylene (retail). Refrigerate and consume within Best By date. Product is processed and packaged by River Ranch Fresh Foods, LLC | Fresh n Easy brand Garden with Romaine, 4 x 5 lb bag, UPC: n/a; Product is a salad item; bagged in clear polyethylene film (foodservice) and polypropylene/polyethylene (retail). Refrigerate and consume within Best By date. Product is processed and packaged by River Ranch Fresh Foods, LLC | Fresh n Easy brand Shred Grn Cabbage w/Color, 4 x 5 lb bag, UPC: n/a; Product is a salad item; bagged in clear polyethylene film (foodservice) and polypropylene/polyethylene (retail). Refrigerate and consume within Best By date. Product is processed and packaged by River Ranch Fresh Foods, LLC | River Ranch brand Shredded Romaine, 6 x 2 lb bag, UPC: n/a; Product is a salad item; bagged in clear polyethylene film (foodservice) and polypropylene/polyethylene (retail). Refrigerate and consume within Best By date. Product is processed and packaged by River Ranch Fresh Foods, LLC | Cross Valley brand Chopped Iceberg w/Color, 4 x 5 lb bag, UPC: n/a; Product is a salad item; bagged in clear polyethylene film (foodservice) and polypropylene/polyethylene (retail). Refrigerate and consume within Best By date. Product is processed and packaged by River Ranch Fresh Foods, LLC | Cross Valley brand Iceberg / Romaine w/Color, "
,maker_linked,False,FDA,55924,2012-08-15,"Gills Onions, LLC","Oxnard, CA",Wegmans,Wegmans,,"Diced Red Onions, 7oz, UPC 643550000412;  Diced Red Onions, Oignons rouge frais, en des, 198 grams, UPC 643550000450.  Diced Red Onions, 5lbs., ""Gills Onions"" Label, no UPC;  Diced Red Onions, 5lbs, ""Crossvalley"" label, no UPC.  Diced Red Onions, 5lbs, ""Markon"" label, no UPC.  Diced Red Oninos, 5lbs, ""Cisco"" label, no UPC. | Slivered Red Onions, 5 oz, UPC 643550000009.    Slivered Red Onions, 5lbs, ""Gills Onions"" label, no UPC;  Slivered Red Onions, 5lbs, ""Markon"" label, no UPC.  Slivered Red Onions, 5lbs, ""Sysco"" label, no UPC;  Slivered Red Onions, 5lbs, ""Crossvalley"", no UPC. | Diced Organic Yellow Onions, 5lbs, ""Gills Onions"" label, no UPC. | Slivered Yellow Sweet Onions, 5 oz, UPC 643550000092.      Slivered Yellow Onions, 5lbs, ""Gills Onions"" label, no UPC.    Slivered Yellow Onions, 5lbs, ""Crossvalley"" label, no UPC;  Slivered Yellow Onions, 5lbs, ""Sysco"" label, no UPC.  Slivered Yellow Onions, 5lbs, ""Markon"" label, no UPC.  Slivered Yellow Onions, 5lbs, ""Nourish & Delight"" label, no UPC. | Diced Red Tomatoes, 5lbs tray, ""Nourish & Delight"", no UPC. | 4 Piece Wedge Cutted Onions, 28lbs, ""Gills Onions"" label, no UPC. | Yellow Onion Puree, 38lbs, ""Gills Onions"" label, no UPC. | Diced Celery and Onion, 7 oz, UPC 643550000429;    Diced Celery and Onion, 19 oz, UPC 643550000351;  Diced Celery and Onions, 8oz,  UPC 643550000504, clear plastic containers sold in Wegmans;  Diced Celery & Onions, Celeri et oignons frais, en des, 198g, UPC 643550000467.  Diced Celery and Onions,"
,maker_linked,False,FDA,62676,2012-08-15,GH Foods CA LLC,"Sacramento, CA",Albertsons;Trader Joe's;Walmart,Marketside;Signature Cafe;Trader Joe's,,"Garden Highway Chef Essentials Celery, Onions, diced: 5 oz   Manufactured by GH Foods CA LLC,  Rancho Cordova, CA. | Asian Stir Fry, packaged under the following labels and sizes:  Delish, 8.5 oz.  Albertson's Generic Label, 10 oz,  Chef Essentials - 10 oz.  Raley's, 10 oz.    Manufactured by GH Foods CA LLC,  Rancho Cordova, CA. | Sweet and Sour Stir Fry packaged under the following brand names and sizes:  Garden Highway Chef Essentials 10.5 oz;  Raley's 10.5 oz Safeway Farms 10.5 oz .    Manufactured by GH Foods CA LLC,  Rancho Cordova, CA. | Raley's Mirepoix, 5 oz package..   Manufactured by GH Foods CA LLC,  Rancho Cordova, CA. | Garden Highway Chef Essentials Carrots, Celery, Onions, diced: 5 oz Natural Directions Carrots, Celery, onions deli cup , 5 oz;  Safeway Farms Carrots, Celery, onions. , 5 oz.  Manufactured by GH Foods CA LLC,  Rancho Cordova, CA. | Garden Highway brand Caldo mix, 48 oz.;  Manufactured by GH Foods CA LLC,  Rancho Cordova, CA. | Garden Highway Green Peppers & Yellow Onion sliced 3/8""  2 lb package.    Manufactured by GH Foods CA LLC,  Rancho Cordova, CA. | Mushroom Garlic Herb Steak Topper: 7.5 oz  packaged under the following brand names:  Garden Highway Chef Essentials, Safeway Farms.  Manufactured by GH Foods CA LLC,  Rancho Cordova, CA. | Stuffed mushrooms,  packaged under the following brand names:  Delish - 7 oz package;  Garden Highway Chef Essentials - 7 oz package;  Pacific Coast Directions; 7 oz and 8 oz package  Raleys - 7 oz package;  "
,maker_linked,False,FDA,62686,2012-08-29,Huxtable's Kitchen Inc,"Vernon, CA",Trader Joe's,Trader Joe's,,"Trader Joe's Roasted Butternut Squash, Red Quinoa and Wheatberry Salad, 9.5 oz. Product packaged in plastic tray with plastic lid. 18 units/basket."
,maker_linked,False,FDA,62758,2012-09-05,Fresh Ideas Inc.,"Boston, MA",Ahold Delhaize,Stop & Shop,,"Small Soup Vegetable Mix:-(Item #CC4)  Spanish Onions {1/4"" dice), Carrots, Celery  Medium Soup Mix Vegetables (Item #CC5)  Spanish Onions (1/2"" dice), Carrots. Celery  5 lb poly bags  Packed by: Fresh Ideas Co., 18 Bunker Hill Industrial Park, Boston, MA 02129  Item # 00254 | Julienne Onions, Item #J705 4.0 lbs poly  tub; Legal Onion Strings (Item #L165), 5 lb poly bag    Packed by: Fresh Ideas Co., 18 Bunker Hill Industrial Park, Boston, MA 02129  Item # 00254 | Fajita Mix-Red Pepper, Green Pepper, Spanish Onion {1/4"" Sliced)  Item #SAL4,  5 lb poly bag | Costa Whole Peeled Onions (Item #00841, #B841) 25 lb poly bag Packed by: Fresh Ideas Co., 18 Bunker Hill Industrial Park, Boston, MA 02129  Item # 00254 | Tex Mex Sliced Vegetable Blend, Item #TMEX  Red Pepper, Green Pepper, Spanish Onion {1/4"" Sliced) 5 lb poly bag | Costa Kabob Cut White Onions 1"" x 1"", 5 lb poly bag  (Item #00275)  Packed by: Fresh Ideas Co., 18 Bunker Hill Industrial Park, Boston, MA 02129 | UNH Stir Fry: 5 lbs ply bag   Broccoli. Bock Choy. Spanish Onions (1"" x 1"" cut). Celery  Packed by: fresh Ideas Co., 18 Bunker Hill Industrial Park, Boston, MA 02129  Item # 00137 | Costa 1/16"" Sliced Onions, 5 lb poly bag (Item # 00254);  Costa 1/4"" Sliced Onions, 5 lb poly bag (Item #C50)  Packed by: Fresh Ideas Co., 18 Bunker Hill Industrial Park, Boston, MA 02129 | Calico bean Salad  5  lbs Poly Tub (Item #01409) packaged under Costa and Stop & Shop brand,  Item T1407, C1407, 5 lb Poly Bag  Black eye peas , wat"
,maker_linked,False,FDA,62390,2012-09-05,Pure Hothouse Foods Inc.,"Leamington, N/A",Meijer,Meijer,,"Markets of Meijer, fresh Grillers Aparagus Blend,  14 oz, Ingredients: Asparagus, Sweet Bell Peppers, Mushrooms,, Sweet White Onions, Product of Canada, Keep Refrigerated, Pre-heat grill or over to 450 F... Cook 15-20 minutes in oven/BBQ or 4-5 minutes in microwave... | Markets of Meijer, fresh Grillers Steak Toppers,  10 oz, Ingredients: Red Onions, Mushrooms, Product of Canada, Keep Refrigerated, Pre-heat grill or over to 450 F... Cook 15-20 minutes in oven/BBQ or 4-5 minutes in microwave... | Markets of Meijer, fresh Grillers, Mushrooms with Rosemary,  10 oz, Ingredients: Mushrooms, Rosemary, Product of Canada, Keep Refrigerated, Pre-heat grill or over to 450 F... Cook 15-20 minutes in oven/BBQ or 4-5 minutes in microwave..."
,maker_linked,False,FDA,62689,2012-09-12,Simmering Soups Inc.,"Cumberland, RI",Trader Joe's,Trader Joe's;Trader Jose's,,"Trader Joe's, Balela (A savory Middle Eastern salad with chickpeas, black beans and tomatoes). 8 ounces (227g). in clear rigid plastic containers with snap on lids. | Trader Jose's, Mild Salsa, 16 ounce (1 lb) 454g), in clear rigid plastic containers with snap on lids."
,maker_linked,False,FDA,62707,2012-09-19,"Garden-Fresh Foods, Inc.","Milwaukee, WI",Target,Market Pantry,,"Finest Traditions Blue Cheese Potato Salad, 8 lb., 10 733147 10137 4 | Dairy Fresh Special  Recipe Mustard Potato Salad, 16 oz.., 0 70163 98105 8 | Acme Creamed Cabbage, Net Wt. 16 oz., UPC 0 11596 14025 1 | Garden-Fresh Family Style Macaroni Salad	2060 5 lbs	0 11596 52060 5 | Red Potato Salads: 1) Garden-Fresh Red Potato Salad, 2 lb., 0 11596 24205 7; 2) Weis Red Potato Salad, 16 oz., 0 41497 05848, 5 lb., 0 11596 51105 4 | Reduced Fat Mustard Potato Salads: 1) Garden Fresh Reduced Fat Mustard Potato Salad, 5 lb., 0 11596 51202 0; 2) Market Pantry Reduced Fat Mustard Potato Salad, 16 oz., 0 85239 20016 2 | Dairy Fresh Special  Recipe Potato Salad, 16 oz.., 0 70163 98135 5 | Deviled Egg Potato Salads: ) Grandpas Deviled Egg Potato Salad, 1 lb., 0 11596 14012 4; 5 lb., 0 11596 51065 1; 3.5 oz., 0 11596 08005 5; 2) Copperwood Kitchens Deviled Egg Potato Salad, 00295 | Dairy Fresh Baked Potato Salad, 5 lb., 0 70163 40659 | DF Special Recipe Macaroni Salad, 16 oz.,  0 70163 98110 2 | Garden-Fresh Fresh Salsa, 15 oz., 0 11596 06137 5; 5 lbs.,0 11596 59010 3; 5 lbs., Roundys Fresh Salsa, 0 11596 59011 0; 15 oz., 0 11596 06117 7 | Archer Farms Four Bean Salad, 14 oz., 0 85239 24207 0 | Copperwood Kitchens Deviled Egg Potato Salad, 00295, 8/15/2012-8/20/2012 | Garden-Fresh Fresh Mango Salsa	5 lbs.	0 11596 59025 3 | Finest Traditions Roasted Garlic Potato Salad, 8 lb., 10 7 33147 10159 6 | German Potato Salads packaged under the following brand, dip name, container size, and UPC numbe"
,maker_linked,False,FDA,62794,2012-09-19,"Missa Bay, LLC","Swedesboro, NJ",Ahold Delhaize;Wegmans,Hannaford;Wegmans,,"Wawa baby carrots Net Wt 3 oz (85g) Distributed by: Wawa, Inc. Wawa, PA 19063 wawa.com  On or before August 16; UPC 2619102517 | Ready Pac Ready Snax Apples, Granola, & Yogurt Snack Pac Net Wt 4.3 OZ.  Distributed By Ready Pac Foods, Inc. Irwindale, CA 91706 USA 1-800-800-7822 www.readypac.com  On or before August 18; UPC 7774523089 | Ready Pac super fruit blend Net Wt 6 oz (170g)   Distributed By Ready Pac Foods Inc., Irwindale, CA 91706 USA 1-800-800-7822 www.readypac.com  On or before August 17; UPC 7774523076 | Hannaford Apples & Caramel Snack Pack Net Wt. 4 oz (113g) Distributed By: Hannaford Bros. Co., Scarborough, ME 04074 1-800-213-9040.  www.hannaford.com  On or before August 18 UPC 4126817191 | Wawa apple caramel dipper Net Wt 6.7 OZ (191g) Distributed by: Wawa, Inc. Wawa, PA 19063 wawa.com  On or before August 16; UPC 261900394 | McDonalds M Apple Slices Net Wt 1.2 oz (34g)  On or before August 19; no upc code | Ready Pac Sweet Sunshine Platter Net Wt 37 OZ )2 LB 5 OZ)  1.05 Kg Dist. by Ready Pac Foods, Inc., Irwindale, CA 91706 USA 1-800-800-7822 www.readypac.com  On or before August 16; UPC 7774524204 | McDonalds M Diced Apples Net Wt. 0.02 oz (26g)  On or before August 19; no upc code | Ready Pac Bistro Apple Bleu Pecan Salad Net Wt. 4.75 OZ (135g)  Dist. by Ready Pac Foods, Inc., Irwindale, CA 91706 USA  1-800-800-7822 www.readypac.com  On or before August 12; UPC 7774529497 | Wawa protein power pack Net Wt 7.8 OZ  Distributed by: Wawa, Inc. Wawa, PA 19063 wawa"
,maker_linked,False,FDA,63068,2012-09-26,"F & S Produce Co., Inc. (Site II)","Deerfield, NJ",Albertsons;Trader Joe's,Signature Cafe;Trader Joe's,,"Garden Pure Fresh Cut Mango 9 oz .(255 g) Best By: 08/28/12  and before Packed by F& S Produce Co. Inc. Headquarters, Rosehayn, NJ 06532    UPC 8 01172 20149 5 | SIgnature Cafe Fruit Basket Medley, 30 oz, Use By: AUG 28 12 and before   Distributed by Lucerne Foods, Inc., PO Box 99, Pleasonton, CA 94566-0009 1-877-232-4271  UPC 0 2113006918 7 | Mango Spears: 1) Delish Mango Spears Net Wt. 5 oz. (142 g) Enjoy by: 8/28/2012 and before Prepared for Walgreens Inc. Deerfield, Illinois 60015 Distributed by Walgreens UPC 0 49022 53700 2; Delish Mango Spears 1 lb .(454 g) UPC 0 49022 58823 3  2) Mango Spears Best if Sold By: 08/28/12 and before  16 oz (1 lb) Distributed by Wal-Mart Stores, Inc. Bentonville, AR 72716 | Fresh Cut Fruit Mango Chunks 1/5 lbs  Best Use By: 08/28/12  and before   F& S Produce Co. Inc. Headquarters, Rosenhayn, NJ 08532      No UPC | Garden Highway Tropical Mango Spinach Salad with Zesty Orange Vinaigrette 7 oz .(198 g)  Best if sold by: 8/28/12 and before   Distributed by:  Renaissance Food Group LLC Rancho Cordova, CA 95670   UPC 8 26766 801850 5 | Delish Fruit Burst 10 oz.(283 g)  Enjoy by: 8/28/12 Distributed by: Walgreen Co. 200 Wilmot Road, Deerfield, IL 60015 Distributed by Walgreens UPC 049022 55862 5 | Garden Pure Holiday Fruit Bowl 4 lbs (1.81kg) Best By: 8/28/12 and before   F& S Produce Co. Inc. Headquarters, Rosenhayn, NJ 08532      UPC 6 01172 00264 1 | Garden Highway Fresh Fruit Mango Medley 1 lb .(454 g)  Best if sold by: 8/28/12 and before Re"
,maker_linked,False,FDA,63062,2012-10-03,Ready Pac Foods Inc,"Irwindale, CA",Aldi,Season's Choice,,"Starbucks¿ Seasonal Harvest Fruit Blend, 6oz, UPC 6211171390, Use by dates 8/22/2012 through 9/7/2012 and 9/4/2012 & 9/5/2012. | Ready Pac¿ Gourmet Fruit Bowl, 64oz , UPC 7774522620, Use by dates 9/9/2012 or earlier and 9/7/2012 & 9/8/2012. | Ready Pac¿ Fruit & Chocolate  Platter, 40oz , UPC 7774523673, Use by dates 9/6/2012 & 9/7/2012 | Ready Pac¿ Seasons Choice"", 32oz, UPC 7774524276, Use by dates 9/8/2012 or earlier and 9/7/2012 & 9/8/2012. | Ready Pac¿ Sliced Mango, 10.5oz , UPC 7774523751, Use by dates 9/8/2012 or earlier, 9/6/2012 & 9/7/2012.  Ready Pac¿ Sliced Mango, 32oz, UPC 0000088356, Use by dates 9/6/2012 & 9/7/2012. Ready Pac¿ Sliced Mango, 32 oz, UPC 7774522859, Use by dates 9/8/2012 or earlier and 9/6/2012 & 9/7/2012. | Ready Pac¿ Sweet Sunshine  Platter, 37oz, UPC 7774524204, Use by dates 9/8/2012 or earlier and 9/6/2012 & 9/7/2012. | Fruit Mixes: 1) Dining In¿ Super Fruit Medley,10.5oz, UPC 1122508396, Use by date 9/6/2012; 2) Ready Pac¿ Super Fruit Blend, 6oz , UPC 7774523076, Use by Dates 9/8/2012 or earlier, 9/6/2012 & 9/7/2012; 3) Ready Pac¿ Super Fruit Medley, 10.5oz, UPC 7774523746, Use by dates 9/8/2012 or earlier, 9/6/2012 & 9/7/2012.  Ready Pac¿ Super Fruit Medley, 298g , UPC 7774524023, Use by dates 9/8/2012 or earlier and 9/8/2012. | Mango: 1) Dining In¿ Mango ,10.5oz , UPC 1122508640, Use by Date 9/7/2012; 2) Wawa¿ Mango, 8oz, UPC  2619106437, Use by dates 9/6/2012 or earlier. | Walmart¿ Seasonal Blend ,16oz, UPC 7774523761, Use by dates 9/6/2012 "
,maker_linked,False,FDA,63208,2012-10-17,United Salad Company,"Portland, OR",Trader Joe's,Trader Joe's,,"Mango Salsa    1) Garden Highway Plant Code:  P-002 brand Mango Salsa 9 oz UPC 826766-422005  2) Mary's Select brand Tropical Salsa 16 oz UPC 9250474578  3) Mary's Select brand Tropical Salsa 16 oz UPC 9250474569  4) Garden Highway Plant Code:  P-002 brand Salsa Tropical Fresh 11 oz UPC 826766-422104 | Fruit Mango diced, peeled halves or spears    1) United Salad Co. brand Mango Diced 5 lb no UPC  2) United Salad Co brand Mango Peeled Halves 1 lb not UPC  3) Garden Highway Plant Code:  P-002 Mango Spears 24 oz UPC 826766-214068 | Fruit Medley -  1) Zupan's brand Island Medley 12 oz UPC 92504723497  2) Mary's Select brand Island Fruit Medley - 12 oz UPC 9250473497  3) Mary's Select brand Fruit Mix Ensalada - 12 oz UPC 9250473216  4) Trader Joe's Plant Code: P-002 brand - Tropical Fruit Medley - 1 lb UPC 0094-9361"
,maker_linked,False,FDA,63193,2012-10-24,"Caito Foods Service, Inc.","Indianapolis, IN",Albertsons;Kroger;Trader Joe's,Kroger;Signature Cafe;Trader Joe's,,"Garden Highway, Chef Essentials, Mango Salsa, Net Wt  7 oz, UPC 8.26766-42208.1, Ingredients: Mango, Lime Juice, Red Onion, Mint, Jalapeno Pepper, Packed in It's Own Juice | Nice, Fruit Mango, Product of Mexico, single, 6 ct; UPC 0.4902252988.5 | DeLish, Garden Highway and Generic brands of Fruit Burst,  Ingredients: cantaloupe, pineapple, honeydew, watermelon, grapes, strawberries, mango,  blueberries packed in its Own Juice;   deLISH (Brand), fresh, ,  Prepared for Walgreen, Inc.  Deerfield, IL 60015, 10oz.   Generic (Brand ) Sold at Wal-Mart Stores: Fruit Burst:  16 oz (1 lb)  and 48 oz( 3 lbs); Garden Highway Brand 10 oz. , 16 oz (1 lb); 32 oz (2 lb) | Garden Highway, fresh, Mango spears,  packed in its Own Juice, Grown In: Mexico Net Wt 1 lb (454g), 1.5 lbs(680 g); 2 lbs (32 oz);   Delish Mango Spears  (5 oz, 1 lb) for Walgreens ;   Generic Label Mango Spears  for Kroger (1 lb) | Tropical Fruit Medley, Ingredients Pineapple, Mango & Papaya; Garden Highway ( brand)  Net Wt 1 lb, UPC 8.26766-26848.1  Trader Joe's, Nt. Wt. 16 oz (1 lb) 454 g, UPC 00949361  deLISH (brand) Nt. Wt. 10 oz.(285g), UPC 49022 53699 | Seasonal Blend Fresh Fruit, 16 oz (1 lb), UPC 8.26766-25534.4 and 32 oz (2 lb), UPC 8.26766.26805.4.Generic Label Sold at Wal-Mart Stores Ingredients Pineapple, Cantaloupe, Honeydew, Strawberries, Grapes, Mango | Garden Highway,Watermelon Mango Medley, Net Wt  7oz, UPC 8.26766-24062.3, Ingredients: Watermelon, Mango, Blueberries  in its Own Juice | deLISH, fresh, Pine"
,maker_linked,False,FDA,63257,2012-10-31,"Sunland, Incorporated","Portales, NM",Albertsons;Sprouts;Trader Joe's,Open Nature;Sprouts Farmers Market;Trader Joe's,,"Cadia All Natural Creamy Peanut Butter No Stir, 18 oz, UPC 815369010993. | Sunland Creamy Peanut Butter with Sea Salt, 40 oz, UPC 4868709915, Gluten Free, Produced by Sunland Inc, Portales, NM 88130. | Sunland Creamy Peanut Butter, 12 oz, UPC 4868726910; 5 lb UPC 22704; 40 lb UPC 22705; 40 lb UPC 22725; 500 lb UPC 26527; 18 oz UPC 4868726909; 15 lb 4868732722; 500 lb UPC 36527; 30 lb UPC 47730; 40 lb UPC 081725; 35 lb UPC 4868786724; 50 lb UPC 086301.  Produced by Sunland Inc, Portales, NM 88130 | Heinen's Organic Peanut Butter Creamy 16 oz, UPC 2060140046; made for and distributed by Heinen's Inc, 4540 Richmond Road, Warrensville Heights, Ohio 44128.  Labeling is green, yellow, and white with white, red, green and black print writing. | Sunland Organic Valencia Roasted Blanched and Salted Peanuts, 30 lbs UPC 83326. | Sunland Organic Creamy Valencia Peanut Butter, 16 oz, UPC 048687329700;   500 g, UPC 48687328093. | Sunland Sesame Tahini, 40 lbs, UPC 4868771725, manufactured by Sunland, Inc, Portales, NM 88130. | Harry and David Crunchy Almond and Peanut Butter, 12 oz, Made for: Harry and David, Medford, OR 97501.  Labeling is brown, green, and white with black print writing.  UPC 8099473873. | Sprouts Farmers Market Crunchy Almond Butter, 16 oz, UPC 7487500434, Manufactured Exclusively for Sprouts Farmers Market, Phoenix, Arizona 85028. | Natural Value Organic Creamy Peanut Butter with Salt, 15 lb, UPC 910039. | Sunland Valencia Organic Creamy Peanut Butter, 10 oz UPC 486873"
,maker_linked,False,FDA,63480,2012-11-21,Dean Foods Company,"Dallas, TX",Western Family,Western Family,,"Albertsons Peanut Butter Cup Ice Cream, 1.5 QTS (1.42 L)(vanilla ice cream with peanut butter cup pieces, fudge and peanut butter swirls) | Albertsons Peanut Butter Chocoate Ice Cream, 1.5 QTS (1.42 L),  (chocolate ice cream with a peanut butter swirl) | Western Family ""Creamery Select"" Premium Ice Cream Peanut Butter Cup, 1.5 QTS (1.42 L), (vanilla ice cream with peanut butter cup pieces, fudge swirl, and peanut butter ribbon)"
,maker_linked,False,FDA,63845,2012-12-26,"Riviana International, Inc","Houston, TX",Ahold Delhaize;Western Family,Hannaford;Shurfine,,"Yellow rice mixes with the following g brand names:  (1) Shurfine brand Yellow Rice with Saffron, NET WT 5 OZ (142g), distributed by TOPCO ASSOCIATES, LLC, 7711 GROSS POINT ROAD, SKOKIE, IL  60077. UPC 011161159834 and (2) Hannaford brand Yellow Rice with real saffron & other seasonings, NET WT. 5 OZ (142g), distributed by HANNAFORD BROS. CO., SCARBOROUGH, ME  04074. UPC 041268184699"
,maker_linked,False,FDA,63735,2013-01-16,Maplehurst Deli-Bake South Inc,"Carrollton, GA",Publix,Publix,,"Publix 7 Chocolate Split Layers, Net Wt. 12.75 lbs. (24 count), frozen in bulk paper cartons to be frosted and sold individually at the retail stores. | Publix 7 Yellow Special Blend Layers, Net Wt. 14.25 lbs. (24 count), frozen in bulk paper cartons to be frosted and sold individually at the retail stores."
,maker_linked,False,FDA,63943,2013-01-23,Naturally Fresh Inc.,"Atlanta, GA",Walmart,Marketside,,"Marketside, Chunky Bleu Cheese Dressing, Net Wt. 14 fl. oz (414)mL, Manufactured For Marketside, a division of Wal-Mart Stores, Inc., Bentonville, AR 72716."
,maker_linked,False,FDA,63798,2013-02-13,"Acme Food Sales, Inc","Seattle, WA",Western Family,Western Family,,"Canned mandarin oranges labeled in part: ""WESTERN FAMILY Choice Selections Mandarin Oranges Naturally Sweet in Mandarin Orange Juice NET WT 10.5OZ (297g)***Ingredients: Mandarin Oranges, Mandarin Orange Juice.  Proudly Distributed by Western Family P.O. Box 4057, Portland, OR 97208 U.S.A.***Product of China***0 15400 01241 6***"""
,maker_linked,False,FDA,64187,2013-02-27,Bimbo Bakeries Usa,"Horsham, PA",Publix,Publix,,"Sara Lee Deluxe Bagels, 20 oz packages; BLUEBERRY,  PLAIN, CINNAMON RAISIN,and HONEY WHEAT varieties. | Thomas' Bagels, 1 lb 4 oz packages; EVERYTHING, ONION, BLUEBERRY, PLAIN, CINNAMON RAISIN, HEARTY GRAINS 100% WHOLE WHEAT, CINNAMON SWIRL and HONEY WHEAT varieties. | Weight Watchers 6 Original Bagels, 15 oz packages | Publix Premium Bagels, 20 oz packages; ORIGINAL, MULTI-GRAIN, and CINNAMON RAISIN SWIRL varieties."
,maker_linked,False,FDA,64203,2013-03-06,"Giant Greens, Inc.","Kent, WA",Trader Joe's,Trader Joe's,,"Wheatgrass is packaged in a pint or cup, 16 oz. bag, or 5 lb. Flat cardboard box and sold under the Sprouters Northwest brand.     The Wheatgrass in a pint or cup has UPC 0 79566 12380 5;  The wheatgrass in 16 oz. bag or 5 lb. Flat cardboard box does not have any UPC.      The wheatgrass, Sprouters Northwest, pint or cup., is labeled in parts: ""***Wheatgrass***CERTIFIED ORGANIC***Pint***Sprouters NORTHWEST, INC.***KENT, WA 98032***"".      The wheatgrass in 16 oz. bag is labeled in parts: ""***ORGANIC WHEATGRASS***SKU# 16OZCW***Keep Refrigerated***Not For Retail Sales as Packaged***"".      The wheatgrass in 5 lb. Flat cardboard box is labeled in parts: ""***Wheatgrass***1 Ea. 21""X21"" Wheatgrass/case***Item 40019***"". | Clover sprouts, product is packaged in a 4 oz or 5 oz. clamshell containers, and 1 lb. bag or 2 lb. tray.  Product is sold under brand Sprouters Northwest.    Clover Sprouts, 4oz container, has a UPC 8 15098 00201 6;  Clover Sprouts, 5oz container, has a UPC 0 33383 70235 3;  Clover Sprouts, 1 lb bag, has a UPC 0 79566 12351 5;  Clover Sprouts, 2 lb tray, has a UPC 0 79566 12351 5;    The Clover Sprouts, 4 oz., Sprouters Northwest brand is labeled in parts: ""***CLOVER SPROUTS***Sprouters NORTHWEST***NET WT 4.0 oz***KEEP REFRIGERATED***DISTRIBUTED BY: SPROUTERS NORTHWEST, KENT, WA 98032***www.SproutersNorthwest.com***"".      The Clover Sprouts, 5 oz., Sprouters Northwest brand is labeled in parts: ""***CLOVER ***Sprouters NORTHWEST, INC. KENT, WA 98032***NET WT 5.0 "
,maker_linked,False,FDA,63456,2013-03-20,Hines Nut Co,"Dallas, TX",Dollar General,Clover Valley,,"The HINES package is a cello/poly laminated bag, predominately blue, with a yellow label stating ""SALTED JUMBO VIRGINIA PEANUTS"" packed as 8 oz, 10 oz, 12 oz, 16 oz and 24 oz; Hines also packages three ""theme"" cello/poly laminated bags that are 5.5oz each.  The themes for these bags are:  1) Independence Day - red, white and blue in color with a stylized flag on the front; 2) Football Season - with a football on the front; and Hunting Season - with a camouflage motif on the front of the bag.  The Dollar General Clover Valley package is a cello/poly laminated bag, predominately white with red trim and red lettering.  These bags are packaged as 8 oz bags."
,maker_linked,False,FDA,64597,2013-03-20,"Bay Valley Foods LLC/ TreeHouse Foods, Inc","Oak Brook, IL",Meijer;Western Family,Meijer;Western Family,,"55613130643    Our Specialty Linguini & Parmesan,  Linguini pasta with naturally flavored Parmesan & Romano Cheese Sauce Mix, Net WT 5.8 oz ( 164g), UPC 0 55049 00602 5, Distributed by S.T. Specialty Foods, Inc, Brooklyn Park, MN 55455. | 55613210946    Western Family, Easy Sides, Herb & Butter Pene, Net WT 5.5 oz (156 g), UPC ""0 15400 12655 7"", Proudly Distributed by Western Family Foods, Inc., P.O. Box 4057, Portland OR, 97208 | 556132100582    Meijer, Angel Hair Pasta with Herbs  Angel Hair Pasta with Creamy Herb Sauce Mix , Net WT 4.8 oz ( 136g), UPC 7 19283 73636 95, Dist. by Meijer Distribution Inc., Grand Rapids, MI 49544. | 55613205218    Pasta on the Side,  Angel Hair Pasta with Herbs, Net WT 4.8 oz ( 136g), UPC 0 51933 08275 5, Distributed by Save- A- Lot Food Stores LTD, Earth City, MO 63045."
,maker_linked,False,FDA,64617,2013-03-27,Pan -O- Gold Baking Co,"Saint Cloud, MN",UNFI/SuperValu,Essential Everyday,,"Rye bread with the following brands:    Village Hearth , Rye Cottage Bread, NET WT 24 OZ ( 1 LB 8OZ) (680g) , East Coast Caraway Rye, NET WT 20 OZ (1 LB 4 OZ (567g) , PAN-O-GOLD VILLAGE HEARTH BAKER ST, ST. CLOUD, MN 56302.    	Cub Foods, Deli Rye, NET WT 16 OZ (1 LB) 454 g, Distributed by SUPERVALU INC., Eden prairie, MN 55344.    	Essential Everyday, Deli Rye Bread, NET WT 16 OZ (1 LB) 454 g Distributed by Supervalu Inc., Eden Prairie, MN 55344,                          Flvorite, Deli Rye, NET WT 16 OZ (1 lb) 454 g, Distributed by SUPERVALU INC., Eden prairie, MN 55344.    	Family Choice, Northern Rye Bread, NET WT 16OZ (1 LB) (454G), Seeded Bye Bread, NET WT 20 OZ (1 LB 4 OZ) (567g),  Unseeded Rye Bread, NET WT 20 OZ (1 LB 4 OZ) (567g), PAN-O-GOLD VILLAGE HEARTH BAKER ST, ST. CLOUD, MN 56302.    	Piggly Wiggly, Rye, Seeded Caraway Rye, NET WT 20 OZ (1LB 4 OZ) 568g., distributed by Piggly Wiggly LLC, Keene, NH 03431.    	Food  Club, Rye, NET WT 16 OZ (1 LB) 454g., Distributed by Topco Associates LLC, 7711 Gross Point Road, Skokie, ILL 60077.    	Shurfresh, Rye, Seeded Rye, Unseeded Rye, NET WT 16 OZ (1LB) 454g & 20 OZ (1LB 4 OZ) 567g., Distributed by Topco Associates LLC, 7711 Gross Point Road, Skokie, ILL 60077."
,maker_linked,False,FDA,64428,2013-03-27,Conagra Inc,"Omaha, NE",Walmart,Great Value,,"Great Value All Natural Medium Chunky Salsa, 24 oz (1lb 8oz) 680 g.; UPC 007874208640; Distributed by: Wal-Mart Stores, Inc, Bentonville, AR | Great Value All Natural Hot Chunky Salsa, 24 oz (1lb 8oz) 680 g.; UPC 0078745208641; Distributed by: Wal-Mart Stores, Inc, Bentonville, AR | Great Value Salsa Mild, 16 oz (1lb) 454 g.; UPC 007874212780; Distributed by: Wal-Mart Stores, Inc, Bentonville, AR | Great Value All Natural Mild Chunky Salsa, 24 oz (1-lb 8-oz) 680 g.; UPC 007874208639; Distributed by: Wal-Mart Stores, Inc, Bentonville, AR"
,maker_linked,False,FDA,64496,2013-03-27,"Blue Planet Foods, Inc.","Collegedale, TN",Ahold Delhaize,Hannaford,,"Heartland, AMERICA'S ORIGINAL, Fruit & Nut Harvest Granola Cereal, NET WT 14 OZ. (397g), UPC 024300090387 | Hannaford Autumn Spice Granola, UPC 041268186327, NET WT. 14 OZ (397g) | Blue Planet, 10311 9 Grain Granola, NET WEIGHT 900 lbs (bulk product) | Trio shipper which includes two of the recalled products:  Heartland, AMERICA'S ORIGINAL, Harvest Spice Granola Cereal, NET WT 14 OZ. (397g), UPC 024300090394 and Heartland, AMERICA'S ORIGINAL, Fruit & Nut Harvest Granola Cereal, NET WT 14 OZ. (397g), UPC 024300090387 | 10310 CRANBERRY ALMOND GRANOLA, 4/48 OZ. | #38605020 ORTH TRANSMART(TM) PRE-BAKED CRISP TOPPING, NET WEIGHT 30 LBS. (13.6 kg) | Heartland, AMERICA'S ORIGINAL, Harvest Spice Granola Cereal, NET WT 14 OZ. (397g), UPC 024300090394"
,maker_linked,False,FDA,64412,2013-03-27,Bimbo Bakeries Usa,"Horsham, PA",Aldi,L'oven Fresh,,"Harmons 100% Multi-Grain Wide Pan Oven-Baked Bread, NET WT 24 OZ (1LB 8 OZ) 680g | Arnold Healthfull 45 Calories Per Slice Multigrain Bread, 1 LB 2 OZ (510g) | Sara Lee Multi-Grain Thin Style Buns, NET WT 12 OZ (340g) | Earthgrains 12 Grain Natural Bread, NET WT 1 LB 8 OZ (680g) | Brownberry Healthfull Nutty Grain Bread, 1 LB 8 OZ (680g) | Farm Bread All Natural Multi-Grain, NET WT 24 OZ (1 LB 8 OZ) 680g | Aldi L'Oven Fresh Hearty 12 Grain Bread, NET WT 24 OZ (1 LB 8 OZ) 680g | Brownberry Grains & More Double Protein Bread, 1 LB 8 OZ (680g) | Brownberry Dutch Country 100% Whole Grain Bread, 1 LB 8 OZ (680g) | Arnold Dutch Country 100% Whole Grain Bread, 1 LB 8 OZ (680g) | Brownberry Healthfull 45 Calories Per Slice Multigrain Bread, 1 LB 2 OZ (510g) | Sara Lee 12 Grain Bread Hearty & Delicious, 24 OZ (1LB 8OZ) 680g | Stroehmann Dutch Country 100% Whole Grain Bread, 1 LB 8 OZ (680g)"
,maker_linked,False,FDA,64899,2013-04-24,"Two Chefs On A Roll, Inc","Carson, CA",Trader Joe's,Trader Joe's,,"Trader Joe's Hummus Salad Dressing 12 oz., 12 units/case, SKU 96752. | Trader Joe's Roasted Garlic Hummus Dip 7 oz., 24 units/case, SKU 20648. | Trader Joe's Chunky Olive Hummus 7 oz., 24 units/case, SKU 75347. | Trader Joe's Mediterranean Hummus Snack Pack with Pita Chips 8 oz., 24 units/case, SKU 97136. | Trader Joe's Spicy Hummus Dip 7 oz., 24 units/case, SKU 38056. | Trader Joe's Tomato Basil Hummus Dip 7 oz., 24 units/case, SKU 21953. | Trader Joe's Hummus Dip     Size: 16 oz., 12 units/case, SKU 20411.    Size: 7 oz, 24 units/case, SKU 15735. | Trader Joe's Mediterranean Hummus 16 oz., 12 units/case, SKU 90642. | Trader Joe's Three Layer Hummus Dip 12 oz., 12 units/case, SKU 80867."
,maker_linked,False,FDA,64917,2013-05-01,Cedarlane Natural Foods Inc/Frankly Fresh Foods Inc.,"Carson, CA",Albertsons,O Organics,,O Organics Black Bean Enchiladas 9 oz.
,maker_linked,False,FDA,64914,2013-05-29,"Clement Pappas & Co., Inc.","Carneys Point, NJ",Ahold Delhaize;Kroger;Publix;Trader Joe's;UNFI/SuperValu;Wegmans,Giant Eagle;GreenWise;Kroger;Nature's Promise;Publix;Simple Truth;Trader Joe's;Wegmans;Wild Harvest,,"Publix Market Greenwise Organic Cranberry Flavored Juice Blend 64 FL OZ (2 QTS) 1.89 L UPC 041415049208  Distributed by Publix Supermarkets Inc. Lakeland, FL 33802 publix.com | Heinen's organic 100% Apple Juice 64 FL. OZ. (2QT) 1.89L  UPC 020601403031 Distributed by: Heinen's, Inc, Warrensville Heights, OH 44128 | wild harvest organic apple juice 64 FL OZ (2 QTS) 1.89L UPC 011535025567 Distributed by Supervalu Inc. Eden Prairie, MN 55344 USA | Greenway Organic Apple Juice From Concentrate 64 FL Oz (2 QTS) 1.89L  UPC 70625348405  Distributed by OnPoint Inc. 2 Paragon Drive Montvale, NJ 07645 | Organics Nature's Promise Organic Cranberry Juice Blend   UPC 688267036163  - 64 FL OZ (2 QT) 1.89L    Distributed by Foodhold USA LLC Landover, MD 20785  1-877-846-9949 | Giant Eagle Nature's Basket Organic Apple Juice Net  64 FL OZ (2 QT) 1.89 L   UPC 030034056063  Distributed by Giant Eagle Inc. Pittsburgh, PA 15238-2809 | 1) Organics Nature's Promise Organic  Apple Juice   64 FL OZ (2 QT) 1.89L UPC 688267036156       Distributed by Foodhold USA LLC Landover, MD 20785  1-877-846-9949      2) Organics Nature's Promise Organic Apple Juice   6.75 FL OZ (200 mL)  UPC 688267063107   Distributed by Foodhold USA LLC Landover, MD 20785  1-877-846-9949 | Wegmans Organic Cranberry Juice Blend 64 FL OZ (2 QT) 1.89 L UPC 077890266892   Distributed by: Wegmans Food Markets, Inc. Rochester, NY 14603 | Harris Teeter Organics Apple Juice 64 FL OZ (2 QT) 1.89 L  UPC 072036764324  Proudly distributed b"
,maker_linked,False,FDA,63268,2013-06-05,The Sourdough: A European Bakery Inc.,"Houston, TX",Whole Foods,Whole Foods Market,,"Whole Foods 3 oz Peanut Butter Cookies sold under PLU 47963 from the retail store self-serve pastry case. | Whole Foods Mini Peanut Butter Cookies 12 pack sold in small, plain brown bags featuring a cellophane window on the front with an oval Whole Foods Market sticker that reads ""mini peanut butter cookies - OLD-FASHIONED TREATS FROM WHOLE FOOD MARKET-""  PLU 22096100000 | Whole Foods 3 oz  Peanut Butter Chocolate Chunk Cookies sold under PLU 47963 from the retail store self-serve pastry case."
,maker_linked,False,FDA,64831,2013-06-12,"Chemi- Source Inc, Nutra Pak","Grand Rapids, MI",Sprouts,Sprouts Farmers Market,,"All Natural Whey - Natural Flavor 1.89 LBS: Whey Protein Concentrate and Isolate, Casein/Caseinate, Nitrozyme    UPC 6-09492 72000-9 : | Casein - 100% Micellar Casein - Rich Chocolate¿2.02 LBS: Soy Lecithin,Casein/Caseinate, Cocoa  UPC 6-09492 72240-9 | Fruit-N-Whey 2.03lbs and Fruit-N-Whey Mixed Berries 2.03 lbs: Whey Protein/Isolate, Soy Lecithin. Contains: Dairy, Benefruit Blend, Natural Berry Flavors  UPC 6-09492 72065-8 | Low Carb Protein¿ -¿ Creamy Chocolate¿1.78 LBS: Whey Protein/Isolate, Soy Lecithin, Casein/Caseinate, Cocoa  UPC 6-09492 72017-7 | Isolate Whey Protein French Vanilla 1.99 LBS: Whey Protein Concentrate/ Isolate, Casein/Caseinate, Contains: Soy, Dairy, Xylitol  UPC 6-09492 73011-4 | Sprouts Farmers Market Whey Protein Chocolate:  1 lbs, 2 lbs  : Whey Protein/Isolate, Soy Lecithin UPC 6-46670 68120-2 (1 lbs)  UPC 6-46670 68126-4 (2 lbs) | Massive Muscle Gainer- Weight Gainer¿ French Vanilla¿10 LBS: Whey Protein/Isolate, Soy Lecithin, Casein/Caseinate  UPC 6-09492 73003-9 | Casein - 100% Micellar Casein - Vanilla Ice Cream¿2.04 LBS: Soy Lecithin,Casein/Caseinate  UPC 6-09492 72241-6 | Metabolic Whey - Vanilla¿5 LBS French Vanilla 10lbs: Whey Protein/Isolate, Soy Lecithin  UPC 6-09492 72051-1 (VANILLA)  UPC 6-09492 72054-2 (FRENCH VANILLA) | All Natural Gainer- Rich Vanilla¿3.3 LBS: Whey Protein/Isolate, Soy Lecithin, Casein/Caseinate  UPC 6-09492 73003-9 | All Natural Gainer - Chocolate¿3.3 LBS: Whey Protein/Isolate, Soy Lecithin, Casein/Caseinate, Cocoa  "
,maker_linked,False,FDA,65256,2013-06-12,HP Hood LLC,"Vernon, NY",Ahold Delhaize;Aldi;Western Family,Friendly Farms;Hannaford;Shurfine;Western Family,,"1% Low Fat Cottage Cheese distributed under the following labels and sizes: (a) Fiber One brand Lowfat Cottage Cheese, 1% Milkfat Minimum, NET WT, 16 OZ (453g), UPC 041483035585, DISTRIBUTED BY HP HOOD LLC, LYNNFIELD, MA 01940; (b) Hood brand Low Fat Cottage Cheese, SMALL CURD, 1% MILKFAT, NET WT 24 OZ (680g), UPC 044100106330; HP HOOD LLC, LYNNFIELD, MA 01940; (c) Hannaford brand Lowfat Cottage Cheese, 1% milkfat, small curd, NET WT. 24 OZ (680g), UPC 041268148615, DISTRIBUTED BY; HANNAFORD BROS. CO., SCARBOROUGH, ME 04074; (d) Weis brand lowfat cottage cheese, SMALL CURD, 1% MILKFAT, NET WT 24 OZ (1 LB 8 OZ) 680g, UPC 041497096886, PACKED FOR WEIS MARKETS, INC., SUNBURY, PA 17801; (e) Big Y brand Small Curd Low Fat Cottage Cheese, 1% MILKFAT, NET WT 24 OZ (1 LB 8Z) 680g, UPC 018894300977, DISTRIBUTED BY: BIG Y FOODS, INC., SPRINGFIELD, MA 01104; (f) Market Basket brand Lowfat Cottage Cheese, Small Curd, 1% Milkfat, NET Wt. 24 OZ. (680g), UPC 049705682968, PACKED EXCLUSIVELY FOR DEMOULAS SUPERMARKETS INC., TEWKSBURY, MA 01876; (g) Shurfine brand LOWFAT Cottage Cheese, 1% MILKFAT, NET WT 24 OZ (1 LB 8 OZ) 680g, UPC 015400834605, Proudly Distributed By: Western Family Foods, Inc., Portland, OR 97208; (h) Friendly Farms brand Small Curd Cottage Cheese, Low Fat, 1% MILKFAT, NET WT 24 OZ (1 LB 8 OZ) 680 g, UPC 041498154905. | Cottage Cheese with Chive distributed under the following labels and sizes: (a) Hood brand Cottage Cheese with Chive, SMALL CURD 4% MILKFAT, NET WT. 16 OZ. "
,maker_linked,False,FDA,65351,2013-06-19,"American Importing Co, Inc","Minneapolis, MN",Target,Market Pantry,,"Market Pantry, Sweet & Salty Mix, NET WT 3 oz (85g), UPC 0 85239 08131 0, INGREDIENTS: Peanuts (peanuts...) ...Honey Roasted Peanuts...Honey Roasted Soy Nuts(soybeans...)., CONTAINS PEANUTS AND SOY,  May contain tree nuts, milk, wheat and eggs.    Distributed by Target Corporation, Minneapolis, MN 55403."
,maker_linked,False,FDA,64016,2013-06-19,Southwest Ice Cream Specialties,"Mckinney, TX",Western Family,Shurfine,,"""Shurfine CREAMERY SELECT PREMIUM ICE CREAM Dulce de Leche Caramel Swirled in Caramel Ice Cream KEEP FROZEN 1.75 QUARTS (1.66L)"" is displayed on the carton's label in error.  The lid bears the label ""Shurfine CREAMERY SELECT PREMIUM ICE CREAM Praline Pecan KEEP FROZEN 1.75 QUARTS (1.661L)"".  The product bears UPC 015400224840, a Best Buy date of NOV 8, 2014, and a Plant Code of 48-3202-F."
,maker_linked,True,FDA,65167,2013-07-03,BIMBO Bakeries USA,"Horsham, PA",Kroger;Walmart,Great Value;Kroger,,"Foodservice Hamburger Buns - 12 Count    Earthgrains Baking companies, Inc.  Horsham, PA 19044 | Hot Dog Buns  8 Count  Earthgrains Baking companies, Inc.  Horsham, PA 19044 | Kerns Beef Buns - 12 count    Distributed By: K-VA-T Food Stores, Inc., Arbingdon, VA 24210 | Kroger White Jumbo Hamburger Buns - 8 Buns    Distributed By: The Kroger Co. Cincinnati, Ohio 45202 | Great Value 8 Jumbo Hamburger Buns     Distributed By: Wal-Mart Stores, inc., Bentonville, AR 72716 | 8 Bakery Buns Sara Lee Hearty & Delicious Sesame Seed  and  Sara Lee Gourmet Sesame Seed Hamburger Buns Restaurant Style - 12 count    Sara Lee, Downers Grove, IL 60515 | Sara Lee Classic White 12 Hamburger Buns    Sara Lee, Downers Grove, IL  60515 | Kroger Sandwich Enriched Buns - 12 count    Distributed By: The Kroger Co., Cincinnati, Ohio 45202 | Hamburger Buns     Bimbo Bakeries USA  255 Business Center Dr.  Horsham, PA 19044    Food Service Hamburger Buns, Seeded and Unseeded, all counts: | Colonial 12 Seeded Enriched Buns     Sara Lee, Downers, Grove, IL 60515 | 8 Bakery Buns Sara Lee Hearty & Delicious White     Sara Lee, Downers Grove, IL 60515 | Colonial Party Pack Sesame Seed Enriched Buns - 12 count    Sara Lee, Downers Grove, IL 60515 | Foodservice Hamburger Buns - 20 Count  Earthgrains Baking companies, Inc.  Horsham, PA 19044 | Foodservice 100% Whole Wheat Hamburger Buns - 12 Ct    Earthgrains Baking companies, Inc.  Horsham, PA 19044 | Sara Lee Hearty & Delicious  100% Whole Wheat  8 Bakery Buns"
,maker_linked,False,FDA,65570,2013-07-17,Torn & Glasser Inc.,"East Rancho Dominguez, CA",Sprouts,Sprouts,,"Torn and Glasser Brand Roasted & Salted Natural Pistachios, 8 oz.    24/8oz Case.    Labeling reads in part:""TORN & GLASSER***ROASTED & SALTED NATURAL PISTACHIOS***NET WT. 8 OZ***Packed by:Torn & Glasser, Los Angeles, CA***"" | Roasted and Salted Pistachios packed under the following brand names and packaging:    Sprouts Brand Roasted & Salted Pistachios, various weights. into 12 individual plastic bags with various weights per unit, then packaged into 10 lbs cardboard box. .    Sun Harvest Brand Roasted & Salted Pistachios, 12 oz., packaged in plastic bag then packed into cardboard case. 24/12oz.     Hilo Brand Roasted & Salted Pistachios, 16 oz., plastic bags, packed into 12/1lb case. Individual 1 lb plastic bag labeling. Outer case #H460-084; 12/1 LB (454g)."
,maker_linked,False,FDA,63233,2013-07-17,"GHSW, LLC","Houston, TX",Albertsons,Signature Cafe,,"Garden Highway Fresh Fruit No Preservatives Perishable Keep Refrigerated Island Medley Net Wt. 1 lb (454g) Renaissance Food Group LLC Rancho Cordova, CA 95670 www.gardenhighway.com  Ingredients:  Pineapple, Mango, Papaya Packed in its own juice, UPC Code:  826766201044 | Signature CAFE Fruit Basket Medley Perishable Keep Refrigerated NET WT 30 oz (1 LB 14 OZ) 850g Ingredients:  Red Grapes, Pineapple, Cantaloupe, Mango, Watermelon, Apples (Apples, Calcium Ascorbate [a blend of calcium and vitamins to maintain color] Distributed By Lucerne Foods, Inc. P.O. Box 99, Pleasanton, CA 94566-0009, UPC 021130069187 | Fruit Burst, ingredients: Cantaloupe, Pineapple, Honeydew, Watermelon, Red Grapes, Mango, Strawberries, Blueberries: 1) Garden Highway Fresh Fruit No Preservatives Perishable Keep Refrigerated, Net Wts 1 lb, UPC 826766241071  and 1.5 lbs., UPC 826766241279; 2)  Fruit Burst Net Wt. 1 lb Renaissance Food Group LLC Rancho Cordova, CA 95670 www.gardenhighway.com.  Packed in its own juice., UPC 826766241279; 2) Winn-Dixie, Jacksonville, FL 32254 Perishable, Keep Refrigerated  Net Wts 1 lb (454g)  UPC 021140017017,  and 1.5 lb (680g), UPC 021140017079 | Mango Spears: 1) Garden Highway Fresh Fruit Perishable Keep Refrigerated Mango Spears Net Wt 1 LB (454g) Renaissance Food Group LLC ,Rancho Cordova, CA 95670 www.gardenhighway.com Ingredients:  Mango Packed in its own juice; UPC:  826766268498   2) Mango Spears 1 lb (454g) Ingredients:  Mango Packed in its own juice.  Distributed"
,maker_linked,False,FDA,65447,2013-07-31,"American Importing Co, Inc","Minneapolis, MN",Hy-Vee,Hy-Vee,,"Smart Sense Fruit & Granola Trail Mix, Net WT 4.0 oz , UPC 8 83967 29091 8, Distributed by Kmart corporation, Hoffman Estates, Il 60179, Minneapolis, MN 55414. | Orchard Reserve, Fiber Health Blend, Net WT 6.5 oz , UPC 0 71725 74211 7, Distributed by Amport Foods, Minneapolis, MN 55414. | Vanilla almond granola, Net WT 16 oz(454g), UPC 0 71725 71239 4, Distributed by American Importing Co., Inc, Minneapolis, MN 55414.    Vanilla Almond Granola, Net Wt 16 oz (454g), UPC 7 25439 20038 7,  Distributed by DZA Brands LLC, Salisbury,NC 28147.    Hy-Vee Granola Vanilla Almond, 24 oz,  UPC 71725 71239    Amport, Granola, Vanilla Almond, 22 oz, UPC 71725 72512"
,maker_linked,False,FDA,66146,2013-09-11,The Seafood Exchange Of Fla,"Raleigh, NC",H-E-B,H-E-B,,"H-E-B Jumbo Butterfly Shrimp-10.5 oz Box, 20 units per case"
,maker_linked,False,FDA,66085,2013-09-11,Conagra Inc,"Omaha, NE",Kroger,Kroger,,"Kroger Break 'N Bake Chocolate Chip Cookie Dough, refrigerated dough, packaged in 16.0 oz. plastic package."
,maker_linked,False,FDA,66005,2013-09-25,Tasty Bake Inc,"Baker City, OR",WinCo,WinCo,,"Frozen dough balls are sold under brand name Winco or Tasty Bake:    Item # 04018 is 17 oz wheat dough ball, Winco brand, individually wrapped in plastic bag with label for retail use, UPC 0 31693 04018 9;    Item # 00518 is 17 oz white dough ball, Winco brand, individually wrapped in plastic bag with label for retail use, UPC 0 31693 00518 8;    Item # 00520 is Tasty Bake original 20 oz dough ball, BULK packed with 30 individual plastic bags per case for food service use,UPC 0 31693 00520 1;     Item # 00525 is Tasty Bake original 25 oz dough ball, BULK packed with 24 individual plastic bags per case for food service use, UPC 0 31693 00525 6;    Item # 00530 is Tasty Bake original 30 oz dough ball, BULK packed with 20 individual plastic bags per case for food service use,UPC 0 31693 00530 0.    The Winco's label is read in parts: ""***Pizza Dough***Roll out crust to desired size***Top with favorite toppings***Baked at 400F  for 15 to 20 minutes or until golden brown***"".    The Cooking instructions is labeled in parts: ""***CRUST & DOUGH HANDLING***DOUGH BALLS***Cooking Guidelines for Dough Balls***Deck***Oven Temp 450-475F***Cook time 12-18 minutes****Conveyor***Oven Temp 500F***Cook time 5-9 minutes***Convection***Oven Temp 400-425F***Cook time 7-12 minutes***Tasty Bake, Inc.***1945 8th Street***Baker City, OR 97814***(800) 753-2112***(541) 523-5323***Fax: (541) 523-4764***"
,maker_linked,False,FDA,66302,2013-10-02,"Shenandoah Growers, Inc.","Harrisonburg, VA",Ahold Delhaize,Giant,,"Basil, fresh, Giant brand, packaged in 2.5 oz. package and labeled in part ***Distributed by FoodHold USA Landover, MD 20785*** | Fresh Herbs Everyday Basil, Shenandoah Growers brand, packaged in .75 oz; 2 oz.; and 2.5 oz. in 3 count and 6 count cardboard sleeves and labeled in part ***Shenandoah Growers Inc., Harrisonburg, Va 22802***"
,maker_linked,False,FDA,66271,2013-10-02,"Maplehurst Bakeries, Inc.","Brownsburg, IN",Meijer,Meijer,,Meijer 8 Inch Carrot Uniced Split Cake Layers (product is packed in bulk cartons of 24 units/paper bags lined with flexible blue plastic liner).
,maker_linked,False,FDA,66718,2013-11-27,Ghiringhelli Specialty Foods Inc.,"Vallejo, CA",Trader Joe's,Trader Giotto's;Trader Joe's,,"Trader Giotto's CAESAR Salad with Caesar Dressing;  Perishable, keep refrigerated.  Packaged in Net Wt. 8.5 oz (241 g) plastic clamshell.    Manufactured for Trader Joe's  Manufactured by Ghiringhelli Specialty Foods, inc.  Vallejo, CA 94950."
,maker_linked,False,FDA,66697,2013-11-27,"World Class Distribution, Inc.","Fontana, CA",Trader Joe's,Trader Joe's,,"Trader Joe's Southwest Salads, 9oz.    Packaged in plastic clamshell with ranch dressing packaged in plastic sealed solo cup.    Product labeling reads in part:""TRADER JOE'S ***SOUTHWEST SALAD with Black Beans, Corn, Cotija Cheese and a tangy Ranch Dressing***NET WT. 9 OZ (255g)***DIST. & SOLD EXCLUSIVELY BY: TRADER JOE'S MONROVIA, CA 91016***""."
,maker_linked,False,FDA,66677,2013-12-11,"Garden-Fresh Foods, Inc.","Milwaukee, WI",Target,Market Pantry,,"Garden-Fresh Anti Pasto Salad Kit,       Product Code  0 11596 65634 2 ,	1/6 lb | Grandpas Artichoke Spinach Dip, Product Code 0 11596 55902 5,	1/5 lb;    Archer Farms Artichoke Spinach Dip, Product Code  0 85239 99015 5,	6/11 oz;  Archer Farms Artichoke Spinach Dip, Product Code 0 85239 69053 6,	4/18 oz;    Roundy's Artichoke Spinach Dip, Product Code  0 11596 06170 2,	6/12 oz | Finest Traditions Garden Vegetable Spaghetti, Product Code 10 733147 10196 1,	1/8 lb | Garden-Fresh Farm Stand Pasta Salad,Product Code  0 11 11596 52204 9, 1/5 lb | Grandpas Roasted Corn & Black Bean Salsa,  5915		11/2/2013 - 11/20/2013	12 1/5 lb | Finest Traditions Mock Crab Salad, 7 33147 00027 4, 6/16 oz  Finest Traditions Mock Crab Salad, 10 733147 10287 6,,1/8 lb | Spoon River Pimiento Spread, 0 11596 55678 9,	1/5 lb | Garden-Fresh Whole Wheat Pasta With Sun Dried Tomatoes,Product Code  0 11596 52094 0	,1/5 lb | Grandpa Vegetable Bagel Spread, Product Code 0 11596 55905 6, 	1/5 lb | Farmers Market Salsa-Serrano-Spicy, 0 11596 06143 6,	 6/15 oz | Garden-Fresh Creamy Shredded Cole Slaw, Product Code 0 11596 53005 5,	4/8 lb  Garden-Fresh Creamy Shredded Cole Slaw,Product Code  0 11596 93014 5,	2/5 lb  Garden-Fresh Creamy Shredded Cole Slaw, Product Code 0 11596 14022 3,	12/16 oz  Garden-Fresh Creamy Shredded Cole Slaw,  Product Code 0 11596 24203 3,	8/2 lb  Garden-Fresh Creamy Shredded Cole Slaw, Product Code 0 11596 34309 9,	6/3 lb    Weis Creamy Cole Slaw , 0 41497 05837 2, 6/16 oz;  Weis Creamy"
,maker_linked,False,FDA,66452,2013-12-11,"D. F. Stauffer Biscuit Co, Inc.","York, PA",Target,Market Pantry,,"Market Pantry brand Animal Cookies, white fudge coated, in a clear plastic bear-shaped jar, net wt. 44 oz.    Ingredients: enriched flour (wheat flour, malted barley flour, niacin, reduced iron, thiamin mononitrate, riboflavin, folic acid), sugar, soybean oil, high fructose corn syrup, invert sugar, cocoa (processed with alkali), graham flour, chocolate, salt, baking soda, calcium carbonate, soy lecithin, natural and artificial flavor, color with (caramel color, blue 1, yellow 6), preservatives (sodium benzoate, potassium sorbate, sodium metabisulfite), spices (mace and nutmeg). Contains wheat and soy.      May contain peanuts and tree nuts.     Distributed by Target Corporation, Minneapolis, MN."
,maker_linked,False,FDA,66623,2013-12-18,"Garden-Fresh Foods, Inc.","Milwaukee, WI",Target,Market Pantry,,"Dairy Fresh Deluxe BLT Pasta Salad, UPC 0 70163 50074 7, 1/5 lb, Product Code .410074. Garden-Fresh Deluxe BLT Pasta Salad, UPC 0 11596 52039 1, 1/5 lb., Product Code 2039. | Market Pantry Reduced Fat Coleslaw, UPC 0 85239 20117 6 15 oz, Product Code 201176. | Roundy's Dill Dip, UPC 0 11150 52603 6, 12 oz, Product Code 52603. Finest Traditions Dill Dip, UPC 7 33147 10554 2, 8 oz, Product Code 38988 | Our Own Premium Potato Salad, UPC 0 11596 91045 1, 4/5 lb. , Product Code 1045. 9/28/2013-10/5/2013 | Dairy Fresh Sour Cream Mac & Cheddar, UPC 0 70163 50043 3, 2/5 lb., Product Code 410043. Garden-Fresh Sour Cream Mac & Cheddar, UPC 0 11596 92031 3, 2/5 lb. , Product Code 2031. | Weis Old Fashion Cole Slaw, UPC 0 41497 05849 5, 16 oz, Product Code 05849.  Weis Old Fashion Coleslaw, UPC 0 11596 53100 7, 2/5 lb., Product Code 3100. | Market Pantry Coleslaw, UPC 0 85239 24106 6, 15 oz, Product Code 24106. Spartan Cole Slaw, UPC 0 11213 90322 4, 16 oz, Product Code 4072. Market Pantry Coleslaw, UPC 0 85239 24114 1, 44 oz., Product Code 24114. Family Style Cole Slaw, UPC 0 11596 53060 4, 2/5 lb., Product Code 3060. Grandpa's Cole Slaw, UPC 0 11596 08006 2, 3.5 oz, Product Code 8006. Grandpa's Cole Slaw, UPC 0 11596 24237 8, 2 lb., Product Code 4325. Grandpa's Cole Slaw, UPC 0 11596 34325 9, 3 lb., Product Code 4237. Grandpa's Cole Slaw, UPC 0 11596 93021 3, 2/5 lb., Product Code 3021. | Dairy Fresh Homemade Mustard Potato Salad, UPC 0 70163 56700 9, 2/5 lb., Product Code 410059.  Our"
,maker_linked,False,FDA,66920,2013-12-18,"Jayone Foods, Inc.","Paramount, CA",Trader Joe's,Trader Joe's,,"Trader Joe's Authentically Korean Seaweed Salad with Spicy Dressing, Net Wt. 3.5oz (99g), SKU 97677."
,maker_linked,False,FDA,66984,2013-12-25,Huxtable's Kitchen Inc,"Vernon, CA",Trader Joe's,Trader Joe's,,"Trader Joe's Butternut Squash & Creamed Spinach Gratin, 16 oz."
,maker_linked,False,FDA,66563,2014-01-01,"Reser's Fine Foods, Inc.","Beaverton, OR",Aldi;Target;UNFI/SuperValu;Walmart,Essential Everyday;Little Salad Bar;Market Pantry;Marketside;Stonemill,,"Tuna Salad, Formula PT.60 packaged under these labels:    -Essentail Everyday Tuna Salad packaged in 6/12-oz (UPC 041303820285) carton cases. Distributed by Supervalu Inc., Eden Prairie, MN.    -Reser's Gourmet Tuna Salad packaged in 2/5-lb carton cases.  Reser's Fine Foods, Inc., Beaverton, OR.  UPC 071117855067 | Reser's Tuna Salad Supreme, Formula PT.137 packaged in 2/5-lb carton cases. Reser's Fine Foods, Inc., Beaverton, OR.  UPC 071117141382 | Reser's Homestyle Recipe Potato Salad with Egg, Formula PO.81, packaged  in 2/8-lb carton cases. Reser's Fine Foods, Inc., Beaverton, OR. | Farmstyle Potato Salad, Formula PO.27, packaged in 3/8-lb carton cases. Packaged Exclusively for use by: Yum! Brands Global Restaurants, Louisville, KY.  UPC 885251252626 | Stonemill Tabouli Salad, Formula VE.105 packaged in  2/5-lb (UPC 071117114966) carton cases.  Reser's Fine Foods, Inc., Beaverton, OR. | Reser's Honey Chicken Salad Kit, Formula DR.105B32, packaged in 6/40-oz carton cases. Distributed by Reser's Fine Foods, Beaverton, OR.  UPC 7111711428 | Red Potato Salad, Formula PO.62, packaged under the following labels:     -Cross Valley Farms Red Royal Potato Salad packaged in 2/8-lb carton cases. Distributed by U.S. Foodservice, Inc., Rosemont, IL.    -Reser's Deluxe Red Skin Potato Salad packaged in 2/8-lb carton cases. Reser's Fine Foods, Inc., Beaverton, OR.    -Block & Barrel Deluxe Red Skinned Potato Salad packaged in 2/5-lb carton cases. Distributed by Sysco Corporation, Housto"
,maker_linked,False,FDA,66926,2014-01-01,Lewis Bakeries-Evansville,"Evansville, IN",Aldi;Walmart,Great Value;L'oven Fresh,,"White bread packaged under the following names and sizes:  UPC	      Name, size  71025-00269   Holsum, Sof-Twist, Giant, 24 OZ  24126-01025   Bunny, Thin Sandwich, 24 OZ  71302-04738   Sunbeam, KING, 24 OZ  71025-00512   Harts, HOME STYLE, 24 OZ  71025-00040   Lewis, CIRCLE B, Texas Toast, 24 OZ  71302-04745   Sunbeam, Texas Toast, 24 OZ  78742-03616   Great Value, Texas Toast, 24 OZ  71025-00253   Aunt Hatties, Thin Sandwich, 24 OZ  41270-39928   IGA, Sandwich, 24 OZ  71025-00279   IDEAL, Sandwich, 24 OZ          71025-00336   Fluffy, GIANT Sandwich, 24 OZ  71025-00232   Sandwich, 24 OZ  78742-28542   Great Value, Sandwich, 24 OZ  24126-01291   James Family KITCHEN, Sandwich, 1 1/2 lb.  41130-36622   FOODLAND, GIANT, 24 OZ  70038-31119   Best Choice, Sandwich, 24 OZ  71025-00272   Holsum, Sof-Twist, 20 OZ   41498-11871   LOven Fresh, CLASSIC WHITE, 20 OZ  71025-00647   Harts, BIG, 20 OZ  71025-00281   IDEAL, WHITE, 1LB.  71025-00290   Fluffy, SOFT & FLUFFY, 16 OZ  70038-31152   Best Choice, CLASSIC WHITE,  16 OZ    71025-00255   Aunt Hatties, 16 OZ  41270-39848   IGA, WHITE, 16 OZ   71025-00234   Food GIANT, White, 1 lb  78742-28540   Great Value, White, Round Top, 16 OZ  41290-01111   Piggly Wiggly, ROUND TOP WHITE, 16 OZ    24126-00800   Fluffy, THIN Sandwich, 20 OZ  41290-01135   Piggly Wiggly, SANDWICH, 20 OZ   41498-19121   LOven Fresh, Sandwich, 20 OZ  71302-04547   Sunbeam, OLD FASHION, 20 OZ  71025-00085   IDEAL, WHITE, 1LB 1/4 lb  40700-60075   Bonnie, LARGE, 20 OZ "
,maker_linked,False,FDA,66943,2014-01-15,Perrigo of SC,"Greenville, SC",Meijer;Publix;Western Family,Meijer;Publix;Western Family,,"EstroPlus Maximum Strength Menopause Support Dietary Supplement in 28 count and 56 count blister strips under the following labels - CareOne Maximum Strength  Multi Symptom Menopause Formula, 28 Caplets/Dietary Supplement; Meijer Maximum Strength Estroplus, Dietary Supplement, 28 Caplets; TopCare Maximum Strength Estroplus Dietary Supplement, 28 Caplets; Sunmark Estroplus Extra Strength, Dietary Supplement, 56 Caplets; Health Mart Pharmacy Extra Strength Estroplus, 56 Caplets Dietary Supplement; Up&Up Estroplus Dietary Supplement Maximum Strength 28 Caplets; CareOne Extra Strength Estroplus 56 Caplets/Dietary Supplement; Western Family Extra Strength Estroplus 56 Caplets, Meijer Extra Strength Estroplus Dietary Supplement 56 Caplets; Publix Extra Strength Estroplus 56 Caplets, Dietary Supplement; and TopCare Extra Strength Estroplus Dietary Supplement 56 Caplets."
,maker_linked,False,FDA,66811,2014-01-22,Atherstone Foods Inc dba Glass Onion Catering,"Richmond, CA",Trader Joe's,Trader Joe's,,"Delish Asian Style Noodle Salad,   Tender noodles, crisp snowpeas, carrots and red bell peppers tossed with a zesty sesame dressing.  6 oz (170g) in clam shell plastic container.    Packaged for Walgreens  Manufactured by Glass Onion Catering,  Richmond, CA. | Southwestern Salad kit (20 lb box).   Contents in individual Bags:  Cooked Soo Foo  Roasted Corn  Red and Yellow Bell Peppers  Jalapenos  Cilantro  Pepitas  Dressing.  Packaged for Whole Foods  Manufactured by Glass Onion Catering,  Richmond, CA | Delish Vegetarian Wrap,   Fire Roasted red bell pepper tortilla with tender mixed greens, fresh carrots, cucumber, Jicama, sundried tomatoes, couscous & ages asiago cheese with a side of sweet basil dressing.  11.3 oz, (322 g)) wrapped in cellophane.     Packaged for Walgreens  Manufactured by Glass Onion Catering,  Richmond, CA. | Delish Greek Style Orzo Salad;  Traditional orzo, cucumber, red bell peppers, green onion and Kalamata olives tossed with a creamy Greek Style yogurt and feta dressing.  6 oz (170g)  in clam shell plastic container.    Packaged for Walgreens  Manufactured by Glass Onion Catering,  Richmond, CA. | Trader Joe's Classic Greek Salad with Feta Cheese, Cucumber  Kalamata olives and Greek Dressing;   (9 oz) (255 g) in plastic clam shell container.      Packaged for Trader Joe's  Manufactured by Glass Onion Catering,  Richmond, CA | Wheat Berry Salad kit (20 lb box).   Contents in package:  Cooked Wheat Berry  Zucchini  Cherry Tomatoes  Red Bell Pepper  Art"
,maker_linked,False,FDA,67208,2014-02-05,"Ann's House of Nuts, Inc","Robersonville, NC",Walmart,Great Value,,"Walmart Great Value Tex Mex Trail Mix, Net Wt 28 oz (793g), Distributed by Wal Mart Stores, Inc., Bentonville, AR, packed in rigid clear plastic jars."
,maker_linked,False,FDA,67748,2014-04-02,Dole Fresh Vegetables Inc,"Monterey, CA",Aldi;Kroger;Walmart,Kroger;Little Salad Bar;Marketside,,"Italian blend Salad (Romaine Lettuce and Radicchio) packaged under the following brand names:  Dole Italian Blend,  (UPC 7143000819);  Fresh Selections Italian Style Blend (Kroger) (UPC 1111091045);  Little Salad Bar Italian Salad, (UPC 4149811014);  Marketside Italian Style Salad, (Wal Mart)  (UPC 8113102780)  10 oz. bags (283 g)    Dole Fresh Vegetables  Monterey, CA 93942"
,maker_linked,False,FDA,67728,2014-04-09,Oregon Freeze Dry Inc,"Albany, OR",Costco,Kirkland Signature,,"Kirkland Signature brand Real Sliced Fruit, Item # 527069.  The UPC on the master cardboard case is 0 96619 52706 9.    Each cardboard case consists of 20 plastic pouches (7.41 oz): 10 pouches of Fuji Apple Slices, 5 pouches of Strawberry Banana Slices, and 5 pouches of Fuji Apple Slices with Cinnamon.    The UPC on  Fuji Apple Slices pouch is 0 96619 27072 9;    The UPC Strawberry Banana Slices pouch is 0 96619 27070 5;    The UPC Fuji Apple Slices with Cinnamon pouch is 0 96619 27071 2;    Product is distributed by: Costco Wholesale Corp., P.O.Box 34535, Seattle, WA 98124-1535, 1-800-774-2678,  www.costco.com"
,maker_linked,False,FDA,67806,2014-04-23,Parkers Farm Inc,"Coon Rapids, MN",Aldi,Happy Farms,,"Peanut Butter sold under the following sizes, brands: HONEY CRUNCHY (55204) Peanut Butter in 16 oz tubs with snap on lid. | Bacon Cold Pack Cheese sold under the following sizes and brands:    1.   Parkers Farm or Parkers label in 8 ounce (14002) and 14 ounce (17002) cups with snap on lid; 5 lb. Cheeseball Base - Bacon (14441) and 10 lb. (61760) pail with snap on lid;     2.  Bucky Badger in 8 oz. (31611) and 14 oz. (41611) cups with snap on lid. | Cheddar Cheese Ball and Logs sold under the following sizes and brands:    1. Aldi label in 10 ounce balls (1087 / #7713) in film overwrap;     2.   Win Schuler Original label in 10 ounce balls (55560) and logs (55570) in film overwrap; 3. CP in 8 ounce cheese logs (CH111000) in film overwrap. | Pimento Cheese Spread sold under the following sizes and brands:    1.   Parkers Farm or Parkers label in 12 ounce (20100) cup with snap on lid;     2.  Block & Barrel in 4 lb. pail with snap on lid (2382588).     3.  HYTOP label in 12 ounce (952549) and 20 ounce (952556) cups with snap on lid. | Restaurant Bar Cheese sold under the following sizes and brands:  Parkers Farm or Parkers label in 5 lb. (21811) pails with snap on lids. | Spicy Beer Cheese Spread sold under the following sizes and brands:    Parkers Farm or Parkers label in 5 lb. (01508) pails with snap on lid, Say Cheez Beer cheese - spicy (17050) in 14 oz. cups with snap on lid | Pimento Cheese Ball sold under the following sizes and brands: 1. Parkers Farm and Parkers label i"
,maker_linked,False,FDA,67917,2014-04-30,Frontier Natural Products Co-op,"Norway, IA",Meijer;Whole Foods,Meijer;Whole Foods Market,,"1) Frontier Natural Products Co-op, Whole Black Peppercorns, Certified Organic, Piper nigrum. Net 11.3 Kg 25 LB. Packaged in corrugated cardboard boxes. Firm name on the label is Frontier in Norway, IA. UPC 0-89836-82603-9.;  2) Frontier Natural Products Co-op, Whole Black Peppercorns, Certified Organic, Piper nigrum. Net 453 g 16 OZ. Packaged in foil pouches. Firm name on the label is Frontier in Norway, IA. UPC 0-89836-02603-3;  3) Frontier Natural Products Co-op, Black Peppercorns Whole. Net WT. 2.12 OZ (60 g). Packaged in glass jars. Distributed by Frontier Natural Products Co-op, Norway, IA. UPC 0-89836-18435-1;   4) Simply Organic, black peppercorns. NET WT. 2.65 OZ. (75g). Packaged in glass jars. Distributed by Frontier Natural Products, Norway, IA. UPC 0-89836-18524-2.;  5) Simply Organic, Adjustable Grinder Cap, daily grind. NET WT. 2.65 OZ. (75g). Packaged in glass jars with a grinder cap. Distributed by Frontier Natural Products, Norway, IA. UPC 0-89836-19218-9.;  6) Simply Organic, black peppercorns, poivre noir en grains. NET WT. 2.65 OZ. POID NET 75g. Packaged in glass jars. Manufactured by Frontier Natural Products, Norway, IA. UPC 0-89836-19210-3.;  7) Simply Organic, Adjustable Grinder, Broyeur R¿glable, black peppercorns, poivre noir en grains. NET WT. 2.65 OZ. POID NET 75g. Packaged in glass jars. Manufactured by Frontier Natural Products, Norway, IA. UPC 0-89836-19218-9.;  8) 365, Black Peppercorns, NET WT 1.87 OZ (53g). Packaged in glass jars. Distributed"
,maker_linked,False,FDA,67914,2014-04-30,Sprout's Farmers Market,"Phoenix, AZ",Sprouts,Sprouts Farmers Market,,"Sprouts Farmers Market Organic Whole Black Peppercorns, 2.12oz., UPC Code 8-74875-00425-4, Lot Numbers 3287 and 3246.    Packaged in glass jars with plastic lid.    Product labeling reads in part:""SPROUTS FARMERS MARKET organic Black Peppercorns ***NET WT 2.12 OZ (60g)***Manufactured Exclusively For Sprouts Farmers Market Phoenix, Arizona 85028***www.sprouts.com***SP00056***8 74875 00425 4***""."
,maker_linked,False,FDA,67946,2014-05-21,H Group,"Framingham, MA",Trader Joe's,Trader Giotto's,,"TRADER GIOTTO'S CAESAR SALAD with Caesar Dressing, NET WT. 8/5 OZ (241g)."
,maker_linked,False,FDA,68134,2014-05-28,H:20 Innovations LLC,"Ann Arbor, MI",Meijer,Meijer,,"Meijer Baby Pediatric Electrolyte Fruit Flavor 8oz x 4 with Best by: 10/01/15; 24 bottles per case, 6-4packs | Meijer Baby Pediatric Electrolyte Strawberry Flavor 8oz x 4 with Best by: 10/02/15; 24 bottles per case, 6-4packs"
,maker_linked,False,FDA,67841,2014-06-04,Borden Dairy Co Of Cincinnati Llc,"Cincinnati, OH",Aldi,Friendly Farms,,"Vitamin D Milk GRADE A PASTEURIZED HOMOGENIZED; 4-oz paper, 300-gal totes, Gallons, 1/2 gallons, pints, quarts, paper 1/2 pints, 5-gal dispense bags. INGREDIENTS: MILK AND VITAMIN D3.  Product is sold under the following brand names and UPC codes: American Fare: Gal: 0 72000 15233 1, ¿ Gal: 0 72000 15238 6; Community Market: Gal: 0 70554 27197 9; Dairymens: Gal: 0 72804 00190 3, ¿ Gal: 0 72804 00158 3 & Pint: 0 72804 00159 0; Friendly Farms: Gal: 0 41498 19215 0; Glenview Farms: Gal: 7 58108 22723 1, 1/2Pt: 7 58108 22724 8; IGA: Gal: 0 41270 02491 4 & ¿ Gal: 0 41270 05844 5; Modern Foods: Gal: 0 80761 03000 3; Our Family: Gal: 0 70253 65100 7; UDF: Gal: 0 76310 05005 9, ¿ Gal: 0 76310 05002 8, Qt: 0 76310 05300 5 & Pt: 0 76310 05250 3."
,maker_linked,True,FDA,68471,2014-07-09,"Olde Thompson, Inc.","Oxnard, CA",Costco,Kirkland Signature,,"Kirkland Signature Coarse Ground Malabar Pepper, 12.7 oz Plastic Jars, UPC 096619164998.    Packaging includes a PET bottle.  The lid is made of Polypropylene and contains a tinplate insert and a Polypropylene five-hole cap. The label on the jar is a rectangular label (front and back) information is superimposed over an antique map in various shades of brown."
,maker_linked,False,FDA,68515,2014-07-16,Hot Mama's Foods,"Wheeling, IL",Trader Joe's,Trader Joe's,,"Egg White Salad with Chives, 6 oz., packaged in round plastic containers with film seals and snap lids under the Trader Joe's brand. This is a ready-to-eat refrigerated deli salad sold at retail locations."
,maker_linked,False,FDA,68720,2014-08-06,PUREFRUIT CHILE S.A,Curico,Hy-Vee;Target,Hy-Vee;Market Pantry,,"HyVee applesauce; 3.5 oz applesauce in aluminum pouch with plastic screw-on lid; product is labeled in part, ""***HyVee Mother's Choice Apple organic baby food NET WT 3.5 OZ (99g)***INGREDIENTS:ORGANIC APPLE, ASCORBIC ACID DISTRIBUTED BY HY-VEE, INC WEST DES MOINES, IA 50266 PRODUCT OF CHILE***""    UPC Code: 075450082029 | fruty U applesauce, apple; 3.5 oz/20 pk applesauce is packed into a labeled aluminum pouch with plastic screw-on lid and then placed into a labeled cardboard box;  product is labeled in part, ""***fruty U APPLE applesauce***NET WEIGHT 3.53 OZ***FRUTY U www.frutyu.com Product of Chile***""    UPC Code: 7804636770367 | Market Pantry Apple; 3.5 oz/12 pk applesauce is packed into a labeled aluminum pouch with plastic screw-on lid and then placed into a labeled cardboard box; product is labeled in part, ""***market pantry Apple Fruit Pouch***NET WT 3.5 OZ (100g)***DISTRIBUTED BY TARGET CORPORATION MINNEAPOLIS, MN 55403***""  UPC Code: 0-85239-20507-5 | fruty U applesauce, apple cinnamon; 3.5 oz/20 pk applesauce is packed into a labeled aluminum pouch with plastic screw-on lid and then placed into a labeled cardboard box; product is labeled in part, ""***fruty U APPLE CINNAMON applesauce***NET WEIGHT 3.53 OZ***FRUTY U www.frutyu.com Product of Chile***""    UPC Code: 7804636770374 | Market Pantry Apple Cinnamon; 3.5 oz/12 pk applesauce is packed into a labeled aluminum pouch with plastic screw-on lid and then placed into a labeled cardboard box;  product is labeled in p"
,maker_linked,False,FDA,68614,2014-08-13,Hot Mama's Foods,"Wheeling, IL",Ahold Delhaize;Trader Joe's,Giant Eagle;Trader Joe's,,Edamame Hummus sold under the Trader Joe's brand and packaged in a transparent plastic tub with a white lid and with a net weight of 8 oz (227 g). | Roasted Garlic Hummus sold under the Archer Farms brand and packaged in a transparent plastic tub  with a net weight of 17 oz (1 lb. 1 oz). | Garlic Hummus sold under the Giant Eagle Market District brand and packaged in a transparent plastic tub with a net weight of 8 oz (227 g). | Chipotle Hummus sold under the Giant Eagle Market District brand and packaged in a transparent plastic tub  with a net weight of 8 oz (227 g). | Roasted Red Pepper Hummus sold under the Archer Farms brand and packaged in a transparent plastic tub  with a net weight of 17 oz (1 lb. 1 oz). | 5 Layer Fiesta Dip sold under the Trader Joe's brand and packaged in a transparent plastic tub with a net weight of 11.5 oz (326 g) or 24 oz. | Traditional Hummus sold under the Archer Farms brand and packaged in either a transparent plastic tub or a white plastic tub with a net weight respectively of 10 oz (283 g) or 2 lb. | Spicy Yellow Lentil Hummus sold under the Eat Well Embrace Life brand and packaged in a transparent plastic tub with a net weight of 10 oz.
,maker_linked,False,FDA,68894,2014-08-27,"D.A. Stein Culinary Group, LLC dba Brett Anthony Foods","Northbrook, IL",Whole Foods,Whole Foods Market,,"Sesame Ginger Dressing sold under the Whole Foods Market brand in plastic jars, 14 oz. per jar. This product is labeled to keep refrigerated."
,maker_linked,False,FDA,67676,2014-09-03,"Creative Foodworks, Inc","San Antonio, TX",H-E-B,H-E-B,,"CRAZY JERRY""S DA BIG CHEESE; NET WT. 16 OZ. ( 1 LB.) 454g; Prepared for Crazy Jerry's Inc. P.O. Box 891 Roswell, GA 30077 | SILVER STAR; TEX-MEX QUESO; CHIPOTLE QUESO; Medium Dip; NET WT. 16 OZ; (453g); Brought To You By: Silver Star Salsas; Box 50583; Austin, TX 78763 | NATIVE TEXAN QUESO; NACHO; Medium; NATIVE TEXAN FOOD Co.; NET WT 16oz 453g 1LB.; NATIVE TEXAN FOOD CO. box 50583, Austin TX 78763  www.NativeTexan1836.com | Native Texan HATCH GREEN CHILE QUESO SALSA, NET WT. 16 OZ (1 LB) 453g; DISTRIBUTED BY Native Texan Food Co. Box 50583, Austin 78763 www.NATIVETEXAN1836.com | Central Market HATCH GREEN CHILE QUESO SALSA, NET WT. 16 OZ (1 LB) 454g; DISTRIBUTED BY H-E-B CENTRAL MARKET, AUSTIN, TX 78735"
,maker_linked,False,FDA,68864,2014-09-03,Readington Farms Inc.,"Whitehouse, NJ",Wakefern/ShopRite,ShopRite,,"PriceRite Spring Water Net 1 GAL (3.78 L) Distributed by P.R.R.C. Inc. 5000 Riverside Drive Keasby, NJ 00832   UPC 041190755189 | Shoprite Spring Water Net 1 GAL (120 Fl Oz.) 3.78L  Distributed by Wakefern Food Corp Elizabeth, NJ Made in USA  UPC 041190007196"
,maker_linked,False,FDA,67683,2014-09-17,"Durrset Amigos, Ltd.","San Antonio, TX",H-E-B,H-E-B;Hill Country Fare,,"Roundy's Salsa Con Queso; NET WT; 16 OZ (1 LB) 454g; DISTRIBUTED BY  Roundy's Milwakee, WI 53202.  Distributed in cases of 12/16 W jars. | Laura Lynn French Onion; DIP; NET WT 9 OZ (255g); DISTRIBUTED BY INGLES MARKETS, INC.; ASHEVILLE, NC 28816.  Shipped in cases of 12. | HY-TOP FRENCH ONION DIP; NET WT 9 OZ. (255g); DISTRIBUTED BY FEDERATED GROUP, INC.; ARLINGTON HEIGHTS IL. 60005-1096.  Shipped in cases of 12/9 oz containers. | H-E-B Chipotle Con Queso; HOT; with Real Chipotle Peppers; NET WT; 16 OZ (1 LB) 454g; Made with Pride and Care for H-E-B, SAN ANTONIO, TEXAS 78204.  Distributed in cases of 12/16 oz. jars. | HILL COUNTRY FARE; Salsa Con QUESO Sauce; Medium - PICANTE; NET WT 16 OZ (1LB) CONT. NET. 454g;  DISTRIBUTED BY: H-E-B, SAN ANTONIO, TX 78294.  distributed in cases of 12/16 oz. jars"
,maker_linked,False,FDA,68820,2014-09-17,Whole Food Market,"Cambridge, MA",Whole Foods,Whole Foods Market,,"Whole Foods Market Chocolate Chewies Cookies in   clamshell packaging, sold by the lb.  Item # 6126"
,maker_linked,False,FDA,69252,2014-10-22,Taylor Farms Pacific Inc. (MacArthur Facility),"Tracy, CA",Albertsons,Signature Cafe,,"CST Roma Tomatoes Whole Roma 1/25#  Origin: USA  Keep Refrigerated   UPC: 40000356942  Taylor Farms, Pacific, Tracy, CA 95376 | Signature Cafe  SWY Sicilian Vegetable Salad 2CT Kit  Pack Size: 2-6.75 lb bags  S3197  Perishable  Keep Refrigerated  Distributed by Lucerne Foods Inc.  PO Box 99  Pleasanton, CA 94566-0009   1-877-232-4271    Product is distributed to be assembled and sold  at deli counters where customers request purchase amount.  Roma tomatoes are shipped with the salad kit and diced at retail locations to be mixed with salad."
,maker_linked,False,FDA,69312,2014-11-05,United Natural Trading,"Edison, NJ",Ahold Delhaize,Nature's Promise,,"1) Nature's Place Organic Campfire Trail Mix; Net. Wt. 12 oz. (340 g); Distributed by DZA Brands LLC 2110 Executive Drive Salisbury, NC 28147; UPC 725439951920      2) Nature's Promise Organic Campfire Trail Mix; Net. Wt. 12 oz. (340 g); Distributed by Foodhold USA LLC Landover, MD 20785; 1-877-846-9949; UPC 688267066092    3) Woodstock  Organic Campfire Trail Mix; Net. Wt. 10 oz. (283 g); Distributed by Woodstock 313 Iron Horse Way Providence, RI 02908 USA; UPC 042563009366"
,maker_linked,False,FDA,69513,2014-11-12,United Natural Trading,"Edison, NJ",Publix,Publix,,"Asian 7 Rice Cracker Mix in Bulk 22 lb.  cases; Wood Stock Farms Lot # YOUI03 sold to Publix Bakery Plant in Lakeland, FL, and to The Nutman Company - USA Inc., in Hubertus, WI. | The Market Basket Asian 7 Rice Cracker Mix Net Wt. 12 oz. (340 g) Distributed by Demondas Supermarkets, Inc. Tewksbury, MA 01876	  UPC # 04970540898"
,maker_linked,False,FDA,69068,2014-12-03,"nSpired Natural Foods, Division of the Hain Celestial Group","Ashland, OR",Albertsons;Kroger;Trader Joe's,Kroger;Open Nature;Trader Joe's,,"MaraNatha Roasted Crunchy Almond Butter, 16 oz., UPC 51651092012;  Whole Foods 365 Crunchy Almond Butter, 16 oz.., UPC 99482406561. | MaraNatha No Stir Creamy Almond Butter, 12 oz., UPC 51651093682;  MaraNatha No Stir Creamy Almond Butter, 340 grams, UPC 51651093453;  Kroger No Stir Creamy Almond Butter, 12 oz., UPC 11110791214; | MaraNatha Raw Creamy Almond Butter, 16 oz., UPC 51651092180  Trader Joe's Raw Creamy Almond Butter Unsalted, 16 oz., UPC 00569958. | Trader Joe's Raw Crunchy Almond Butter Unsalted, 16 oz., UPC 919890. | MaraNatha Organic Raw Crunchy Almond Butter, 16 oz., UPC 51651092128. | MaraNatha Organic Roasted Crunchy Peanut Butter, 16 oz., UPC 51651092203. | MaraNatha No Stir Raw Maple Creamy Almond Butter, 12 oz., UPC 51651093866. | MaraNatha Organic No Stir Roasted Crunchy Peanut Butter, 16 oz, UPC 51651092364. | MaraNatha Raw Almond Butter, 340 grams, UPC 51651093064. | MaraNatha Roasted Creamy Almond Butter, 16 oz., UPC 51651060325;  MaraNatha Roasted Creamy Almond Butter, 26 oz., UPC 51651092897;  Whole Foods 365 Creamy Almond Butter, 16 oz., UPC 99482406578. | MaraNatha Organic No Stir Creamy Peanut Butter, 16 oz, UPC 51651092357. | MaraNatha Organic Roasted Crunchy Peanut Butter Hint of Sea Salt, 16 oz., UPC 51651092333;  MaraNatha Organic Crunchy Peanut Butter Hint of Sea Salt, 26 oz., UPC 51651092920;  MaraNatha Organic Crunchy Peanut Butter, 500 gram, UPC 51651093316 | MaraNatha No Stir Creamy Peanut Butter, 16 oz., UPC 51651092210;  MaraNatha No S"
,maker_linked,False,FDA,69358,2014-12-03,Whole Food Market,"Cambridge, MA",Whole Foods,Whole Foods Market,,"Whole Foods Market  Plain Streusel Coffeecake (no nuts), 20 oz.. packaged in a clear plastic dome/black plastic base"
,maker_linked,False,FDA,69626,2014-12-03,Marathon Ventures Inc,"Bellevue, NE",Hy-Vee;Target;Western Family,Hy-Vee;Market Pantry;Shur Fine;Western Family,,"Macadamia nuts in various formats:  (1.) Western Family Macadamia Diced Nuts, Net Wt 5 oz. plastic bags Distributed by:Western Family Foods, Inc.  Portland, OR  UPC 0 15400 16635 5   (2.) Shur Fine Macadamia Diced Nuts, Net Wt 5 oz. plastic bags. Distributed by:Western Family Foods, Inc.  Portland, OR  UPC 0 15400 86635 4   (3.) HyVee Macadamia Nuts, Net Wt 2 oz. plastic bags. Distributed by:Hy-Vee Inc, West Des Moines Iowa, UPC 0 75450 13287 815400 16635   (4.) market pantry Chopped Macadamia Nuts, Net Wt 2.25 oz. plastic bags. Distributed by:Target Corp., MN, UPC 0 85239 52108 3  (5.) Pears Gourmet Macadamia Nuts Raw, Net Wt 1 LB, plastic bags with gold adhesive label. Distributed by:Marathon Ventures, Bellevue, NE  UPC 0 75049 42186 4  (6.) CWD Cash-Wa Distributing, Co. Macadamia Nuts Raw, Net Wt 5 LBS, Distributed by:Cash-Wa Distributing, Co, Kearney, North Platte and Sidney, NE   (7.) Macadamia Nuts Raw, Net Wt 5 LBS, Distributed by:Pegler Sysco, Lincoln, NE  (8.) Bulk Case Mayan Gold Macadamia Nuts Style #5, Net Wt 25 LBS, Distributed by:Marathon Ventures, Bellevue, NE."
,maker_linked,False,FDA,68833,2014-12-17,Wawona Packing Company,"Cutler, CA",Trader Joe's,Trader Joe's;Trader Joes,,"Sweet 2 Eat White Nectarines, California Tree Fruit;  Product of USA:    Brand names:  Sweet 2 Eat,  Orchard Perfect, Trader Joe's,  Sam's,  Mrs. Smittcamp's,  Harvest Sweet, Wawona,  Costco,  Sweet  O.       Packed in the following configurations:  Sam's Consumer Box - 4 lbs.  BJ's 4 lb. Clamshell;  4-4.5 lb box;  Costco Consumer Box - 5 lbs.;    .  Labels:  3035 White Nectarine  93035 Organic TR WF NEC;    Varieties include Arctic Pride, Arctic Snow, August Pearl, Candy Pearl Diamond Pearl,Fire Pearl, Giant Pearl,Grand Pearl, Kay Pearl, Majestic Pearl, Summer Pearl, Polar Light, Regal Pearl, Ruby Pearl Snow Flare 21, Snow Pearl, Spring Pearl.    Wawona Packing  Cutler, CA. | Sweet 2 Eat Yellow Peaches; California Tree Fruit;  Product of USA;  Packed in the following configurations:  2.5 lb. box, 4-4.5 lb. box  4-4.5 lb box for Trader Joe's  8/2 Clamshell - net weight 2 lbs.  Costco Consumer Box, 5 lbs  Sam's Club consumer box - 4 lbs (Summer Flame)  BJ's 4 lb clamshell  2 lb bag.    Sticker information - Sweet 2 Eat:  94044 Org TR YF Peach  4044 TR Peach;  4038 CA Peach    Varieties include:   August Flame, August Lady, , Autumn Flame,  Bright Princess, Brittney Lane, Candy Flame,  Crimson Lady, Crimson Princess,  Earli Rich, Elegant Lady,  Grand Finale, Henry 2,3 & 4,  July Flame, June Flame, June Flavor, June Time,  Kaweah, King Midas 17, Last Tango., May Princess, O'Henry, , Princess Time, Rich Lady,, Sierra Rich,  Spring Flame 18, 20, 20.5, 21, 22, SU Peach 13, 15, 17, "
,maker_linked,False,FDA,69876,2014-12-17,Whole Food Market,"Austin, TX",Whole Foods,Whole Foods Market,,"Whole Foods Market 9 inch Vegan Pumpkin Pie (32 oz) and 1/2 Vegan Pumpkin Pie (15 oz), packaged in both clear, clamshell packaging and brown, Kraft paper boxes. Distributed by Whole Foods Market. UPCs 24917101099 and 24917300699."
,maker_linked,False,FDA,69769,2014-12-24,"Great American Appetizers, Inc.","Nampa, ID",Hy-Vee,Hy-Vee,,"Mozzarella cheese sticks are breaded Mozzarella Stick designed to be cooked in either the oven or a fryer. The package contains a clear inner plastic sealed bag with the food product, inside a cardboard larger carton. The net weight is 8 oz., and there are 12 units per case. Product is sold under brand HyVee and has the UPC # 0 75450 14991 3.    The product is labeled in parts: ""***HyVee mozzarella sticks***mozzarella cheese in a crispy breading***ovenable keep frozen***NET WT 8 OZ (227 g)***DISTRIBUTED BY HY-VEE, INC. 5820 WESTOWN PARKWAY WEST DES MOINES, IA 50266***1-800-289-8343***CONTAINS: WHEAT, MILK, EGGS***""."
,maker_linked,False,FDA,69903,2014-12-31,"Great American Appetizers, Inc.","Nampa, ID",Hy-Vee,Hy-Vee,,"HyVee Cheddar Cheese Stuffed Jalapenos. Product is breaded jalapeno stuffed with cheddar cheese designed to be cooked in either the oven or a fryer. The package contains a clear inner plastic sealed bag with the food product, inside a cardboard larger carton. The net weight is 8 ounces, and packed 12 units per case.  The UPC is  0 75450 14989 0.    The product is labeled in parts: ""***HyVee cheddar cheese stuffed jalapenos***jalapenos stuffed with cheddar cheese in a crispy breading***ovenable keep frozen***NET WT 8 OZ (227 g)***CONTAINS: WHEAT, MILK***PROCESSED IN A FACILITY THAT ALSO PROCESSES EGG AND SOY***DISTRIBUTED BY HY-VEE, INC. 5820 WESTOWN PARKWAY WEST DEMOINES, IA 50266***1-800-289-8343***""."
,maker_linked,False,FDA,69924,2015-01-07,Overhill Farms Inc,"Vernon, CA",Albertsons,Open Nature,,"Open Nature  Chile Cheese Enchilada     Two enchiladas filled with a queso fundido cheese mix topped with guajillo sauce and Mexican cheeses    KEEP FROZEN  COOK THOROUGHLY  NET WT 9 OZ (255 g)    COOKING INSTRUCTIONS  FOR FOOD SAFETY, FOLLOW THESE COOKING INSTRUCTIONS.  PRODUCT NEEDS TO BE THOROUGHLY COOKED.    MICROWAVE OVEN (preferred method (Cook from frozen)  1. Remove tray from outer package and pierce film 3-4 times to vent.  2. Cook on HIGH 3 minutes.  3. Pull back film and stir sauce along enchiladas, replace film.  4. Continue cooking on HIGH for an additional 1 1/2-2 minutes.  5. Carefully remove tray from microwave and let sit 2 minutes.    CONVENTIONAL OVEN  Cook from frozen,  1. Preheat over to 350 F.  Do not exceed 350 F.  2. Remove tray from outer package and pierce film 3-4 times to vent.  3. Place tray on a baking sheet on center rack in oven.  4. Cook 35-40 minutes.  5. Remove baking sheet with tray from oven and let stand on baking sheet 2 minutes.  6. Carefully remove film.    COOK THOROUGHLY TO AN INTERNAL TEMPERATURE OF 165 F AS MEASURED BY A FOOD THERMOMETER.  SINCE COOKING APPLIANCE VARY, THESE INSTRUCTIONS ARE GUIDELINES ONLY.    Outer package of the product is a cardboard box containing all product label information, and inside contains a sealed tray with two enchiladas."
,maker_linked,False,FDA,69983,2015-01-21,"Del Monte Fresh Produce NA, Inc","Jessup, MD",Ahold Delhaize;Wegmans,Giant Eagle;Wegmans,,"Gourmet Mix Fruit Delight Net Wt. 64 oz. (1814g) Best If Enjoyed By: 12/03/14, Dist. By: Wegmans Food Markets, Inc., Rochester, NY 14603 UPC 077890241516 | Red Apple W/ Cheese Net Wt: 5oz. (142g) Best If Enjoyed By: 12/06/14, DISTRIBUTED BY SHEETZ DISTRIBUTION SERVICES, LLC. CLAYSBURG, PA 16625 UPC 759465009829 | THE FARMERS MARKET Fruit & Cheese Snack Mix with Caramel Dip Net Wt. 7 oz. (198g) Best If Enjoyed By: 12/06/14, DISTRIBUTED BY GIANT EAGLE, INC., PITTSBURGH, PA 15238-2809 UPC 030034087708; Nature Made Snack Pack W/ Cheese Net Wt. 7 oz. (198g) Best If Enjoyed By: 12/06/14 UPC 717524720627; Nature Made Apple, Grapes and Cheese Net Wt. 7 oz. (198g) Best If Enjoyed By: 12/06/14 UPC 717524720627 | Del Monte Fresh Produce Red & Green Apples W/ Dip Net Wt. 5 oz. (142g) Best If Enjoyed By: 12/07/14, UPC 717524719430; Plain Transparent Label with a green and red border-Apples (Red and Green) Tray with Dip Net Wt. 24 oz (680g) Best If Enjoyed By: 12/08/14; THE FARMERS MARKET Apple (Red and Green) Tray with Dip Net Wt. 24 oz. (680g) Best If Enjoyed By: 12/08/14, DISTRIBUTED BY GIANT EAGLE, INC., PITTSBURGH, PA 15238-2809 UPC 030034303341; THE FARMERS MARKET Red & Green Apples with Caramel Dip Net Wt. 5 oz. (142g) Best If Enjoyed By: 12/08/14, DISTRIBUTED BY GIANT EAGLE, INC., PITTSBURGH, PA 15238-2809 UPC 030034087685 | Veggie and Apples W/ Cheese, Total Wt: 7 oz. (198g) Best If Enjoyed By: 12/08/14, DISTRIBUTED BY SHEETZ DISTRIBUTION SERVICES, LLC. CLAYSBURG, PA 16625 UPC 759"
,maker_linked,False,FDA,69725,2015-01-21,Marin Food Specialties Inc,"Byron, CA",Whole Foods,Whole Foods Market,,"Whole Foods Organic Raw Almonds  Imported from Spain  USDA Organic;  Net WT. 13.5 oz. (383 g) plastic tub;  Ingredients: Organic Almonds - Unpasteurized    Distributed by Whole Foods Market IP, LP,  Emeryville, CA 94608"
,maker_linked,False,FDA,70049,2015-02-04,"Zachary Confections, Inc.","Frankfort, IN",Target,Market Pantry,,"Market Pantry Brand Dark Chocolate Covered Almonds  9 oz., UPC 085239555644"
,maker_linked,False,FDA,70072,2015-02-18,Kkot Saem Bean Sprouts,"Spanaway, WA",Sprouts,Sprouts,,"Soybean Sprouts, net  wt. 1.5 lbs., sold under brand Winter Blossom Bean Sprouts brand. Product is packaged in  plastic bag, multi-colored with orange stripe on top, lower middle portion and at bottom.  The orange & black English and Korea letters on white background on front of bag.  the UPC is 0 94922 55330 0.    Soybean Sprouts, net wt. 5 lbs., sold in clear bag with no label.  There is no UPC for this product. | Mungbean Sprouts, net  wt. 0.8 lb., sold under brand Kkot Saem Winter Blossom Bean Sprouts brand. Product is packaged in clear plastic bag with blue letters on white background.  English and Korea letters on front of bag.  The UPC is 1 80036 83737 2.    Mungbean Sprouts, net  wt. 2 lbs., sold under brand Kkot Saem brand.  Product is packaged in clear plastic bag with no label.  The UPC is 0 94922 55334 8.    Mungbean Sprouts, net  wt. 5 lbs., sold under brand Kkot Saem brand.  Product is packaged in clear plastic bag with no label.  The is no UPC for this product.    Mungbean Sprouts, net  wt. 10 lbs., sold under brand Kkot Saem brand.  Product is packaged in clear plastic bag with orange and blue labeling in Korean and English on white background. .  The UPC is 0 94922 55331 7."
,maker_linked,False,FDA,70069,2015-02-25,Lochirco Fruit & Produce Inc,"Union, MO",Kroger,Kroger,,"Happy Apples Grand Gourmet Pecan Caramel Apple packaged in the following configurations with Best By Date range - 8/25-11/23/2014, Responsible firm name on label is Happy Apple Inc., Washington, MO., and Oro si, CA.,:    Grand Gourmet, Net WT. 11 oz. and | Happy Apples Cinnamon Crunch Caramel Apple, Net Wt. 3.5 oz., with Best By Date range - 8/25-11/23/2014, Responsible firm name on label is Happy Apple Inc., Washington, MO., and Orosi, CA. | Caramel Apples packaged in the following configurations with Best By date range - 8/25-11/23/2014, Responsible firm name on label is Happy Apple Inc., Washington, MO., and Orosi, CA.,:    Happy Apples Simply Caramel Value 3 Pack, Net Wt. 9 oz.,   Happy Apples Simply Caramel 4 Pack, Net Wt. 14 oz.,   Happy Apples Simply Double Caramel Value 3 Pack, Net Wt. 11.25 oz.,   Happy Apples Double Caramel, Net Wt. 3.75 oz.,   Happy Apples Simply Caramel Net Wt. 3.5oz., and     Kroger, Simply Caramel, 3 Apples, Net Wt. 9 oz., with Best By date range - 9/15-11/18/2014, | Caramel Apples with Peanuts, with Best By date range - 8/25-11/23/2014, Responsible firm name on label is Happy Apple Inc., Washington, MO., and Orosi, CA., packaged in the following configurations:    Happy Apples, Net Wt. 3.75 oz.,   Happy Apples 3 Pack, Net Wt. 9 oz.,   Happy Apples 4 Pack, Net Wt. 16 oz.,   Happy Apples 8 Pack, Net Wt. 24 oz., and     Kroger 3 Apples, Net Wt. 10.5 oz., with Best By date range - 9/15-11/18/2014 and  Kroger 1 Apple, Net Wt. 3.5 oz., with Best By d"
,maker_linked,False,FDA,70117,2015-03-04,Adams Extract & Spice LLC,"Gonzales, TX",Kroger,Private Selection,,"Adams Pantry Basics Multi-Season Seasoned Salt Net Wt. 30 oz (851 g) UPC: 041313024888;  50# Multi Seasoning Item Code: 06095 Item UPCA: 041313060954; 25# Multi Seasoning Item Code: 06096 Item UPCA: 041313060961 | Adams Pantry Basics Ground Cumin Net Wt. 2.82 oz (80 g) UPC: 041313019525; Adams Pantry Basics Value Size Ground Cumin Net Wt. 6.70 oz (190 g) UPC: 041313019532; Adams Pantry Basics Saver Size Ground Cumin Net Wt. 16 oz (454 g) UPC: 041313023126; No brand name Cumin, Ground 50# Box Item Code: 33325 UPCA: 041313333256 and 25# Box Item Code: 33326 UPCA: 041313333263 | Crawfish Boudin Spice Pack 21# Item Code: JB-880 | Amigos Taco Seasoning Blend 820lb (blend) | Mrs Dash Savory Lemon w/ Herbs; Mrs Dash Savory Lemon/Herb 50# Item Code: 98445 | CTI Light Chili Powder 50# Item Code: CT 411 | Carne Guisada FG 14.5lb. Item Code: JB1360 | Bubba's Bar-B-Q Rub Multi-Purpose Chicken Net Wt. 11.5 oz. (326g) NDC: 899929001034 | 50# Menudo Seasoning Item Code: 23024 Item UPCA: 041313230241 | HEB Market Style Chorizo Spice 30# Bag Item Code: 51002 | Hausman Chorizo Seasoning 50# Item Code: 56873 | Adams Reserve Southwest Rub Net Wt. 4.79 oz (136g) UPC: 041313045746 | Adams Brisket Rub Net Wt. 13.47 oz (382 g) UPC: 041313024338; Adams Brisket Rub Net Wt. 32 oz. (908 g) UPC: 041313024345 | Bubba's Bar-B-Q Rub Multi-Purpose Pork Net Wt. 10.9 oz. (309g) NDC: 899929001027 | CN Taco Spice Pak 33.85# Item Code: J1301 | Chili CN Seasoning 34.8125# Bag Item Code: J1302 | Private Selection C"
,maker_linked,False,FDA,70474,2015-03-25,"Twin City Bagel, Inc.","South Saint Paul, MN",Aldi;Kroger;Target;UNFI/SuperValu,Essential Everyday;Kroger;L'oven Fresh;Market Pantry,,"Whole Wheat bagels sold under the following brands and sizes:    1.	Kroger 6 count, UPC 11110-02887  2.  Lender's 6 count, UPC 76800-56333  3.	L'Oven Fresh Mini 12 count, UPC 41498-17880  4.	Pepperidge Farm Mini 17 oz., UPC 14100084938  5.	Thomas' 6 count, UPC 4812125505  6.	Village Hearth 6 count, UPC 76057-00319 | Blueberry bagels sold under the following brands and sizes:    1.	Dan's Pantry 6 count, UPC 76057-00479  2.  Essential Everyday 5 count, Keep Refrigerated, UPC 41303-00682  3.	Jewel 6 count, UPC 4128001266  4.	Kroger 6 count, UPC 11110-02886  5.	Sara Lee 6 count, UPC 7294535069  6.	Village Hearth 6 count, UPC 76057-00324 | Onion bagels sold under the following brands and sizes:    1.	Jewel 6 count, UPC 4128001269  2.	Thomas 6 count, UPC 4812124903 | Dan's Pantry Wheat Bagels  6 count, UPC 76057-00479 | Plain Bagels sold under the follow brand names and sizes:  1.	Dan's Pantry Bagels 6 count, UPC 76057-00479,   2.  Essential Everyday 5 count, Keep Refrigerated, UPC 41303-00683  3.	Jewel 6 count, UPC 41280-01268,  4.	Kroger 6 count, UPC 11110-02884  5.	Kroger Mini 12 count, UPC 11110-02889  6.	L'Oven Fresh 6 count, UPC 41498-19169,  7.	L'Oven Fresh 12 count, UPC 41498-15151  8.	Lender's 6 count, UPC 76800-56383,   9.	Market Pantry 6 count, Keep Refrigerated, UPC 85239-03104,  10.	Market Pantry Mini 12 count, Keep Refrigerated, UPC 85239-03145,  11.	Pepperidge Farm 21 oz., UPC 14100078081  12.	Pepperidge Farm Mini 17 oz., UPC 14100075622  13.	Sara Lee 6 count, UPC 72"
,maker_linked,False,FDA,70221,2015-04-01,"Dursett Amigos, Ltd","San Antonio, TX",Hy-Vee,Hy-Vee,,"HyVee Taco Sauce Mild Net Wt. 16 oz. (454 g); UPC:075450018219; DISTRIBUTED BY HY-VEE, INC. 5820 WESTOWN PARKWAY WEST DES MOINES, IA 50266 | Parade Taco Dinner Kit Includes Shells, Seasoning and Sauce Net Wt. 9.75 oz. (276 g); UPC:050700091518; DISTRIBUTED BY FEDERATED GROUP, INC. 3025 W. SALT CREEK LN. ARLINGTON HEIGHTS, IL 60005 | HyVee Enchilada Sauce Mild Net Wt. 15 oz. (425 g); UPC:075450018097; DISTRIBUTED BY HY-VEE, INC. 5820 WESTOWN PARKWAY WEST DES MOINES, IA 50266 | Laura Lynn Taco Dinner Kit Kit Includes: 12 Taco Shells,Seasoning Mix Salsa; Net Wt. 9.75 oz. (276 g); UPC:086854045923; DISTRIBUTED BY INGLES MARKETS, INC. ASHEVILLE, NC 28816 | Ricos Thick 'N Chunky Salsa Net Wt. 132 oz. (3.74 Kg); UPC:079426650670; RICOS PRODUCTS CO., INC. 830 S PRESA ST SAN ANTONIO, TEXAS 78210 | HEB Bean & Cheese Dip 9 oz. UPC: 041220804016 | Roundy's Salsa Verde Salsa Net Wt. 16 oz. (1 LB) 454 g; UPC:011150083645; DISTRIBUTED BY ROUNDY'S SUPERMARKETS, INC. MILWAUKEE, WI 53201-0473 | HyVee Taco Sauce Medium Net Wt. 16 oz. (454 g); UPC:075450018196; DISTRIBUTED BY HY-VEE, INC. 5820 WESTOWN PARKWAY WEST DES MOINES, IA 50266 | HyVee Taco Dinner Kit 12 hard shells, taco sauce & seasoning mix; Net Wt. 9.75 oz. (276 g); UPC:075450018073; DISTRIBUTED BY HY-VEE, INC. 5820 WESTOWN PARKWAY WEST DES MOINES, IA 50266 | Brookshire's red Enchilada Sauce Net Wt. 15 oz. (1 LB) 425g; UPC:092825097488; DISTRIBUTED BY: BROOKSHIRE GROCERY COMPANY P.O. BOX 1411,TYLER, TX 75710-1411 | Roundy's original e"
,maker_linked,False,FDA,70526,2015-04-01,Whole Food Market,"Austin, TX",Whole Foods,Whole Foods Market,,"Whole Foods Market ""Chocolate Cake for Two"" UPC code: 246357004999 Net Wt. 11 oz (0.69lb) in a clear plastic ""clam shell"" container. PLU#46357"
,maker_linked,False,FDA,70281,2015-04-08,Gilster-Mary Lee Corp.,"Chester, IL",Target,Market Pantry,,Honey & Oat Mixers ready-to-eat dry cereal sold under the market pantry brand and packaged in card stock cartons with a new weight of 18 oz. (1 lb. 2 oz.) 510 g.
,maker_linked,False,FDA,70527,2015-04-08,Whole Food Market,"Cambridge, MA",Whole Foods,Whole Foods Market,,"Whole Foods Market Divine Treasures 100000 Smooches,  Vegan Chocolate packaged in a clear round 8 oz  plastic container, various weights"
,maker_linked,False,FDA,70425,2015-04-22,"Middle East Bakery, Inc.","Lawrence, MA",Trader Joe's,Trader Joe's;Trader Joes,,"Joseph's Mini Whole Wheat Pita, labeled as 100% STONE GROUND Whole Wheat Bread NET WT. 8 OZ (227g), UPC 074117000420. Product is packaged in a plastic bag. | Josephs White Lavash, labeled as Josephs Lavash Roll-Ups Six Square Breads NET WT. 14 OZ (397 g), UPC 074117000697.  Product is packaged in a plastic zip top bag. | Joseph's Pita Bread, NET WT. 11 OZ, UPC 074117000147, with a sell by date of February 5, 2015 printed on the plastic closure tab.  Product is packaged in a plastic bag. | Trader Joe's Pocketful of Fiber Pita Bread, UPC 00945097 | Trader Joe's 8 oz. Pita Bread, UPC 00146340 and Trader Joe's 10 oz. Pita Bread, UPC 00146142 | Trader Joe's Mini Whole Wheat Pitas, UPC 00637138 | Trader Joe's 8 oz. Apocryphal 100% Whole Wheat Pita, UPC 00146326 and Trader Joe's 10 oz. Apocryphal 100% Whole Wheat Pita, UPC 00146333 | Trader Joes Organic Pita Pocket Bread 100% Whole Wheat, UPC 00721196, with a sell by date of FEB 03 printed on the plastic closure tab. | Josephs Mini White Pita, labeled as Josephs Enriched Pita bread NET WT. 8 OZ (227 g), UPC 074117000413.  Product is packaged in a plastic bag. | Trader Joe's Mini Pitas, UPC 00193856"
,maker_linked,False,FDA,70674,2015-04-22,Polar Corp.,"Worcester, MA",Ahold Delhaize,Stop & Shop,,"Stop & Shop Clear Splash Orange Mango, 1 liter plastic bottle  Flavored Sparkling Water Beverage  Distributed by Foodhold U.S.A., LLC  Landover, MD 20785  UPC Codes: 6-882677-14066"
,maker_linked,False,FDA,70208,2015-05-06,Con Yeager Spice Co,"Zelienople, PA",Western Family,Shurfine,,"Con Yeager Spice Company, Zelienople, PA 16063  PAPA WOOD BBQ ALL PURPOSE RUB    NET WEIGHT: 12 oz and 5.22 oz  UPC: 38756; 38755  Lot: .219098 | GODSHALL'S S0111 -- 36959 Net Weight 50 LBS.  Godshall's Quality Meats, Telford, PA 18969  Con Yeager Spice Company, Zelienople, PA 16063    UPC: 36959  Lot #: .212497 | MOJITO LIME RUB & MARINADE    BADURIK'S BUTCHER BLOCK, Mineral Ridge, OH 44440     Net Weight 12ozs;  UPC: 37045;  Lot #: .212348; .216433; .218471   Bill Bateman's Bistro, CLARKSVILLE, MD 21234    Net Weight	 12ozs; UPC: 37045; Lot #: .215754  Con Yeager Spice Company, Zelienople, PA  16053      Net Weight 10 lbs; 15 lbs and 50 lbs; UPC:37040; Lot #: .208001;   Net Weight 26.4oz; UPC: 37046; Lot #:.211849; .215174; .216503; .218751; .219423;  .219619;   Net Weight 12ozs; UPC: 37045; Lot #: .210212 ; .212160; .214726; .216057; .217021; .219602;  Net Weight 3.68ozs; UPC: 37044;  Lot #: .210258; .210258; .210617; .210808; .213895; .215724; .217084;   Net Weight: 3.03oz.; UPC: 30651; Lot #: .219084;  DARRENKAMPS, MT JOY, PA  17562    Net Weight 12ozs; UPC:37045; Lot #: .215349  G & E SUPERMARKET, OCEAN VIEW, DE  19970    Net Weight 12ozs; UPC: 37045; Lot #: .208914; .211551  LIVINGSTON PACKING CO., JAMESTOWN, PA  16134    Net Weight 8lbs;  UPC: 37048;  Lot #: .217401  THREE PINES TAVERN, MT HOLLY SPRINGS, PA  17065    Net Weight 15lbs; UPC: 37040; Lot #: .214294 | BRINGHURST CATERING BBQ   NET WEIGHT: 50 LBS.  UPC: 37827  LOT #: .208995    CON YEAGER SPICE, INC., ZELIE"
,maker_linked,False,FDA,70824,2015-05-06,Twin City Foods Inc,"Stanwood, WA",Meijer;UNFI/SuperValu;Wegmans,Meijer;Wegmans;Wild Harvest,,"Wegmans Organic Just Picked Spinach, 12 oz.(340g) frozen packages, UPC 77890 32932 | Wild Harvest Organic Cut Leaf Spinach, 16 oz. (454 g) frozen packages, UPC 11535 50170 | Meijer Organics Chopped Spinach, 16 oz. (454 g) frozen packages, UPC 41250 02362 | Cadia Organic Cut Spinach, 16 oz. (454 g) frozen packages, UPC 15369 01165"
,maker_linked,False,FDA,70760,2015-05-06,First Source Llc Buffalo,"Buffalo, NY",Wegmans,Wegmans,,"Wegmans Organic Food You Feel Good About Walnut Halves & Pieces, NET WT. 6 oz (170 g), UPC 077890358009.  Distributed by Wegmans Food Markets, Inc. Rochester, NY 14609.  Product is packed in a clear tub.  Each case has contains 12 units (tubs)."
,maker_linked,False,FDA,70611,2015-05-13,Cott Beverages Inc.,"Tampa, FL",Kroger,Kroger,,Inked Mango Energy Drink | Uforce Q40 Tropical Mango Energy Drink | Rey Panama Tropical Mango | Sunny Select Mango Guava | Quick Strike Tropical Mango | Red Rain Energy Drink Tropical Mango | Clear Choice Diet Orange Mango | Uforce R140 Tropical Mango Energy Drink | Clear Splash Orange Mango | Kroger Shots Tropical Mango Flavor | Kroger Shots Tropical Mango Flavor 2 pack
,maker_linked,False,FDA,70409,2015-05-13,"Spiceco, Inc.","Avenel, NJ",UNFI/SuperValu,Shoppers Value,,"Better Valu Chicken Seasoning Net. Wt. 5.25 oz (149 g)  Distributed by: Federated Group, Inc. 3025 W. Salt Creek Lane Arlington Heights, IL 6005 www.better-valu.com  UPC 079807003794 | Twin Tree Gardens Premium Spice Blends Seasoning Salt  Net 5.5 oz (155 g) Distributed to Flavor Delite, Inc. Reinburg South Carolina   PC4016 | Hytop Seasoned Salt  Packed for Federated Group, Inc Arlington Heights, IL 60005  a) 5.25 oz. (149 g) UPC 050700083964  b) 16 oz(454 g) UPC 050700482576 | Shoppers Value Chicken Seasoning  5 oz. - UPC 041130310676  Distributed By: Supervalu Inc., Eden Prairie, MN 55344 USA, | Emeril's Cajun Seasoning Blend, 3.45 oz. (98g) Distributed by: B&G Foods, Inc., Parsippany, NJ 07054 USA, UPC 07468309979 | Spice Deluxe Chicken Seasoning Net Wt. 3.5 oz (99 g) Manufactured by Spiceco Terminal Way Avenel, NJ 07001 USA www.spice-co.com UPC 078006000048 | Redner's Warehouse Markets Spice Rack Chicken Rub 2.75 oz (77 g) Manufactured for Redner's Warehouse Markets #3 Quarry Road, Reading PA 19605 UPC 015984695937 | Sylvia's Sizzlin' Hot Spice, Net Wt. 5.5 oz. (156g), Distributed by: Sylvia Woods Food Company, P.O. Box 240, Harlem, NY 10027, UPC 608623000515 | Maison Royal   labeled as ordered | Sylvia's Rib Rub N More Seasoning, Net Wt. 5.5 oz. (155g), Distributed by: Sylvia Woods Food Company, P.O. Box 240, Harlem, NY 10027, UPC 608623000683 | Spice Eagle Brand Seasoning Salt BLN101200 Net Wt: 50 Lbs   Packed by : Spiceco Avenel, New Jersey 07001 | Pride of Szeged Hun"
,maker_linked,False,FDA,70922,2015-05-13,Whole Food Market,"Austin, TX",Whole Foods,Whole Foods Market,,Whole Foods Market Health Starts Here Rye Bread (formerly 100% Rye) 16 oz. PLU# 41844
,maker_linked,False,FDA,70789,2015-05-20,"Aurora Products, Inc.","Orange, CT",Ahold Delhaize;Whole Foods,Hannaford;Stop & Shop;Whole Foods Market,,"Walnuts: America Choice, 12 oz. Plastic Pouch, UPC: 75480779049; Aurora , 6.5 oz. Plastic Cup, UPC: 65585200097; Aurora, 14.0 oz. Plastic Tub, UPC: 65585200070; Aurora, Bulk, NO UPC; Aurora, 4.0 oz. Plastic Pouch, UPC: 65585200490; Aurora, 12.0 oz. Plastic Pouch, UPC: 65585200316; Belmont Market, 6.5 oz. Plastic Cup, UPC: 65585200097; Ernest Klein, 6.5 oz. Plastic Cup, UPC: 65585200097; Food Emporium Brand Products, 14.0 oz. Plastic Tub, UPC: 1119079096; Food Emporium Brand Products, 12.0 oz. Plastic Pouch, UPC: 72297451004; Gauls Market Brand Products, 6.5 oz. Plastic Cup, UPC: 65585200097; Giant Carlisle Food Store, 6.5 oz. Plastic Cup, UPC: 68826713594; Giant of Maryland, 6.5 oz. Plastic Cup, UPC: 68826713594; Gourmet Garage, 6.5 oz. Plastic Cup, UPC: 79084505931; Gourmet Garage, 14.0 oz. Plastic Tub	, UPC: 79084505371; Harvest Co  Op Market, 6.5 oz. Plastic Cup, UPC: 65585200097; Hurley Ridge, 6.5 oz. Plastic Cup, UPC: 65585200097; Hurley Ridge, 12 oz. Plastic Pouch, UPC: 65585200316; Lees Market, 6.5 oz. Plastic Cup, UPC: 65585200097; Martins Food, 6.5 oz. Plastic Cup, UPC: 68826713594; Palmers Market, 6.5 oz. Plastic Cup, UPC: 65585200097; Stop & Shop, 6.5 oz. Plastic Cup, UPC: 68826713594; Union Market, 6.5 oz. Plastic Cup, UPC: 65585200097; Walter Stewart Market, 14.0 oz. Plastic Tub, UPC: 65585200070; Wild Acorns, 6.5 oz. Plastic Cup, UPC: 81957401075; Wild By Nature Brand Products, 6.5 oz. Plastic Cup, UPC: 65585270097; Windfall Market, 6.5 oz. Plastic Cup, UPC: 655"
,maker_linked,False,FDA,71068,2015-05-20,"Magic Valley Fresh Frozen, Inc","McAllen, TX",UNFI/SuperValu;Western Family,Essential Everyday;Shur Fine,,"Bountiful Harvest Chopped Spinach, KEEP FROZEN, Net Wt. 3 LBS. (1.36kg), Case with 12;  Chopped Spinach (Cheney Brothers) 3 pounds, 12 per case;  Essential Everyday Chopped Spinach Net Wt. 10 oz. (283g), 24 per case;  Essential Everyday Chopped Spinach Net wt. 16 oz. (1 LB) 454g, 12 per case;  Fareway Grade A Fancy Chopped Spinach Net WT 10 OZ (284 g), 24 per case;  First Street Chopped Spinach Net Wt. 32 OZ (2 LB) 907g, 12 per case;  Garden Fresh Grade A Fancy 1/20 LBS. Chopped Spinach, 1 bag per case;   Markon First Crop Grade A Fancy Chopped Spinach 12/2 LBS., 12 per case;  Springfield Fancy Chopped Spinach Net Wt 16 OZ (1 LB) 454g, 12 per case;  West Creek Frozen Vegetables Chopped Spinach 1/20 LBS., 1 bag per case;  Magic Harvest Chopped Spinach Net WT. 48oz. (3LBS) 1.36 kg, 12 per case;  Magic Harvest Chopped Spinach Greens Distributed By: Magic Valley Frozen, LLC. McAllen, TX. 78504 1/35 LBS;   Shur Fine Chopped Spinach Net WT 10 OZ (283 g), 24 per case;  Cut Leaf Spinach (Cheney Brothers) 3 pounds, 12 per case;  Essential Everyday Cut Leaf Spinach Net WT 10 oz, 24 per case;  Essential Everyday Cut Leaf Spinach Net WT 16 oz. (1 LB) 454g, 12 per case;  Springfield Fancy Cut Leaf Spinach Net WT 16 OZ (1 LB) 454g,  12 per case;  Frost Sweet Cut Leaf Spinach Distributed By Diversifood Marietta, GA. 30067 Grade A Fancy Product of USA 1/35 LBS."
,maker_linked,False,FDA,70726,2015-06-10,Frontier Natural Products Co-op,"Norway, IA",Whole Foods,Whole Foods Market,,"Frontier Natural Products Co-Op Organic Mama Garlic packaged in a cardboard canister with paper label Net  Wt. 5 oz (141 g), UPC 0 89836 18506 8.  The responsible name on the package is Frontier Norway, IA. | Frontier Natural Products Co-Op Fiesta Black Bean Mix Certified Organic packaged in a foil packets, Net 453 g 16 oz, UPC 0 89836 02761 0.  The responsible name on the package is Frontier Norway, IA. | Simply Organic Fish Taco Seasoning Certified Organic packaged in foil lined paper packet Net Wt. 1.13 OZ. (32 g), UPC 0 89836 18534 1.  The responsible name on the package is Frontier Natural Products Co-op Norway, IA. | Frontier Natural Products Co-Op Low Sodium Broth Powder Vegetable Flavored Certified Organic packaged in a foil packet, Net 453 g 16 oz, UPC 0 89836 02780 1.  The responsible name on the package is Frontier Norway, IA. | Simply Organic Roasted Garlic Spaghetti Sauce Mix Certified Organic packaged in foil lined paper packet Net Wt. 1.13 OZ. (32 g), UPC 0 89836 18543 3.  The responsible name on the package is Frontier Natural Products Co-op Norway, IA. | Frontier Natural Products Co-Op Pepper Fusion Black Peppercorns with Garlic Certified Organic packaged in a glass bottle Net Wt. 1.76 OZ. (50 g),  UPC 0 89836 19502 9. The responsible name on the package is Frontier Norway, IA. | Simply Organic Alfredo Sauce Mix Certified Organic packaged in foil lined paper packet Net Wt. 1.48 OZ. (41 g), UPC 0 89836 18544 0.  The responsible name on the package is Frontier "
,maker_linked,False,FDA,70882,2015-06-24,Whole Food Market,"Austin, TX",Whole Foods,Whole Foods Market,,"BRAN Whole Foods Market Muffin Bran 6Pk packaged in clear plastic ""clam shell"" containers, NET WT. 12 oz., PLU 24857800499 Dist. by Whole Foods Market Austin, TX 78703"
,maker_linked,False,FDA,71476,2015-07-01,"The Sweetwater Co., Inc.","Culver, OR",Kroger,Simple Truth,,"Lime Flavored Electrolyte bottled Water, sold under brand Refreshe.  Each bottle is 1 Liter (33.8 Fl. oz.).  This brand has the UPC 0 21130-24208 5. | Lemon Flavored Electrolyte bottled water, sold under brand HyVee, Raleys' Purely Made, Refreshe, and Simple Truth.  Each bottle is 1 Liter (33.8 Fl. oz.).    HyVee brand has the UPC     0 75450 12722 5;  Raley's brand has the UPC    0 46567 02873 6;  Refreshe brand has the UPC 0 21130 24207 8;  Simple Truth has the UPC     0 11110 79101 6; | Mixed Berry Flavored Electrolyte bottled Water, sold under brand HyVee, Raleys' Purely Made, and Refreshe.  Each bottle is 1 Liter (33.8 Fl. oz.).    HyVee brand has the UPC  0 75450 12723 2;  Raley's brand has the UPC 0 46567 02874 3;  Refreshe has the UCP        0 21130 24209 2;"
,maker_linked,False,FDA,71433,2015-07-15,Kerry Foods,"Beloit, WI",Publix,Publix,,"Kraft Non-Dairy Creamer, Net WT/Contenido Neto 16 oz (454 g) SKU 2100042503.    Kraft Non-Dairy Creamer, Net WT/Contenido Neto 6 oz (170g) SKU 2100042202.      Country Barn, Coffee Creamer, Non-Dairy creamer, Net WT/Peso Neto 6 oz ( 170g), SKU 3540603606.    Country Barn, Coffee Creamer, Non-Dairy creamer, Net WT/Peso Neto 11 oz ( 312g), SKU 3540603611.    Libby's Coffee Creamer, Non-Dairy creamer, 16 oz (544 g) SKU 1614308012.    Libby's Coffee Creamer, Non-Dairy creamer, 22 oz  SKU 1614308013.      Libby's Coffee Creamer, Non-Dairy creamer, 35.3 oz  SKU 1614308014.      Golden Flag, Non Dairy Creamer, Net WT 22 oz (1 lb 6 oz) 624 g, SKU 6464410734. | Kraft French Vanilla, Creamer, Non-Dairy Creamer, Net WT/Contenido Neto 35.3 oz (1 kg) SKU 2100002971.    Publix, Nondairy, FrenchVanilla, Naturally and Artificially Flavored Coffee Creamer, Net Wt 15 oz (425 g), SKU 4141501625."
,maker_linked,False,FDA,71500,2015-07-29,Marine Harvest,"Los Angeles, CA",Costco,Kirkland Signature,,"Kirkland Signature  Salmon Milano with Basil Pesto Butter    approx 1.5 lbs.    Packaged in a metal tray with plastic cover. | Kirkland Signature  Fresh Farmed Atlantic Salmon Fillet    Product of Chile  Processed in USA  approx 2lbs.    Packaged in a styrofoam tray and wrapped in plastic. | Raw, Fresh, Farmed Chilean Atlantic Salmon  -Atl Fs Sal Chilean Fill Tr D 3-4 lbs 40lbs  -Atl Fs Sal Chilean Fill Deep Skinned Tr E 3-4 lbs 10LBS  -Atl Fs Sal Chilean Fill Tr E 3-4 lbs 40lbs  -Chilean Fresh Atl Trim D 1-6 Factory 40lbs  -Chilean Fresh Atl Factory 1-6 SK off 40lbs  -ATL Fs Sal Chilean Fill Skin off FFO 2-5lb 40lbs"
,maker_linked,False,FDA,71482,2015-08-05,Dairy Farmers OF America Inc,"Kansas City, MO",Meijer;UNFI/SuperValu;Western Family,Essential Everyday;Meijer;Shur Fine,,"Pasteurized Prepared Cheese Product:    BORDEN 12/13.12OZ DTT AMERICAN CHEDDAR  PROD, 45110155767.3  . | Pasteurized Prepared Cheese Product:    BORDEN 12/8OZ SWISS SINGLES CHEESE PROD WHT, 5300000682. | Non-Fat Pasteurized Prepared Cheese Product:    FOOD CLUB 12/12OZ AMER FAT FREE YELLOW, 3680045432.  SHOPPRITE 12/12OZ AMER FAT FREE YLW, 4119045837.    MEIJER 12/12 OZ AMERICAN FAT FREE COLOR, 4125056702.  SCHNUCKS 12/12OZ AMER FAT FREE YLW, 4131858109. | Imitation Pasteurized Process Cheese Food:     SANDWICH MATE 24/6.56OZ IMITATION WHITE, 7103026288.  VALU TIME 12/10.67 OZ AMER IMITATION WHITE, 1122509215.  SANDWICH MATE 12/8OZ AMER IMITATION PASTEURIZED PROCCESS.99 WHITE, 7103025055. | Fat Free Pasteurized Prepared Cheese Product:    HYVEE 12/12OZ FAT FREE SWISS CHS, 7545009327.    BORDEN 12/12OZ SWISS FAT FREE WHT, 5300000679. | SHOP RITE 12/12OZ AMER NON-FAT WHITE, 4119045823 | Pasteurized Prepared Cheese Product:    FOOD CLUB 12/12OZ  SINGLES AMERICAN  CHEESE PRODUCT  YLW, 3680047752.    BORDEN BL 12/6OZ AMER CHS PROD YLW, 6317500640  BORDEN 24/4.37 OZ AMER CHS PROD YLW, 5300000330.  BORDEN 24/6.56OZ AMER CHS PROD YLW, 5300000350.  BORDEN 12/13.12OZ AMER CHS PROD YLW 1, 5300000370.  BORDEN 24/6OZ AMER CHS PROD YLW, 5300000566.  BORDEN 12/12OZ HT AMER CHS PRODUCT COLOR(YLW), 5300000636. | Pasteurized Prepared Cheese Product:    .BORDEN 12/10.67OZ GRILLED CHEESE MELTS YLW PP2.99, 5300000429.  BORDEN 12/12OZ GRILLED CHEESE MELTS YLW, 5300000436.  BORDEN 48/12 OZ GRILLED "
,maker_linked,False,FDA,71557,2015-08-19,"Niagara Bottling, LLC","Allentown, PA",7-Eleven;Wakefern/ShopRite;Wegmans,7 Select;ShopRite;Wegmans,,"Acadia Natural Spring Water, 16.9 Fl Oz, Distributed by FoodHold USA, Inc, Landover, MD 20785;   Acadia Natural Spring Water, 8 Fl Oz, Distributed By: FoodHold USA, LLC, Landover, MD 20785;     Acme Natural Spring Water, 16.9 Fl Oz., Distributed By Supervalu, inc., Eden Prairie, MN 55344;     Blu all natural Spring Water, 16.9 Fl Oz, Distributed by: Millennium Food Group, Locust Valley, NY 11560;     Big Y Spring Water, 16.9 Fl Oz, Distributed by Gig Y Foods, Inc., Springfield, MA 01104;     Best Yet Spring Water, 16.9 Fl Oz, Bottled By: Niagara Bottling, LLC, Ontario, CA 91761;      7 Select Spring Water, Net Wt. 16.9 FL OZ, Distributed By: 7-Eleven, Inc., Dallas, TX 75201;     7 Select Spring Water, 33.8 Fl Oz, Distributed By 7-Eleven, Inc., Dallas  TX 75201;     Morning Fresh Farms Mountain Spring Water, 16.9 Fl Oz, Distributed By Merchants Distributors, LLC, Hickory, NC  28601;     Niagara Natural Spring Water, Net. 8 fl oz, Bottled by Niagara Bottling, LLC, Ontario, CA 91761;   Niagara Natural Spring Water, Net. 16.9 fl oz, Bottled by Niagara bottling, LLC, Ontario, CA 91761;     Nature's Place all natural Spring Water, 8 Fl Oz, Distributed by DZA Brands, LLC, Salisbury, NC 28147/Scarborough, ME 04074;    Nature's Place all natural Spring Water, 16.9 Fl Oz, Distributed by DZA Brands, LLC, Salisbury, NC 28147/Scarborough, ME 04074;       Price Rite Spring Water, 16.9 Fl Oz, Bottled By Niagara Bottling, LLC., Ontario, CA 91761;     Super Chill H2O Natural Spring Water, 16."
,maker_linked,True,FDA,71596,2015-08-26,"H E B Grocery Company, LP","Houston, TX",H-E-B,Hill Country Fare,,"HEB Bake Shop 8 Wheat Hot Dog Buns, Net Wt. 12 OZ, UPC: 041220191659 | HEB Bake Shop 8 Seeded Hamburger Buns Enriched Buns, Net Wt. 18 OZ (1 LB 2 OZ), UPC: 041220101276; HEB Bake Shop 6 Texas Sized Seeded Hamburger Buns Enriched Buns, Net Wt. 17.75 OZ (1 LB 1.75 OZ), UPC: 041220217618 | HEB Bake Shop 8 Hamburger, Enriched Buns, Net Wt. 17.75 OZ (1 LB 1.75 OZ), UPC: 04122041461; HEB Bake Shop 6 Texas Sized Hamburger Buns Enriched Buns, Net Wt. 17.75 OZ (1 LB 1.75 OZ), UPC: 041220742264; Kurz Texas Size Plain Buns (no label) | Good Bread 10"" Coney, Net Wt. 18.2 OZ (516g), UPC: 041220181506; Good Bread 16 Hot Dog Enriched Buns Net Wt. 24 oz (680g) UPC: 04122018147 | Good Bread 16 Wheat Buns, Net Wt. 29.4 oz (832g); HEB Bake Shop 8 Wheat Hamburger Buns, Net Wt. 18 OZ (1 LB 2 OZ), UPC: 041220191642 | Hill Country Fare 16 Hot Dog Buns Enriched Buns, Net Wt. 24 OZ (1 LB 8 OZ) (680g). UPC: 04122041611; Hill Country Fare 8 Hot Dog Buns Enriched Buns, Net Wt. 12 OZ (340g), UPC: 041220602018; HEB Bake Shop 8 White Hot Dog Buns Enriched Buns, Net Wt. 12 OZ, UPC: 041220839100 | HEB Bake Shop 100% Whole Wheat 8 Hamburger Buns, Net Wt. 17.75 OZ (1 LB 1.75 OZ), UPC: 041220830565"
,maker_linked,False,FDA,72040,2015-09-23,Jo'S Candies,"Torrance, CA",Trader Joe's,Trader Joe's,,Trader Joe's Dark Chocolate covered Honey Grahams with Sea Salt   NET Wt. 8oz. (227g)    SKU #0055 0246    Product is packaged in 8oz. clear tubs.
,maker_linked,False,FDA,72201,2015-10-07,Savannah-Imperial LP- Savannah Sugar Refinery,"Port Wentworth, GA",Kroger,Kroger,,"PSST, Granulated Sugar, Net Wt. 4 lbs (1.81 kg), Distributed by Kroger Co., Cincinnati, OH 45202. | Dixie Crystals, Sugar  EFG, Net Weight 50 lbs and 2000 lbs., Imperial Sugar Company, Savannah, GA. | Clear Value Sugar, granulated, Net Wt. 4 lbs (1.81 kg), Distributed by Topco Associates LLC, 7711 Gross Point Road, Skokie, IL 60077. | Imperial  GMI, Non GMO  Linerless Sugar  EFG, Net Weight 2000 lbs., Imperial Sugar Company, Savannah, GA. | Laura Lynn, Pure Cane Sugar, Net Wt. 25 lbs (11.34 kg), Distributed by Ingles Markets, Inc., Asheville, NC 26816. | West Creek, Extra Fine Granulated Sugar, Net Wt. 25 lbs (11.3 kg), Distributed by Performance Food Group, Richmond, VA 23238. | Monarch, Granulated Sugar, Net Wt. 25 lbs and 50 lbs (22.88 kg), Distributed by US Foods, Inc., Rosemont, IL. | Imperial Sugar, Pure Granulated Sugar, Net wt. 50 lbs (22.6 kg), Distributed by Imperial-Savannah LP, Sugar Land, Texas 77478."
,maker_linked,False,FDA,72095,2015-10-07,"H E B Grocery Company, LP","Houston, TX",H-E-B,Hill Country Fare,,Hill Country Fare Natural Spring Water 1 GAL./3.78L container packaged in polyethylene jug
,maker_linked,False,FDA,71833,2015-10-21,"Shawnee Milling Company, Inc.","Shawnee, OK",Western Family,Shur Fine,,Sysco 25 pound All Purpose Flour: Best By 07/22/2016; Always Save 5 pound All Purpose Flour: Best By 07/23/2016; Best Choice 5 pound All Purpose Flour: Best By 07/23/2016; Hy Top 5 pound All Purpose Flour: Best By 07/24/2016 | Shawnee Milling Company Hotel And Restaurant Self Rising Climax Four Net 50 Lbs.; Always Save Self-Rising Flour Enriched Bleached Net Wt 5 LB (2.26kg) in waxed paper bag; Best Choice Flour Self-Rising Enriched Bleached Net Wt 5 LB (2.26 kg) in wax paper bag; HyTop Enriched Flour Bleached Self-Rising Net Wt 5 LB (2.27 kg) in waxed paper bag; Parade Enriched Flour Bleached Self-Rising Net Wt 5 LB (2.27kg) in waxed paper bag; Shawnee Best Self Rising Flour Bleached Enriched Pre-Sifted net Wt. 5 LB. (2.268 kg) in waxed paper bag; Shur fine self-rising bleached & enriched flour Net Wt 5 LB (2.27kg) in waxed paper bag.
,maker_linked,False,FDA,72309,2015-10-28,Wyandot Inc,"Marion, OH",Meijer,Meijer,,"Traditional Round Yellow Tortillas. Sold under the brand names of: Better Made, Meijer, 7-Eleven Always Save & Wendy's. 3.75 oz, 12 oz, 13, oz & 18 oz plastic bags,"
,maker_linked,False,FDA,72340,2015-11-11,"Texas Star Nut and Food Co., Inc.","Boerne, TX",Aldi,Southern Grove,,"Nature's Eat Natural Macadamia Nuts NET WT 6 OZ (170g) in cello bags. | Southern Grove Simply Raw Trail Mix Raw Cashews, Walnuts and Macadamia Nuts NET WT 8 OZ (226g) in cello reclosable bags."
,maker_linked,False,FDA,72497,2015-11-25,Kar Nut Products Company,"Madison Heights, MI",Aldi,Southern Grove,,"Kar's Sweet n' Salty Mix  Box of 20, 1.75 oz. flexible film bags. 2 boxes per case. | Kar's 18 CT. Variety Pack, Box of 9, 3.5 oz. flexible film bags Sweet n' Salty | Kar's Sweet n' Salty Mix  Box of 18, 3.5 oz. flexible film bags. 1 box per case. | Kar's Sweet n' Salty Mix  3.5 oz. flexible film bags. 42 bags per case. | Kar's Sweet n' Salty Mix  2 oz. flexible film bags. 72 bags per case. | Kar's Sweet n' Salty Mix  34 oz. flexible film bags. 6 bags per case. | Kar's Sweet n' Salty Mix  Box of 5, 1.25 oz. flexible film bags. 6 boxes per case. | Kar's Sweet n' Salty Mix  Box of 30, 2 oz. flexible film bags. | Kar's Sweet n' Salty Mix  16 oz. flexible film bags. 6 bags per case. | Southern Grove On The Go Trail Mix   box of 8, 1.5 oz. flexible film bags. 8 boxes per case. | Golden Flake Trail Mix   2.25 oz. flexible film bags. 36 per case."
,maker_linked,False,FDA,71731,2015-11-25,National Frozen Foods Corporation--Seattle,"Seattle, WA",Target,Market Pantry,,"Italian Vegetable Blend.  Product is frozen, not ready to eat, label carries cooking instruction.      Label reads in part   ""***SIMPLOT CLASSIC*** ITALIAN BLEND*** INGREDIENTS:  ZUCCHINI, CARROTS, CAULIFLOWER, ITALIAN BEANS, LIMA BEANS, RED BELL PEPPER***""      For 12/2 lb UPC on proof for bag 0 71179 18875 2. Shipping Case UPC Code 10071179188759.    For 20 lb. case, a blue liner is used (no UPC), Shipping Case UPC Code 10071179188872.    20 LBS. NET WT case consists of one unmarked blue poly bag.  32oz (2 LBS) - case consists of 12/32oz packages    Copy of proof for bag and proof for case label provided. | Italian Vegetable Blend.  Product is frozen, not ready to eat, label carries cooking instruction.      Label reads in part   ""***MARKON FIRST CROP***  A proof of the label was provided, it does not contain product identity, net wt or ingredients.    This product is available in two sizes, 12/2 lb or 20 lb. Copies of case labels were provided.  Label reads in part  ""***20 KB NET WT. 349548 MARKON FIRST CROP ***ITALIAN BLEND CONTAINS:  BROCCOLI, CAULIFLOWER, CARROTS, ITALIAN BEANS, LIMA BEANS,***(UPC) 0 07 23234 13245 2***""  No UPC on blue liner.  Shipping Case UPC Code 10723234132954.    ""***12/2 lbs 349547 MARKON FIRST CROP***ITALIAN BLEND CONTAINS:  BROCCOLI, CAULIFLOWER, CARROTS, ITALIAN BEANS, LIMA BEANS***""  No UPC on generic bags; Shipping Case UPC Code 10723234132954. | Italian Vegetable Blend.  Product is frozen, not ready to eat, label carries cooking instruction"
,maker_linked,False,FDA,72114,2015-11-25,"Lakeside Foods, Inc","Manitowoc, WI",Ahold Delhaize,Giant Eagle,,"Frozen Peas & Carrots, Product is IQF, frozen, not ready to eat, each label carries cooking instructions.  Product is packaged under the following brand names and sizes:   1.  Bountiful Harvest, Net Wt.40 oz. (2.5 lbs.) 1.13 kg, UPC 22486-11902;   2.  Giant Eagle, Net Wt 16 oz (1 lb) 454 g, UPC 30034-00993;   3.  Our Family, Net Wt 16 oz (454 g), UPC 70253-10513;   4.  Sysco Classic, Net Wt 40 oz (2.5 lbs) 1.13 kg, UPC 74865-07850."
,maker_linked,False,FDA,72530,2015-11-25,"Maplehurst Bakeries, LLC.","Brownsburg, IN",Publix,Publix,,"7"" Publix Bakery - German Chocolate Layer Cake.  Product is shipped in cases containing 6 individual cakes."
,maker_linked,False,FDA,72547,2015-12-02,Green Organic Vegetables Incorporated,"Taunton, MA",Ahold Delhaize,Nature's Promise,,"Natures Promise Organic Edamame in Pod, 16 oz., UPC 68826702124. Product is frozen. | Natures Promise Organic Shelled Edamame, 16 oz., UPC 68826712764.  Product is frozen."
,maker_linked,False,FDA,72640,2015-12-16,"Saputo Dairy Foods USA, LLC","Dallas, TX",UNFI/SuperValu,Essential Everyday,,"1.) Essential EVERYDAY Chocolate Flavored Dairy Whipped Topping, Made with Real Cream, Ultra-Pasteurized Grade A, NET WT 13 OZ (368g); 2.) HyVee Chocolate FLAVORED WHIPPED TOPPING ULTRA-PASTEURIZED GRADE A - SWEETENED, NET WT 13 OZ (368g); 3.) Lucerne DAIRY FARMS Chocolate Whipped Topping MADE WITH REAL CREAM, NET WT 13 OZ (368g)."
,maker_linked,False,FDA,72589,2015-12-16,First Source Llc,"Buffalo, NY",Wegmans,Wegmans,,"Wegmans Premium Dark Chocolate Pistachio Toffee, NET WT 9 OZ (255 g), UPC 0 77890 12698 1, Distributed By: Wegmans Food Markets, Inc., Rochester, NY 14603, Product contains tan and brown labels fixed to the top and bottom of the clear plastic tubs and shipped 12 units per case."
,maker_linked,False,FDA,72637,2015-12-16,"Lakeside Foods, Inc","Manitowoc, WI",Ahold Delhaize;Western Family,Giant Eagle;Shur Fine,,"French Style Green Beans packaged under the following labels:  1.  Giant Eagle, Net Wt. 16 oz (1 LB) 454 g, UPC 30034-00978;  2. Shur fine, Net Wt. 16 oz, 1 LB (454 g), UPC 11161-13478"
,maker_linked,False,FDA,72668,2016-01-06,Ehrmann Arizona Dairy Llc,"Casa Grande, AZ",Aldi,Friendly Farms,,"Friendly Farms   Greek   Peach Parfait  Nonfat Yogurt  net wt. 5.3 oz (150g)    Distributed by ALDI Inc., Batavia, IL 60510"
,maker_linked,False,FDA,72932,2016-02-10,"Taylor Farms Pacific, Inc.","Tracy, CA",Albertsons,Signature Cafe,,"Signature Cafe Traditional Stuffing;  Turkey Broth, Seasoned Bread Crumb Mix, Celery, Yellow Onion.  Net WT. 39 oz. (2 lbs 7 oz) 1.1 kg.  Perishable, Keep refrigerated.    UPC 21130-08320     Distributed by Lucerne Foods Inc.  PO Box 99  Pleasanton, CA  94566"
,maker_linked,False,FDA,73128,2016-03-09,Dole Fresh Vegetables Inc,"Monterey, CA",Kroger,Kroger,,"Organic Baby Arugula  - 5 oz. clamshell - Loblaw      All marketed Dole and private label salads produced in the Springfield, OH facility.  Product may be identified by an A in the upper right hand corner of the package. | Chopped Sesame Ginger Kit, 13.6 oz. bag, Dole brand.       All marketed Dole and private label salads produced in the Springfield, OH facility.  Product may be identified by an A in the upper right hand corner of the package. | Sweet Baby lettuces,  5 oz. clamshell, Dole brand. .       All marketed Dole and private label salads produced in the Springfield, OH facility.  Product may be identified by an A in the upper right hand corner of the package. | Organic Baby Spinach - 11 oz.  and 5 oz. clamshell - Loblaw  5 oz and 16 oz, Clamshell - Kroger    All marketed Dole and private label salads produced in the Springfield, OH facility.  Product may be identified by an A in the upper right hand corner of the package. | Baby Spinach with Tender Reds,  5 oz. clamshell, Dole brand. .       All marketed Dole and private label salads produced in the Springfield, OH facility.  Product may be identified by an A in the upper right hand corner of the package. | Mediterranean, 8 oz. bag. Dole brand.      All marketed Dole and private label salads produced in the Springfield, OH facility.  Product may be identified by an A in the upper right hand corner of the package. | All Natural Chopped Bacon & Bleu Kit; 12.9 oz.  bag - Dole brand.      All marketed Dole and private la"
,maker_linked,False,FDA,72641,2016-03-09,Frozen Specialties Inc,"Archbold, OH",Ahold Delhaize,Food Lion;Hannaford,,"FOOD LION CHEESE microwaveable crispy thin crust pizza KEEP FROZEN NET WT 5.2 OZ (147Gg) (U) INGREDIENTS: CRUST***SAUCE***MOZZARELLA CHEESE BLEND***CONTAINS: WHEAT, SOY, MILK. DISTRIBUTED BY: FOOD LION, LLC, SALISBURY, NC 28147 UPC 0 35826 08821 5 | FOOD LION CHEESE crispy thin crust pizza KEEP FROZEN NET WT 5.2 OZ (147Gg) (U) INGREDIENTS: CRUST***SAUCE***MOZZARELLA CHEESE BLEND***CONTAINS: WHEAT, SOY, MILK. DISTRIBUTED BY: FOOD LION, LLC, SALISBURY, NC 28147 UPC 0 35826 08815 4 | Hannaford CHEESE crispy thin crust pizza KEEP FROZEN NET WT 5.2 OZ (147Gg) (U) INGREDIENTS: CRUST***SAUCE***MOZZARELLA CHEESE BLEND***CONTAINS: WHEAT, SOY, MILK. DISTRIBUTED BY: HANNAFORD BROS. CO., SCARBOROUGH, ME 04074 UPC 0 41268 19400 1"
,maker_linked,False,FDA,73347,2016-04-06,Fresh Creative Foods,"Vista, CA",H-E-B,H-E-B,,H-E-B Tartar Sauce  8 oz.  UPC: 41220 33244
,maker_linked,False,FDA,73089,2016-04-06,Heritage International,"Compton, CA",Trader Joe's,Trader Joe's,,"Trader Joe's Nuts   Raw Cashew Pieces  NET Wt. 18 oz (1 LB)   UPC Code: 0050 5154  Product of Thailand, Vietnam, & India  Packaged in Thailand"
,maker_linked,True,FDA,72822,2016-04-20,"C. H. Guenther & Son, Inc.dba Morrison Milling","Denton, TX",H-E-B;Walmart,Great Value;Hill Country Fare,,HSRG Cornmeal Breader NET WT 25 LB (11.33 kg) | Morrison's Pancake Mix Net Wt 5 LB (2.27 kg) | HEB Lemon Seasonal Fish Fry Mix NET WT. 16 OZ (1 LB) CONT. NET 454g and HEB Lemon Seasonal Fish Fry Mix NET WT. 10 OZ  CONT. NET 284g  packed in paper box | Pioneer Sweet Corn Muffin Mix NET WT. 5 LBS 2.27 kg | Buttermilk Pancake Mix # 1 NET WT 5 LBS (2.27kg) | HEB Cheddar Bacon Flavored Cornbread Mix NET WT. 13.3 OZ (377g) packed in paper box | CFS Batter/Breader Mix Net Weight 5 Lbs (2.27 KG) | Cotton Patch Cafe Chicken Fried Steak Batter Mix NET WT 30 LBS (13.63 kg) | Pioneer Sweet Potato Pancake Mix NET WT/PESO NETO 5 LBS (2.27 kg) | Pioneer Brand Complete Buttermilk Pancake & Waffle Mix Premium Quality NET WT 32 oz. 2 lb/907g and Pioneer Brand Buttermilk Pancake & Waffle Complete Mix Premium Quality NET WT 6 oz (170g) packed in paper box | Razzoo's Seasoned Corn Flour NET WT 25 LB (11.33 kg) | FBR Batter Mix NET WT 30 LBS (13.61 kg) | Pioneer Hush Puppy Mix  NET WT 5 LB 2.27 kg | Morrison's Country Style Corn Bread Mix NET WT 25 LB (11.33 kg) and Morrison's Country Style Cornbread Mix NET WT 5 LB (2.27 kg) | Parade Cornbread Mix White NET WT/PESO NETO 6 OZ (170g) packed in paper box | Z Tejas Cornbread Blend 212759 NET WEIGHT 4.5 LBS. (2.04 kg) | Pioneer Mulit-Grain Pancake & Waffle Mix NET WT 5 LBS (2.27 kg) | Pioneer Corn Bread Mix NET WT 5 LBS (2.27 kg) | Morrison's Hushpuppy Mix NET WT 5 LB (2.27 kg) | Fletcher's Corny Dog Mix NET WT 25 LB (11.33 kg) | Morrison's Country St
,maker_linked,False,FDA,73358,2016-04-20,Mt Perry Foods Inc,"Mount Perry, OH",Kroger,Kroger,,"Kroger Brand Chicken Salad Croissant Sandwiches packaged in individual clear rigid plastic clamshell containers packaged in 6 brown corrugated card board boxes, 6 to a case, for a total of 36 sandwiches.  Cases identified with white stick on label with black ink printing reading ""Chicken Salad Croissant Sandwich along with black fine tip marker with hand written reverse Julian date reading 318."
,maker_linked,False,FDA,72085,2016-04-27,BIMBO Bakeries USA Inc.,"Horsham, PA",Aldi;Kroger;Walmart,Fit & Active;Great Value;Kroger,,"Sara Lee Delightful Healthy Multi-Grain Bread Twin pack, 2 lbs 8 oz, On bag: AUG 29, UPC:  7294561169;   Sara Lee Delightful Healthy Multi-Grain Bread,  20 oz, On bag: SEP 01, UPC: 7294571588 | Sara Lee Delightful 100% Whole Wheat made with Real Honey Bread  20oz  On bag: AUG 29 UPC: 7294571589;     	  Sara Lee Honey Wheat Bread; 20 oz; On bag: SEP 01   UPC: 7294560136;   Sara Lee Honey Wheat Bread Twin pack 2 lbs 8oz  On bag: SEP 01	 UPC: 7294561159; | Bimbo 100% Whole Wheat Bread, 16oz,  On bag: SEP 01,  UPC: 7432309230    Sara Lee 100% Whole Wheat Bread 16 oz	On bag: SEP 01   UPC: 7294561103;     Sara Lee 100% Whole Wheat Bread  20 oz	On bag: SEP 01    UPC: 7294560134;     Kroger 100% Whole Wheat Round Top Bread, 16 oz, On bag: SEP 01, UPC: 1111000132;    Nature's Harvest Stone ground 100% Whole Wheat Bread, 20oz, On bag: SEP 01, UPC: 7870080162;     Great Value 100% Whole Wheat Roundtop Bread, 16oz, On bag: SEP 01, UPC: 7874207448;     Great Value 100% Whole Wheat Bread,  20oz, On bag: SEP 01, UPC: 7874236690 | Fit & Active Multigrain Bread,  20 oz, On bag: AUG 31, UPC: 4149821093"
,maker_linked,False,FDA,73507,2016-05-04,"Texas Star Nut and Food Co., Inc.","Boerne, TX",Aldi,Southern Grove,,Nature's Eats Hill Country Ramblin' NET WT 15 OZ (425g) packaged in clear cello bag | Nature's Eats Simply Go Raw NET WT 8 OZ (227g) packaged in clear cello bag | Nature's Eats Natural Pistachios NET WT 8 OZ (227g) packaged in clear cello bag and Bulk RAW PISTACHIO - 25 LBS and Bulk RAW PISTACHIO - 5 LBS packaged in corrugated box | Nature's Eats Austin's Nutty All-Terrain NET WT 12 OZ (340g) packaged in clear cello bag | Fresh Choices Survivor Mix NET WT 4.75 OZ (135g) packaged in clear cello bag and Nature's Eats Survivor Mix NET WT 10 OZ (284g) packaged in clear cello bag and Southern Grove Survival Trail Mix NET WT 10 OZ (283g) packaged in clear cello bag | Nature's Eats Almond & Pistachio Duo NET WT 6 OZ (170g) packaged in clear cello bag
,maker_linked,False,FDA,73798,2016-05-04,Progressive Gourmet Inc.,"Wilmington, MA",Ahold Delhaize,Taste of Inspirations,,"Taste of Inspirations Edamame Rangoon 9 oz . carton, frozen  UPC: 072543998453"
,maker_linked,False,FDA,73355,2016-05-04,Marathon Ventures Inc,"Bellevue, NE",Target;Western Family,Market Pantry;Shurfine;Western Family,,"Macadamia Diced Nuts packaged under the following brands:    1) Shurfine, Item no. 86635, 5 OZ (142 g) plastic bags, packed 12 bags per case, UPC 0 15400 86635 4.  Distributed by Western Family Foods, Inc., Portland OR.     2) Western Family, 5 OZ (142 g) plastic bags, packed 12 per case, UPC 0 15400 16635 5.  Distributed by Western Family Foods, Inc., Portland, OR.     3)  HyVee, 2 OZ (57 g) plastic bags, packed 12 per case, UPC 0 75450 13287 8.  Distributed by HyVee, Inc., West Des Moines, IA.     4) Market Pantry, 2.25 OZ (64 g) plastic bags, packed 12 bags per case, UPC 0 85239 52108 3.  Distributed by Target Corp., Minneapolis, MN.    5) Pear's Gourmet, 16 OZ (454 g) plastic bags, UPC 0 75049 42186 4.  Pear's Gourmet, Bellevue, NE 68005.    6) CWD, 5 LBS. (2.27 kg) per 1-count case, UPC 06509.  Packed for and distributed by Cash-Wa Distributing Co. Kearney, North Platte, Sidney, NE.    and  7) Nutpro C.C. Macadamia Nuts Style #5, 25 LBS., bulk case item no. N0609.  The responsible firm is Nutpro South Africa."
,maker_linked,False,FDA,73485,2016-05-11,"Wonderful Pistachios & Almonds, LLC.","Lost Hills, CA",Trader Joe's,Trader Joe's,,"Roasted Salt and Pepper Inshell Pistachios:  Packaged under brand name of  Wonderful.    Packed in 4.50oz. bag.    UPC - Bag  014113910293,   Outer Box UPC: 014113913362 | Roasted Salted Shelled Pistachios  Packaged under brand name of  Wonderful   Packed in 6 oz.., 2.5 oz., 24 oz., 6 oz., 225 g  bags.     UPC - 6 oz. bag 014113734066    UPC 2.5 oz. bag 014113910132  Outer box UPC 014113913386    UPC 24 oz bag 014113910125    UPC  6 oz. bag 014113734066    UPC 225 g 014113912044 | 50% Less Salt Dry Roasted & Salted Inshell Pistachios;  Packaged for Trader Joe's.  Packaged in 16 oz. bag.    UPC 00111348 | Roasted No Salt  Inshell Pistachios:  Packaged under brand name of  Wonderful.    Packed in 16 oz., 8 oz., 200 grams and 225 grams bags.    UPC - 16 oz: 014113910064  UPC - 8 oz:.014113910187  UPC - 200 grams: 014113913652  UPC - 225 grams: 014113912532 | Dry Roasted & Unsalted Inshell Pistachios;  Packaged for Trader Joe's.  Packaged in 16 oz. bag.    UPC 00079990 | Dry Roasted & Salted Inshell Pistachios;  Packaged for Trader Joe's.  Packaged in 16 oz. bag.    UPC 00079983 | Roasted Sweet Chili Pistachios  Packaged under brand name of  Wonderful   Packed in 1.25 oz., 4.5 oz. bags.     UPC - 1.25 oz bag 014113913331;  Outer box UPC 014113913348    UPC 4.5 oz bag 014113910309  Outer box UPC 014113913379 | Roasted Salted Inshell Pistachios:  Packaged under brand name of  Wonderful, Paramount   Packed in 1.5 oz., 24 oz., 5 oz., 13 oz., 40 oz., 1 oz,. bags and 25 lb. box.    UPC"
,maker_linked,False,FDA,73700,2016-05-11,R.W. Bakers Co. Inc.,"Norton Shores, MI",Meijer,Meijer,,"Meijer Plain Knot Rolls, 8 ct., Net Wt. 10 oz.; 12/case, 9.4 lbs/case | Assorted Dinner Rolls, 128 ct., Net Wt. 10.2 lbs; 16/ 8 ct./case"
,maker_linked,False,FDA,72761,2016-05-18,Bertagni 1882,"Arcugnano, N/A",Meijer,Meijer,,"Bertagni fresh Sweet Butternut Squash Ravioli, packaged in a paper tray inside a plastic bag and wrapped around with paper band, net weight 8.8 oz., UPC 8001020110139. | Meijer frozen Butternut Squash Ravioli, product is packaged in a paper box, net weight 12 oz., UPC 760236398479"
,maker_linked,False,FDA,73933,2016-05-25,Buell's Orchard,"Eastford, CT",Trader Joe's,Trader Joe's,,"TRADER JOE'S Apple Cider, NOT FROM CONCENTRATE SHAKE WELL NO PRESERVATIVES 100% JUICE PASTEURIZED.  PERISHABLE, KEEP REFRIGERATED. NET 64 FL OZ (2 QT) 1.89 L. UPC: 0016 4580."
,maker_linked,True,FDA,74093,2016-06-15,Schulze & Burch Biscuit Co,"Chicago, IL",Aldi,Millville,,"Aldi's Millville protein chew bars, peanut, dark chocolate & almond packaged 5 bars per box in a yellow and brown box with brown and white lettering. | Aldi's Millville protein chew bars, dark chocolate peanut butter packaged 5 bars to a box in a yellow and brown box with brown and white lettering."
,maker_linked,False,FDA,73818,2016-07-06,"Reser's Fine Foods, Inc. - Century","Hillsboro, OR",Aldi,Stonemill,,"Reser's Macaroni Salad, Refrigerated, Retail package, Net Wt. 8 oz.   UPC  0 71117 18224 8.    Reser's Macaroni Salad, Refrigerated, Retail package, Net Wt. 16 oz.  UPC 0 71117 19007 6.    Reser's Macaroni Salad, Refrigerated, Retail package, Net Wt. 3 lb.  UPC 0 71117 19305 3.    Sysco Elbow Macaroni Salad, Refrigerated, Food Service package, Net wt. 8 lb. UPC 71117 67702 | Stonemill Kitchens Classic Potato Salad, Refrigerated, Retail net wt. 5lb.  UPC 0 71117 61576 0. | Reser's Deviled Egg Potato Salad, Refrigerated, Retail package, Net wt. 3 lbs. UPC 0 71117 00480 9;    Reser's Deviled Egg Potato Salad, Refrigerated, Foodservice product, net wt. 8 lbs. UPC  71117 00225;    Safeway Deviled Egg Potato Salad, Refrigerated, Net wt. 16 oz.   UPC 0 21130 06688 9. | Savemart Potato Salad, Refrigerated, Foodservice package, Net wt. 8 lbs.  UPC 71117 00443 | Reser's Original Potato Salad, Refrigerated, Retail package, Net wt. 3.5 oz.   UPC 0 71117 17000 9.    Reser's Original Potato Salad, Refrigerated, Retail package, Net wt. 5.5 oz.   UPC 0 71117 17100 6.    Reser's Original Potato Salad, Refrigerated, Retail package, Net wt. 8 oz.   UPC 0 71117 18223 1.    Reser's Original Potato Salad, Refrigerated, Retail package, Net wt. 16 oz.   UPC 0 71117 19000 7.    Reser's Original Potato Salad, Refrigerated, Retail package, Net wt. 3 lb.   UPC 0 71117 19300 8.    Food Service of America (FSA) Potota Salad, Refrigerated, Foodservice package, Net wt. 8 lb. UPC 0 41493 41720 3. | Safeway T"
,maker_linked,False,FDA,73853,2016-07-13,The Pictsweet Company,"Bells, TN",Kroger,Kroger,,"Frozen chopped onions labeled as:    a) Kroger(R) CHOPPED ONIONS, RECIPE BEGINNINGS(R), NET WT 12 OZ (340g), UPC 11110 89791, DISTRIBUTED BY THE KROGER COMPANY, CINCINNATI, OH 45202    b) PICTSWEET(R) Chopped Onions, recipe helper, NET WT 10 OZ (283g), UPC 70560 96609, DISTRIBUTED BY THE PICTSWEET COMPANY, BELLS, TN 38006 | Kroger(R) CAJUN STYLE MIREPOIX BLEND, onions, celery, and green bell peppers, RECIPE BEGINNINGS(R), NET WT 12 OZ (340g), UPC 11110 89787, DISTRIBUTED BY THE KROGER COMPANY, CINCINNATI, OH 45202 | PICTSWEET(R) Steamables, Seasoned Spring Vegetables, with Asparagus and Ground Peppercorn Seasoning, NET WT 10 OZ (283g), UPC 70560 97826, DISTRIBUTED BY THE PICTSWEET COMPANY, BELLS, TN 38006 | Kroger(R) VEGETABLES WITH NOODLES, egg noodles, broccoli, carrots, green bell peppers, mushrooms, onions & red bell peppers, STIR FRY STARTERS(R), NET WT 12 OZ (340g), UPC 11110 89776, DISTRIBUTED BY THE KROGER COMPANY, CINCINNATI, OH 45202 | Kroger(R) VEGETABLES, broccoli, sugar snap peas, green bean carrots, celery, onions, mushrooms, & red bell peppers, STIR FRY STARTERS(R), NET WT 12 OZ (340g), UPC 11110 89775, DISTRIBUTED BY THE KROGER COMPANY, CINCINNATI, OH 45202 | PICTSWEET(R) Gumbo Vegetables, NET WT 12 OZ (340g), UPC 70560 95995, DISTRIBUTED BY THE PICTSWEET COMPANY, BELLS, TN 38006 | PICTSWEET(R) Vegetables for Cajun Gumbo, Seasoned with a blend of Cajun Spices, NET WT 12 OZ (340g), UPC 70560 95818, DISTRIBUTED BY THE PICTSWEET COMPANY, BELLS, TN 38006 | PICTSWE"
,maker_linked,False,FDA,74182,2016-07-20,Dr. Praeger'S Sensible Foods,"Elmwood Park, NJ",Trader Joe's,Trader Joe's,,"Ungar's Veggie Balls (Vegan), 1 oz., 10 lbs (4.54 kg), Best if used by: May-12-2018, UPC 0 0080868 81310 3, Ungar's Food Products, Elmwood Park, NJ 07407 | Dr. Praeger's Tex Mex Veggie Burgers, 6 x 10 oz. (283g)/box, Best if used by: Jan -4-2018, UPC (01) 6 0080868 00048 , Dr. Praeger's Sensible Foods, Elmwood Park, NJ 07407 | Dr. Praeger's California Veggie Burger Sliders (Vegan), 1.5 oz., 10 lbs. (4.54 kg), Best if used by: May-17-2018, UPC (01) 0 0080868 01015, Dr. Praeger's Sensible Foods, Elmwood Park, NJ 07407 | Dr. Praeger's Sensible Foods Organic Harvest Veggie Burgers, 10 x 1.36kg, (48 oz. (3 lbs)),  Best if used by: May -16-2017, Distributed by: Costco Wholesale UK Ltd,  UPC 0 8086830110 6 | Dr. Praeger's California Veggie Balls (Vegan), 1 oz., 10 lbs. (4.54 kg), Best if used by: May-12-2018, UPC (01) 0 0080868 01310, Dr. Praeger's Sensible Foods, Elmwood Park, NJ 07407 | Dr. Praeger's Purely Sensible Foods Jumbo California Veggie Burger (Vegan), 5.5 oz., 10 lbs (4.54.kg), Best if used by: May 17, 2018, UPC (01) 00080868 01011, Dr. Praegers Sensible Foods, Elmwood Park, NJ 07407 | Dr. Praeger's California Veggie Burgers, 26 x 10 oz./box, Best if used by: May-18-2018, UPC 0 80868 00010, Dr. Praeger's Sensible Foods, Elmwood Park, NJ 07407 | Dr. Praeger's California Veggie Burgers, 12 x 11 oz. (312g)/box, Best if used by: May-16-2018, UPC 0 0080868 000010 7, Dr. Praeger's Sensible Foods, Elmwood Park, NJ 07407 | Dr. Praeger's California Veggie Burger (Vegan), 4 oz., 1"
,maker_linked,False,FDA,73936,2016-07-27,"CRF Frozen Foods, LLC","Pasco, WA",Meijer,Meijer;True Goodness,,"Frozen Organic Super Sweet White Corn, Organic by Nature, net wt. 5 lb. The UPC is 8 46358 00064 0.    Frozen Organic Super Sweet White Corn, Organic by Nature brand, net wt. 4 lb. The UPC is 8 46358 00070 1.    Organic Super Sweet Yellow and White Cut Corn, Live Smart Schwan's brand, net wt. 16 oz.  The UPC is 0 07218 06043 3.    Frozen Organic White Sweet Corn, True Goodness by Meijer brand, net wt. 10 oz. The UPC is	7 13733 43098 2.    ************************************************************************  Swan's label bears cooking instructions as listed below:    MICROWAVE (1100 Watts):  Cook in microwave safe bowl, stirring halfway through cook time.  Whole bag,1/2 cup, 8-10 minutes  Half bag, 1/4 cup, 5-7 minutes.    STOVE TOP  1. Bring 1/2 to 1 inch of water to boil in medium saucepan.  2. Add desired amount of corn to water, bring to a second boil.  3. Reduce heat to Low and simmer 3-5 minutes or until tender.  drain      Meijer label bears preparation instructions and it is described below:    MICROWAVE. DO NOT MICROWAVE IN BAG.    1) PLACE corn and 1/2 cup water in microwave-safe bowl.  2) COVER and microwave on HIGH 4 1/2 to 5 1/2 minutes.  3) CHECK that vegetables are cooked thoroughly.  DRAIN | Frozen Organic Premium Blend Vegetable Medley with Shelled Edamame, Organic by Nature brand, net wt. 5 lb.  The UPC is 8 46358 00065 7.      Product label bears cooking instructions and listed as:    MICROWAVE  1. Pour one quarter contents of bag into  a microwave safe "
,maker_linked,True,FDA,74019,2016-08-03,"CRF Frozen Foods, LLC","Pasco, WA",Albertsons;Aldi;Meijer;Trader Joe's;Walmart,Great Value;O Organics;Season's Choice;Trader Joe's;True Goodness,,"Organic Butternut Squash, Brand Columbia River Organics, Net Wt 10 oz, UPC 5711000141  Organic Butternut Squash, Brand Organic by Nature, Net Wt 16 oz, UPC 4635800075  Organic Butternut Squash, Brand Organic by Nature, Net Wt 2 kg, UPC 4635800067  Butternut Squash, Brand O Organic, Net Wt 10 oz, UPC 7989340281  Organic Diced Butternut Squash, Brand Wild Oats, Net Wt 10 oz, UPC 4873700710 | Organic Peaches, Brand Columbia River Organics, Net Wt 10 oz, UPC 5711000129  Sliced Peaches, Brand O Organic, Net Wt 10 oz, UPC 7989340650 | Organic Multi-Colored Cauliflower Florets, Brand Organic by Nature, Net Wt 16 oz, UPC 4635800076 | Organic Raspberries, Columbia River Organics, Net Wt 10 oz, UPC 5711000130 | Organic Steamers Sweet Potatoes, Brand Bybee Foods, Net Wt 12 oz, UPC 4635800052  Organic Sweet Potatoes, Brand Columbia River Organics, Net Wt 10 oz, UPC 4635800023  Organic Diced Sweet Potatoes, Brand Wild Oats, Net Wt 10 oz, UPC 4873700709    *******BULK containers***************    Sweet Potatoes, Brand CH Belt, Net Wt 1650 | Organic Cranberries, Brand Columbia River Organics, Net Wt 10 oz, UPC 4635800026. | Cut Corn, Brand Bybee's Best, Net Wt 20 lb, UPC 4635800010  Cut Corn, Brand Bybee's Best, Net Wt 55 lb, UPC 45720025  Cut Corn, Brand Bybee Foods, Net Wt 50 lb, UPC 132  Organic Supersweet White Corn, Brand Bybee Foods, Net Wt 5 lb, UPC 11000148  White Cut Corn, Brand Bybee's Best, Net Wt 20 lb, UPC 4635800034  Supersweet Cut Corn, Brand Bybee Foods Northwest Growers Sel"
,maker_linked,False,FDA,74133,2016-08-03,"CRF Frozen Foods, LLC","Pasco, WA",Albertsons;Aldi;Costco;Meijer;Trader Joe's;Walmart,Great Value;Kirkland;Kirkland Signature;O Organics;Season's Choice;Simply Nature;Trader Joe's;True Goodness,,"Organic Peas & Pearl Onions, brand Columbia River Organics, frozen, net wt. 10oz. UPC 5711000113    The ingredients statement declares: Peas and Pearl Onions. | Organic Steamers Roasted Red Potato & Vegetable Medley, brand Bybee Foods, frozen, net wt.12oz. UPC 4635800041    Roasted Red Potatoes and Vegetable Medley, brand Earth's Pride Organics, frozen, net wt. 12oz. UPC 00000229244    Organic Roasted Red Potato & Vegetable Medley, brand Wellsley Farms, frozen, net wt. 4lb., UPC 8867001014    Organic Bounty Blend, brand Columbia River Organics, frozen, net wt. 10oz. UPC 4635800024    The ingredients statement declares: Beans, Mushrooms, Peppers, and Potatoes. | Supreme Stir-Fry Sensation, brand VIP, frozen, net wt. 14oz. UPC 7007705027    The ingredients statement declares: Broccoli, Carrots, Peas, Soybeans, and Water Chestnuts. | Harvest Vegetable Blend, brand Signature Kitchens, frozen, net wt. 12oz. UPC 2113024259    The ingredients statement declares: Broccoli, Carrots, Cauliflower, Corn, and Peppers. | Supreme Fiesta Blend, brand VIP, frozen, net wt. 14oz. UPC 7007705009    The ingredients statement declares: Black Beans, Corn, Onions, and Peppers. | Organic Gardener's Blend, brand Columbia River Organics, frozen, net wt. 10oz. UPC 5711000114    Mixed Vegetable Blend, brand O Organic, frozen, net wt. 16oz. UPC 7989340182    Vegetable Blend, brand Pantry Essentials, frozen, net wt. 32oz. UPC 2113015151    Vegetable Blend, brand Pantry Essentials, frozen, net wt. 64oz. UPC"
,maker_linked,False,FDA,74313,2016-08-10,Ach Food Companies Inc,"Cordova, TN",Hy-Vee,Hy-Vee,,"Salad topping labeled under the following brand names:   (Product 1) Durkee Salad Topping in plastic bottle, Net Wt. 6.75 oz (192 g), packed in cases of 12. UPC 047600091366. The responsible firm name on the label is ACH Food Companies, Inc. Memphis, TN; (Product 2) Hy-Vee Garden Style Salad Topping in plastic bottle, Net Wt. 6.75 oz (192 g), packed in cases of 12.  UPC 036800173224. The responsible firm name on the label is Hy-Vee Inc.; (Product 3) Food Club Salad Topping in plastic bottle, Net Wt. 6.75 oz (192 g), packed in cases of 12. UPC 075450047554. The responsible firm name on the label is Topco Associates LLC, Skokie, IL."
,maker_linked,False,FDA,74483,2016-08-10,Marin Food Specialties Inc,"Byron, CA",Whole Foods,Whole Foods Market,,"Raw Macadamias, 6 oz. clear plastic tubs, NET WT (170g)    Whole Foods:    Distributed by Whole Foods Market, Emeryville, CA:  Ingredients: Macadamia Nuts; contains tree nuts.  Product of Malawi:  UPC: 9 99482 00132 5"
,maker_linked,False,FDA,75003,2016-09-14,"Inland Seafood, Inc.","Tucker, GA",Publix;Whole Foods,Publix;Whole Foods Market,,"Inland Market, Maryland Crab Cake, Net Wt. 5 lbs, Inland Market, 1667 Lewis Way,  Stone Mountain, GA 30083, for Whole Foods Market | Reduced Fat Seafood Cheese Spread, Net Wt. 7 oz. (198 g.), for Publix | Original Seafood Cheese Spread, Net Wt. 7 oz. (198 g.), for Publix | Spinach Krab & Artichoke Dip, 12 x 8 oz., for Whole Foods Market. | Alaskan Salmon Salad, 12 x 8 oz. and 5 lb., for Whole Foods Market | Inland Market, Premium Blue Crab Spread, Net Wt. 7 oz. (198 g.) and 16 oz. (454g), Inland Market, 1667 Lewis Way,  Stone Mountain, GA 30083. | Inland Market, Dungeness Crab Cake, Net Wt. 5 lbs, Inland Market, 1667 Lewis Way,  Stone Mountain, GA 30083, for Whole Foods Market | Smoked Whitefish Salad, 12 x 8 oz., for Whole Foods Market. | Spicy Crab Dip, 12 x 8 oz., for Whole Foods Market. | Inland Market, Traditional Crab Cake, Net Wt. 5 lbs, Inland Market, 1667 Lewis Way,  Stone Mountain, GA 30083, for Whole Foods Market | Inland Market, Premium, Maine Lobster Spread, Net Wt. 7 oz. (198 g.) and 16 oz. (454g), Inland Market, 1667 Lewis Way,  Stone Mountain, GA 30083."
,maker_linked,True,FDA,74388,2016-09-14,Schulze & Burch Biscuit Co,"Chicago, IL",Aldi,Millville,,"Aldi's Millville protein chew bars, peanut, dark chocolate & almond packaged 5 bars per box in a yellow and brown box with brown and white lettering. | Aldi's Millville protein chew bars, dark chocolate peanut butter packaged 5 bars to a box in a yellow and brown box with brown and white lettering."
,maker_linked,False,FDA,74123,2016-09-21,The Pictsweet Company,"Bells, TN",Kroger,Kroger,,"Pictsweet(R) Seasoned Summer Vegetables, NET WT 12 OZ. (340g), DISTRIBUTED BY THE PICTSWEET COMPANY, BELLS, TN 38305, UPC 7056097622 | Kroger(R) VEGETABLE SOUP MIX, NET WT 12 OZ. (340g), DISTRIBUTED BY THE KROGER CO., CINCINNATI, OH 45202, UPC 1111089790 | Pictsweet(R) Summer Blend, NET WT. 24 OZ., 1 LB. 8 OZ. (680g), DISTRIBUTED BY THE PICTSWEET COMPANY, BELLS, TN 38305, UPC 7056095975 | Frozen green peas labeled as:    1. Kroger(R) Green Peas, NET WT 32 OZ (2 LB) 907g, UPC 1111081918  BEST IF USED BY: Jan 2016 through Mar 2016; with Mfg Code ### # K # #    2. p$$t(TM) Green Peas, NET WT 16 OZ (1 LB) 453g, DISTRIBUTED BY THE KROGER CO., CINCINNATI, OH 45202, UPC 1111082603  BEST IF USED BY: Feb 2016 through Mar 2016; with Mfg Code ### # K # #    3. Kroger(R) Green Peas, NET WT 12 OZ. (340g), DISTRIBUTED BY THE KROGER CO., CINCINNATI, OH 45202, UPC 1111089736  BEST IF USED BY: Jan 2016 through Apr 2016; with Mfg Code ### # K # #    4. Pictsweet(R) Green Peas Family Size, NET WT. 28 OZ., 1 LB. 12 OZ. (794g), UPC 7056090056  BEST IF USED BY: Jul 20 2016, Aug 10 2016, Aug 20 2016, Sep 16 2016, Sep 21 2016; with Mfg Code ### # K # #    5. Pictsweet(R) Green Peas Family Size, NET WT. 24 OZ., 1 LB. 8 OZ. (680g), UPC 7056090093  BEST IF USED BY: Aug 20 2016, Sep 10 2016; with Mfg Code ### # K # # | Pictsweet(R) Steam'able Cut Green Beans, NET WT 10 OZ. (283g), DISTRIBUTED BY THE PICTSWEET COMPANY, BELLS, TN 38305, UPC 7056097916 | Frozen mixed vegetables labeled as:  1. p$$t(TM) Mix"
,maker_linked,False,FDA,74071,2016-09-21,ConAgra Foods Inc,"Omaha, NE",Trader Joe's,Trader Joe's,,"Green Beans -FoodService packages      827200Pu Tote Green Bean Cut Usa, Item no. 3883;  Watts Brothers Cut Green Beans, item no. V5180;  Sc 5197  12/2#  Cut Green Beans, item no. V5403;  Sr 3064  1/30# cut Green Beans, item no. V5405. | Watts Brothers Farms Organic Super Sweet Corn (Yellow/Gold), net wt. 5 lbs., item V5398, UPC 681241153986.    Trader Joe's Organic Super Sweet Cut Corn, net wt. 16 oz., item 5474, UPC 0029 9633.    *********NICHIREI BRANDS ARE NOT DISTRIBUTED IN THE US*****    Nichirei Organic Super Sweet Cut Corn, item V5599, UPC 4 902130 363610  Nichirei Value + Organic Super Sweet Cut Corn, item V5801, UPC 4 949486 327026 | Watts Brothers Farms Organic Peas, net wt. 5 lbs., item V5402, UPC 681241 054023.    Nichirei item below is not distributed in the US:    Nichirei Value + Organic Green Peas, item V5802, UPC 4 949486 327033 | Watts Brothers Farms Organic Mixed Vegetables, UPC 681241053484.    ************Foodservice Products********************    Watts Tote 4-Way Mixed Vegetables, item 3902  Watts Brothers 5 Way Mixed Vegetables, item V5173  Watts Brothers 4 Way Mixed Vegetables, item V5218  Watts Brothers 5 Way Mixed Vegetables, item V5246  Watts Brothers 4 Way Mixed Vegetables, item V5412    Sc 3623  12/40 oz  5-Way Mixed Vegetables, item V5359  Sc 2975  1/30#    5-Way Mixed Vegetables, item V5363  Sr 4493  12/40 oz  5-Way Mixed Vegetables, item V5370  Sr 2991  1/30#    5-Way Mixed Vegetables, item V5374    Alasko   6/2Kg    4-Way Mixed Vegetables, i"
,maker_linked,False,FDA,74946,2016-09-21,"Bakers Of Paris, Inc.","Brisbane, CA",Whole Foods,Whole Foods Market,,"Croissant;  Sold in self service case labeled ""Croissant""  PLU 481976 or clam shell package of 4 - PLU 241593.    Ingredient: Water, Wheat Flour, Sugar Butter (Pasteurized Cream, Salt), Milk (Powder Fat Whole), Salt, Yeast, Ascorbic Acid.  Contains Wheat, Milk    Whole Foods Market, Emeryville, CA | Chocolate Croissant;  Sold in self service case labeled ""Chocolate Croissant""  PLU 481976 or clam shell package of 4 - PLU 241595.    Ingredient: Water, Wheat Flour, Sugar Butter (Pasteurized Cream, Salt), Milk (Powder Fat Whole), Semisweet Chocolate Chips, Eggs, Salt, Yeast, Ascorbic Acid.  Contains Wheat, Milk    Whole Foods Market, Emeryville, CA"
,maker_linked,False,FDA,74441,2016-09-21,National Frozen Foods Corporation,"Moses Lake, WA",Target;Walmart,Great Value;Market Pantry,,"Not Ready to Eat, IQF Mixed Vegetables.  Products' labels contains Cooking Instructions. Products are sold under various brands and various net weight.         Heinz Mixed Vegetables	02521-39698	14902521396989	4902521396982	12/1 KG   Heinz Mixed Vegetables	02521-39698	14902521396989	4902521396982	12/1 KG   Heinz Mixed Vegetables	02521-39698	14902521396989	4902521396982	12/1 KG   Heinz Mixed Vegetables	02521-39698	14902521396989	4902521396982	12/1 KG   Heinz Mixed Vegetables	02521-39698	14902521396989	4902521396982	12/1 KG  Bountiful Harvest 5 Way Mixed Veg	22486-11912	00822486119126	N/A	30 LB  Festival Mixed Vegetables	FECEX-2K688	N/A	4967777005019	12/1 KG   Festival Mixed Vegetables	FECEX-2K688	N/A	4967777005019	12/1 KG   Garden Fresh Mixed Vegetables	64775-37371	10064775373711	N/A	30 LB   Garden Fresh Mixed Vegetables	64775-37371	10064775373711	N/A	30 LB   Garden Fresh Mixed Vegetables	64775-47370	10064775473701	N/A	20 LB  Garden Fresh Mixed Vegetables	64775-47370	10064775473701	N/A	20 LB  Great Value Mixed Vegetables	78742-05334-1	30078742053340	7874205334	10/12 OZ  Great Value Mixed Vegetables	78742-05334-1	30078742053340	7874205334	10/12 OZ  Great Value Mixed Vegetables	78742-05334-1	30078742053340	7874205334	10/12 OZ  Great Value Mixed Vegetables	78742-05334-1	30078742053340	7874205334	10/12 OZ  Great Value Mixed Vegetables	78742-05334-1	30078742053340	7874205334	10/12 OZ  Great Value Mixed Vegetables	78742-05334-1	30078742053340	7874205334	10/12 OZ  Great Value Mixed V"
,maker_linked,False,FDA,74109,2016-09-21,"World Class Distribution, Inc.","Minooka, IL",Trader Joe's,Trader Joe's,,"Product labeled in part  ""Trader Joe's Kale & Edamame Salad with sweetened dried cranberries, grape tomatoes, almonds, scallions and lemon herb dressing, Net Wt. 10 oz (284g)"" packaged in a clear plastic 10 oz container with yellow sticker and green lettering."
,maker_linked,False,FDA,74089,2016-09-28,United Natural Trading,"Edison, NJ",Ahold Delhaize,Nature's Promise,,"Woodstock Farms Mfg. Cape Cod Cranberry Mix Net Wt. 25 Lbs.  Distributed by Woodstock Farms Mfg. Edison, NJ 08817  UPC C250575 | Woodstock Farms Mfg. Cranberry Nut Seed Mix Net Wt. 25 Lbs. Packed by by Woodstock Farms Mfg. Edison, NJ 08817   UPC 7523914090 | Woodstock Walnuts Halves & Pieces Net Wt. 6 oz. Distributed by Woodstock 313 Iron Horse Way Providence, RI 02908 USA   UPC 042563008604 | Nature's Promise Walnuts Halves &  Pieces Net Wt. 7 oz   Product of USA UPC 688267144042 | Woodfield Farms Walnuts Halves & Pieces Net Wt. 2.5 lbs  Distributed by Woodstock Farms Mfg. Edison, NJ 08817 UPC 075239001944  Product of USA | Walnut Combo Halves & Pieces, 25 lbs      Label not available as per firm. | Nature's Promise Cranberry Trail Mix Net Wt. 12 oz Distributed by Foodhold USA LLC Landover, MD 20785  Product of USA UPC 688267066122 | Market Basket Walnuts Raw Net Wt. 7 oz Distributed by Demoulas Supermarkets, Inc. Tewksbury, MA 01876     UPC 049705408094 | Market Basket Cape Cod Cranberry Trail Mix  Net Wt. 10 oz (284 g) Distributed by Demoulas Supermarkets, Inc. Tewksbury, MA 01876 UPC 049705408322 | Walnuts Halves & Pieces Net Wt. 2.5 lbs  Distributed by Woodstock Farms Mfg. Edison, NJ 08817 Product of USA | Woodstock Cape Cod Cranberry Mix Net Wt. 10 oz.  Distributed by Woodstock 313 Iron Horse Way Providence RI 02908 USA UPC 042563008772"
,maker_linked,False,FDA,75109,2016-09-28,"Kanan Enterprises, Inc.","Solon, OH",Aldi,Southern Grove,,"Southern Grove Cashews with Sea Salt, a 10 ounce stand up pouch bag with a UPC 0 38445 12286 5 and the date codes of Best By May 24 2017 KN and August 05 2017 KN"
,maker_linked,False,FDA,74868,2016-09-28,"Mann Packing Company, Inc.","Salinas, CA",Albertsons,O Organics,,"O Organics Vegetable Tray, 18 oz. (1 lb. 2 oz.) 510g plastic tray.  Best If Used By: AUG 11  UPC (incorrect, which is on the tray): 021130984282  Product of USA & Mexico."
,maker_linked,False,FDA,74976,2016-09-28,CAMBRIDGE FARMS OF HANOVER LLC D,"Lancaster, PA",Ahold Delhaize,Giant Eagle,,"Best Valu Cut/Cortado; Yellow Corn; Maiz Amarillo;  Net Wt 14 OZ;  Code: SSFF/R 10308; Best By: 04/11/18;  Product of Canada; Distributed by Federated Group Inc., Arlington Heights, IL  ;   Laura Lynn Cut Corn;  Net Wt 16 oz.; Cut Corn Fresh Frozen For Freshness  Best By: 04/11/18, 05/09/18, 06/06/18; Product of Canada; Distributed by Ingle's Markets Inc., Asheville, NC 28816;     Laura Lynn Family Economy Cut Corn; New Wt 32 OZ.;  Best By: 05/10/18; Product of Canada; Distributed by Ingle's Markets Inc., Asheville, NC 28816;     Key Food Premium Fresh Frozen Vegetables Cut Corn; Keep Frozen; Net Wt 16 OZ.; Best By: 04/11/18, 05/02/18, Product of Canada; Distributed by Key Food Stores, Staten Island, NY 10314; | Laura Lynn Vegetable Gumbo Mix; Ingle's Markets Inc./Asheville, NC 28816, 16 oz. pkgs, BB 05/06/18 | The Perfect Bite Co Hawaiian Style Rice & Vegetable Blend, 4 - 12 OZ Bags, Net Weight 3 LBS., Distributed by: TPBC, Glendale, CA 91203; Best By: 05/20/18. | Key Foods Soup Mix Vegetables, Key Foods Stores/ Staten Island, NY 10314; 16 oz. pkgs; BB 05/02/18;   Laura Lynn Vegetable Soup Mix, Ingle's Markets Inc./Asheville, NC 28816; 16 oz. pkgs.; BB 04/12/18 | Better Value Mix Vegetables, Federated Group, Inc./Arlington Heights, IL 60005-1096; 14 oz. pkgs; BB 05/06/18;   Morning Fresh Farms Mix Vegetables; Merchants Distributors Inc. of Hickory, NC 28601; 32 oz. pkgs; BB  06/01/18;   Morning Fresh Farms Mix Vegetables, Merchants Distributors Inc. of Hickory, NC 28601; 16 "
,maker_linked,False,FDA,74733,2016-10-05,"Faribault Foods, Inc","Faribault, MN",Hy-Vee;Sprouts,Hy-Vee;Sprouts Farmers Market,,"No-Salt-Added Black Beans, 15 oz. (425 g), packaged under the following brands:  1.  HEB, UPC 41220-91262;     2.  Kuner's UPC  72273-13613.  Distributed by Kuner-Empson, Division of Faribault Foods, Inc., 128 NW 18th Street, Faribault, MN  55021;     3.  Mrs. Grimes, UPC  71891-47607.  Distributed by:  Mrs. Grimes, Division of Faribault Foods, Inc., 128 NW 18th Street, Faribault, MN  55021;    4.  HyVee, UPC 75450-10519.  Distributed by Hy-Vee, Inc., 5820 Westown Parkway, West Des Moines, IA  50266;      5.  LaPreferida, UPC 71524-01769.  LaPreferida, Inc. Chicago, IL;    6.  Sprout's Farmers Market, UPC 74875-00724.  Manufactured exclusively for:  Sprouts Farmers Market, Phoenix, Arizona  8502;     7.  Our Family, UPC 70253-26394.  Distributed Y:  Nash Finch Company, Minneapolis, MN  55435"
,maker_linked,False,FDA,74041,2016-10-12,Treehouse Foods,"Oak Brook, IL",Aldi;CVS;Dollar General;Hy-Vee;Meijer;UNFI/SuperValu;Walmart;Western Family,Clover Valley;Essential Everyday;Gold Emblem;Great Value;Hy-Vee;Meijer;Shurfine;Southern Grove;Western Family,,"UPC  071725748010,	Sunflower Seeds Roasted and Salted, Best By/Date Code: 11/27/2016.    UPC  007172524140,	Amport Roasted and Salted Sunflower Seeds, Best By/Date Code:11/26/2016.    639277348319,Naturally Select  Roasted and Salted Sunflower Seed, Best By/Date Code: 3/1/2017.    UPC  071725241351,	Amport Foods Sunflower Seeds Roasted & Salted, Best By/Date Code:12/3/2016,12/26/2016, 12/12/2016 .    UPC 071725748010,	Amport Foods Sunflower Seeds Roasted & Salted, Best By/Date Code:12/31/2016,12/26/2016, 1/14/2017 .    UPC 071725241405,	Amport Foods Sunflower Seeds Roasted & Salted, Best By/Date Code:1/7/2017 . | UPC 041498205379,	Southern Grove Tuscan Trail Mix, Best By/Date Code: 4/28/2017 . | UPC 071725711939,	Amport Foods Milk Chocolate Peanuts, Best By/Date Code: 1/7/2017 . | UPC 075450041101Hy-Vee Santa Fe Trail Mix., Best By/Date Code:  3/31/2017. | UPC 071725728166, 	Natures Harvest Afternoon Snack Blend, Best By/Date Code: 11/28/2016. | UPC 4130300137,  Essential Everyday Trail Mix Bars, Best By/Date Code: JAN 04 17. | UPC 071725711533,	Natures Harvest Southwest Trail MixBest By/Date Code:	11/28/2016,12/27/2016,12/30/2016,  1/17/2017 .    UPC 708615110434,	K&G Southwest Trail MixBest By/Date Code: 11/28/2016. | UPC 070038614142, 	Best Choice Mountain Trail Mix,  Best By/Date Code: 3/14/2017.    UPC 041498148447, Southern Grove Mountain Trail Mix, Best by Date Code: 4/4/2017, 4/26/2017.    UPC 075450016796, 	Hy-Vee Mountain Mix Trail Mix,  Best By/Date Code: 4/5/2017,"
,maker_linked,False,FDA,75129,2016-10-19,"Gold Standard Baking, Inc.","Chicago, IL",Kroger;Publix,Kroger;Publix,,"Archer Farms Strawberry Danish | NET WT 14 OZ  (397g) | Distributed by Target Corporation Minneapolis, MN 55403 | UPC 085239101094 | The Bakery Raspberry Danish | Net Wt 14 OZ (397g) | Distributed By WAL-MART Stores, Inc, Bentonville, AR 72716 | UPC: 605388124487 | Cherry Decadent Danish | NET WT 14 OZ  (397g) | Gold Standard Baking, Chicago, IL 60632 | UPC: 087745050033 | The Bakery Cheese Danish | Net Wt 14 OZ (397g) | Distributed By WAL-MART Stores, Inc, Bentonville, AR 72716 | UPC: 605388124487 | Publix Raspberry Strip Danish | Count, 1 | NET WT 15.00 oz | Distributed by Publix Supermarkets, Inc., Lakeland, FL 33802 | The Bakery Apple Crumb Coffee Cake| Net Wt 15 OZ (425g) | Distributed By WAL-MART Stores, Inc, Bentonville, AR 72716 | UPC: 078742052953 | Publix Apple Strip Danish | Count, 1 |  NET WT 15.00 oz | Distributed by Publix Supermarkets, Inc., Lakeland, FL 33802 | Publix Cherry Strip Danish | Count, 1 | NET WT 15.00 oz | Distributed by Publix Supermarkets, Inc., Lakeland, FL 33802. UPC: 002-19562-00000 | Archer Farms Cheese Danish | NET WT 14 OZ  (397g) | Distributed by Target Corporation Minneapolis, MN 55403 | UPC 085239101094 | Kroger Raspberry Danish Strip, Naturally and Artificially Flavored  | NET WT 14 OZ  (396g) | Distributed by The Kroger Co., Cincinnati, Ohio 45202 | UPC: 011110836489 | The Bakery Strawberry Cheese Danish | Net Wt 14 OZ (397g) | Distributed By WAL-MART Stores, Inc, Bentonville, AR 72716 | UPC: 078742100401 | Publix Guava Strip Danish | "
,maker_linked,False,FDA,75313,2016-10-19,"R.W.Garcia Co., Inc.","Lincolnton, NC",Whole Foods,Whole Foods Market,,"RW Garcia, 3 Seed.Graines, Kale Crackers, Craquelins de Kale, Gluten Free, Net Wt. 180g, Product of USA, Manufactured & Distributed by R.W. Garcia Co., Inc., Las Vegas, NV 89115 and Lincoln, NC 28092, Distributed by Clean Foods, Ltd, Legion House, 75 Lower Road, Kenley, Surrey, CR8 5NH. | 365, Lightly Salted Tortilla Chips, Multigrain, Net Wt. 16oz. (1 lb.) 454g, Distributed by Whole Foods Market, Austin, TX 78703. | RW Garcia, 3 Seed, Sweet Potato Crackers, (Flaxseed, Sesame & Chia), Gluten Free, Net Wt., 30 oz., Product of USA, Manufactured & Distributed by R.W. Garcia Co., Inc., San Jose, CA 95112 and Lincolnton, NC 28092. | RW Garcia, 3 Seed, Kale Crackers, Gluten Free, Net Wt. 180g, Product of USA, Manufactured & Distributed by R.W. Garcia Co., Inc., Las Vegas, NV 89115 and Lincoln, NC 28092, Distributed by Clean Foods, Ltd, Legion House, 75 Lower Road, Kenley, Surrey, CR8 5NH. | Harris Teeter, Multigrain, Tortilla Chips, Net Wt. 12 oz. (340g), Produced by Harris Teeter, Mathews, NC 28105. | 365, White Corn, Tortilla Chips, Unsalted, Net Wt. 16 oz. (1 lb.) 454g., Distributed by Whole Foods Market, Austin, TX 78703. | RW Garcia, 3 Seed, Sweet Potato Crackers, (Flaxseed, Black & White sesame Seeds), Gluten Free, Net Wt., 180g and 850g, Product of USA, Manufactured & Distributed by R.W. Garcia Co., Inc., San Jose, CA 95112 and Lincolnton, NC 28092. | Central Market, Tortilla Chips, Veggie & Seed Blend, Net Wt.; 12oz (340g), Distributed by H.E.B Central Markets, Austin, TX 7"
,maker_linked,False,FDA,75045,2016-10-19,"LiDestri Foods, Inc.","Fairport, NY",Wegmans,Wegmans,,"Wegmans ITALIAN CLASSICS Organic BLUSH SAUCE, NET WT 23.5 OZ (1 LB 7.5 OZ) 667g"
,maker_linked,False,FDA,75533,2016-11-16,Kar Nut Products Company,"Madison Heights, MI",Aldi,Fit & Active,,Fit & Active 100 Calorie Whole Almonds  7  0.63oz bags per retail carton  Flexible film bags in paperboard carton
,maker_linked,False,FDA,73464,2016-11-16,Rich Products Corp,"Buffalo, NY",Ahold Delhaize,Food Lion,,"New York Style Chocolate Iced ¿clairs under the following labels: 1) Richs New York Style Chocolate Iced ¿clairs, NET WT 8 oz (226g) (UPC Code:049800147799), 2) Bakery Fresh Goodness NY Style Chocolate ¿clairs, NET WT 8 oz (226g) (UPC Code:011110456601), 3) Food Lion NY Style Chocolate Iced ¿clairs, NET WT 8 oz (226g) (UPC Code: 035826088604)"
,maker_linked,False,FDA,75280,2016-11-23,McCain Foods USA,"Lisle, IL",Kroger;Western Family,Kroger;Shur Fine,,"Frozen Onion Rings sold and distributed under the following private label retail brands:  1) Premium Pick 5 Mix and Match Onion Rings, NET WT 40 OZ, packaged in plastic bags;   2) Krasdale Onion Rings, NET WT 16 OZ, packaged in plastic bags;   3) Spartan Onion Rings, NET WT 20 OZ,  packaged in plastic bags;  4) Shur Fine Onion Rings, NET WT. 16 OZ,  packaged in plastic bags;  5) Kroger Onion Rings, NET WT. 20 OZ, packaged in plastic bags; and  6) Fareway Breaded Onion Rings, NET WT. 20 OZ, packaged in plastic bags."
,maker_linked,False,FDA,75095,2016-11-30,Westby Coop Creamery,"Westby, WI",Western Family,Shurfine,,"4% cottage cheese packaged in 16-ounce, 22-ounce, and 24-ounce plastic containers; under the Westby, Food Club, Oberweis, and Shurfine brand names."
,maker_linked,False,FDA,75389,2016-12-07,"Mel-O Cream Donuts International, Inc.","Springfield, IL",Hy-Vee,Hy-Vee,,"Star Shaped Shells;  Best If Used By 02/26/2017; Batch 162734736; NET WT 11.46 Pounds; Approximate Unit Count [Per Case]: 9 Dozen [108 units] | Fried Danish; Best If Used By 02/25/2017; Batch 162724711; NET WT 11.25 Pounds; Approximate Unit Count: 89 pcs. | Jumbo Apple Fritter; Approximate Unit Count: 6 Dozen; Mel-O-Cream Donuts Intl. Inc. Springfield, IL 62711 | Hy Vee Long Shells (Red Raspberry Filled); Best If Used By 02/26/2017; Batch 162734720; NET WT 26.48 Pounds; Approximate Unit Count: 84 units | Arrowhead/Christmas Tree Shells; Best If Used By 02/26/2017; Batch 162734737; NET WT 12 Pounds; Approximate Unit Count [Per Case]: 8 Dozen [96 units] | Hy Vee Shells (Bavarian Filled);  Best If Used By 02/25/2017; Batch 162724703; NET WT 26.48 Pounds; Approximate Unit Count: 84 units | Jumbo Pershing (Cinnamon) Rolls; NET WT 11.25 and 16.1 Pounds; Approximate Unit Count [Per Case]: 6-8 Dozen; Brands: Mel-O-Cream and Hy-Vee | Hy Vee Long Johns (Red Raspberry Filled); Best If Used By 02/25/2017; Batch 162724690; NET WT 14.63 Pounds; Approximate Unit Count: 72 units | Jumbo Ring Donut; Best If Used By 02/26/2017; Approximate Unit Count: 84 Units;  Brands: Mel-O-Cream and Hy-Vee"
,maker_linked,False,FDA,75140,2016-12-14,"Shearers Foods, Llc","Massillon, OH",Meijer,Meijer,,"Meijer brand No Salt Added Original Kettle Cooked Potato Chips, 8.5oz bag.  15 bags per case."
,maker_linked,False,FDA,74858,2016-12-14,ASK Foods Inc,"Palmyra, PA",Ahold Delhaize,Taste of Inspirations,,Taste of Inspirations Classic Red Skin Potato Salad; Creamy redskin potatoes & white onion in a tangy dressing. Net Wt. 16 OZ. Sell By: 08-01-16 4238
,maker_linked,False,FDA,74112,2016-12-21,First Source Llc,"Tonawanda, NY",Wegmans,Wegmans,,"Flave! TROPICAL TRAIL MIX, NET WT 8OZ (226g), shipped 12 packs per case | ROASTED & SALTED SUNFLOWER KERNELS sold under the following labels: 1) ROASTED & SALTED SUNFLOWER KERNELS, 10.25 oz, shipped 12 packs per case, 2) Tops square tub ROASTED & SALTED SUNFLOWER KERNELS, 10.25 oz, shipped 12 packs per case, 3) EARTH FARE ROASTED & SALTED SUNFLOWER KERNELS, NET WT 16 OZ (1 LB) 453g, shipped 6 per case | Flave! BEACH RETREAT TRAIL MIX, Net Wt. 18.5 OZ (1 LB 2.5 OZ) 524g, packed 12 per case | Flave! HIKERS HAVEN TRAIL MIX, Net Wt. 21.5 OZ (1 LB 5.5 OZ) 609g, packed 12 per case | Oriental Snack Mix under the following labels: 1) Flave! ORIENTAL MIX, NET WT 6OZ (170g), shipped 12 packs per case, 2) Alpine Valley Oriental Snack Mix, 4oz 3) 15 LB Bulk ALPINE VALLEY ORIENTAL DELIGHT MIX, shipped 1 per case | SUNSHINE CRANBERRY DELIGHT sold under the following labels: 1) Wegmans square tub SUNSHINE CRANBERRY DELIGHT, 20 oz, shipped 12 packs per case, 2) 15 LBS ALPINE VALLEY SUNSHINE CRANBERRY DELIGHT, shipped 1 per case, 3) SUNSHINE CRANBERRY DELITE, NET WT 4.5 OZ (127g) shipped 6 packs per case, 4) SUNSHINE CRANBERRY DELIGHT, NET WT 20 OZ (1 LB 4 OZ) 566 g, 5) STEWART'S SUNSHINE CRANBERRY DELITE, NET WT 5 oz (141g), shipped 18 packs per case, 6) Cranberry Almond Trail Mix, NET WT 13 OZ (368g), packed 12 per case | Flave! SUNFLOWER SEEDS, NET WT 7.5OZ (212g), shipped 12 packs per case | ROASTED & UNSALTED SUNFLOWER KERNELS sold under the following labels: 1) ROASTED & UNSALTED SUNFLO"
,maker_linked,False,FDA,75848,2016-12-21,"Two Chefs On A Roll, Inc","Carson, CA",Trader Joe's,Trader Joe's,,Trader Joe's White Bean & Basil Hummus  SKU #91107 | Trader Joe's Mediterranean Hummus  SKU #90642
,maker_linked,False,FDA,75776,2016-12-21,"First Source, LLC","Tonawanda, NY",Wegmans,Wegmans,,"Wegmans Milk Chocolate Covered Pretzels, NET WT 9.5 OZ (269g)"
,maker_linked,False,FDA,75227,2016-12-28,Interbake Foods,"Richmond, VA",Walmart,Great Value,,"Benton's Peanut Butter filled Cookies covered in Rich Fudge, NET WT 9.5 OZ (269 g), UPC 041 498 1896 55, Distributed by ALDI INC.    Great Value, Fudge Covered Peanut Butter, 269 g, Imported for Wal-Mart Canada Corp, Product of USA, UPC 6 28915 24342 0. | Girl Scout Peanut Butter Sandwich, NET WT 8 0Z (227 g). UPC 0 20200 07007 8, ABC Bakers/Interbake Foods LLC, Richmond, VA 23233."
,maker_linked,False,FDA,75061,2017-01-11,"Country Fresh Products, LLC","Houston, TX",Publix;Walmart,Marketside;Publix,,"Harris Teeter, Kabob Kit 23oz | Harris Teeter, Stir Fry Vegetable 10oz | Fajita Mixes, Net Wt.6oz, 9.5oz, 9.5oz, 10oz and 12oz, in clear plastic containers (sold under the Bi-Lo, Harris Teeter, Wal-Mart and Winn Dixie brand). | Harris Teeter, SW Stir Fry Vegetable7oz | Winn Dixie, Tuscan Stuffed Mushrooms 8oz | Creole Mix, Net Wt. 6oz, packed in clear plastic containers (sold under the Bi-Lo and Winn Dixie brands) | Harris Teeter, Farmers Market Mirepoix 12oz | Wal-Mart, Portabella Griller 12.5oz | Harris Teeter, Green Bean Saut¿ 10oz | Winn Dixie, Stuffed Mushrooms 7oz | Pico De Gallo, Net Wt. 8oz, 10oz and 18oz, in clear plastic containers (sold under the Bi-Lo, The Spinz, Wal-Mart and Winn Dixie brand). | Harris Teeter, Jal Ched Stuff Mushrooms 7oz | Diced Tri-Peppers, Net Wt. 6oz and 12oz, in clear plastic containers (sold under the Bi-Lo, Harris Teeter, and Winn Dixie brand). | Wal-Mart, Marketside Veggie Kabobs 23oz | Wal-Mart, Marketside Spicy Pico de Gallo 10oz | Harris Teeter, Grilling Vegetables 14oz | Winn Dixie, Mush & Garlic Herb Steak 7.5oz | Harris Teeter, Veggie & Fruit Kabob Kit 23oz | Diced Yellow Onion, Net Wt. 6oz, 8oz, 10oz, 16oz, 4/3 lb and 40oz, in clear plastic containers (sold under the Bi-Lo, Harris Teeter, Quik Trip The Spinx and Winn Dixie brand). | Celery/Onion Dice, Net Wt. 6oz, in clear plastic containers (sold under the Bi-Lo and Winn Dixie brands) | Green Peppers, Net Wt.8oz, 7oz, 40oz, 4 lb (sold under the Harris Teeter, Quik Trip and Wal-Mar"
,maker_linked,False,FDA,75647,2017-01-11,Minnesota Best Maid Cookie Co. Inc.,"River Falls, WI",Target,Market Pantry,,Market Pantry Peanut Butter Cookies. Net Wt. 10.8 oz (306g) UPC 92180 11707
,maker_linked,False,FDA,76010,2017-01-11,"Vanlaw Food Products, Inc","Fullerton, CA",WinCo,WinCo;WinCo Foods,,Winco Foods  Creamy Ranch Dressing  16 fl oz.  UPC Code: 0 70552 70103 8
,maker_linked,False,FDA,76030,2017-02-08,Rich Products Corp,"Buffalo, NY",Albertsons,Signature Select,,"Signature SELECT Vanilla Ice Cream & White Cake ICE CREAM CAKE , NET WT 4 LB 13 OZ, KEEP FROZEN, UPC 021130 114641,  Product Code 06620 --- | RICH'S 1/4 Sheet White Cake with Vanilla Ice Cream Cake, KEEP FROZEN, UNIT NET WT: 60 OZ (3 LB 12 OZ), COUNT: 4 x 1/4 SHEET CAKES, NET CASE WT: 15 LB, UPC 049800 290013 (retail), Product Code 29001 --- RICH PRODUCTS CORP BUFFALO, NY 14213 | Jon Donaire Ice Cream Layer Cake, Deliciously moist white cake with rich, creamy vanilla ice cream, NET WT 4 LB 8 OZ, KEEP FROZEN, UPC 0 49800 62878 6 (retail), Product Code 62878, and UPC 0 49800 02453 3 (retail), Product Code 02453 --- Rich Products Corp., Buffalo, NY 14213 ,1/4 SHEET VANILLA ICE CREAM CAKE WITH WHITE CAKE LAYERED ICE CREAM CAKE, NET WT 18 LB, 4 UNITS/4 lb 8 oz, Product Code 00180 | Jon Donaire Ice Cream Layer Cake, Deliciously moist white cake with rich, creamy strawberries & cream ice cream, NET WT 4 LB 8 OZ, KEEP FROZEN, UPC 0 49800 04776 1 (retail), Product Code 04776 --- Rich Products Corp., Buffalo, NY 14213"
,maker_linked,False,FDA,76296,2017-02-15,"Taylor Farms Pacific, Inc.","Tracy, CA",Kroger,Kroger,,"Fresh Foods Market Delicatessen Rotini Pasta Salad;  Net Wt. 10 oz . (283g)  Clamshell package.    UPC Code: WO2017019    Perishable; Keep Refrigerated;  Distributed by The Kroger Col., Cincinnati, OH"
,maker_linked,False,FDA,76154,2017-03-01,"Palmer and Company, dba Palmer Candy Co","Sioux City, IA",Publix,Publix,,"Palmer's Candies Swirled Pretzels NET WT 5 OZ (141 g) packaged in foil bags, UPC Code 77232-13990 | Palmer's Candies Peppermint Bark A) NET WT 9 OZ (255 g) packaged in plastic clamshell containers, UPC Code 77232-17270; B) NET WT 10 OZ (283 g) packaged in paper bags, UPC 77232-23091; C) NET WT 8 OZ (226 g) packaged in paper boxes UPC 77232-12146; C) NET WT 9 OZ (255 g) packaged in plastic clamshell containers UPC 77232-16309; D) NET WT 9 OZ (255 g) packaged in paper boxes UPC 77232-16042; E) 10 lbs. Net Weight (4.54 kg) packaged in cardboard boxes UPC 77232-10770 | Palmer's Candies Creme De Menthe Bark, A) NET WT 9 OZ (255 g) packaged in cardboard boxes, UPC Code 77232-16043, B) NET WT 9 OZ (255 g) packaged in plastic clamshell containers, UPS code 77232-17255; C) NET WT 10 lbs Net Weight (4.54 kg) packaged in cardboard boxes | Palmer's Candies Bakery Delights Christmas Tree Pretzels NET WT 5 OZ (141 g) packaged in foil bags, UPC Code 77232-13227 | Palmer's Candies Cookies & Cream Bark, NET WT 9 OZ (255 g) packaged in plastic clamshell container, UPC Code 77232-17254 | A) Palmer's Candies Chocolate Almond Bark , NET WT 9 OZ (255 g) packaged in plastic clamshell container, UPC 77232-17250; B) Publix Bakery Almond Bark with Cocoa, NET WT 10 OZ (283 g), packaged in paper bags, UPC 77232-22691; C) Palmer's Candies Chocolate Almond Bark, 10 lbs. Net Weight (4.54 kg) | Palmer's Candies Chocolatey Tree Pretzels NET WT 28 lbs (12.7 kg), packaged cardboard boxes, UPC 77232-10799 | Pal"
,maker_linked,False,FDA,76387,2017-03-01,Hanover Foods Corporation,"Hanover, PA",Wegmans,Wegmans,,"Wegmans Organic Dark Red Kidney Beans, Net Wt. 15 OZ"
,maker_linked,False,FDA,76308,2017-03-01,Athens Baking Company,"Fresno, CA",Trader Joe's,Trader Joe's,,"Trader Joe's Harvest Whole Wheat Bread;  NET WT 24 oz. (1 lb. 8 oz.)  SKU 00132;  UPC: 0000 1328.    Distributed and sold exclusively by:  Trader Joe's, Monrovia, CA 91016"
,maker_linked,False,FDA,75923,2017-03-08,"Shearers Foods, Llc","Massillon, OH",UNFI/SuperValu,Essential Everyday,,"SPICY NACHO CHEESE TORTILLA CHIPS: Essential Everyday 10 oz bag UPC 0 41303 06389 7 & Market Essential 11.5 oz bag UPC 0 98487 30014 0 | Larry The Cable Guy Jalapeno' Popper Thin Potato Chips 3 oz bag UPC 7 67212 80656 & 8 oz bag UPC 7 67212 80601 | Larry The Cable Guy Biscuits & Gravy Thin Potato Chips 3 oz bag UPC 7 67212 62423 & 8 oz bag UPC 7 67212 62461 | Deep River Sour Cream & Onion Krinkle Kettle Chips 2 oz bag UPC 8 50668 00049 8 & 5 oz bag UPC 8 50668 00099 3 | Delish Jalapeno' White Cheddar KETTLE COOKED FLAVORED POTATO CHIPS NET WT 8.5 oz (241g) bag CONTAINS: MILK, UPC 4 49022 83607 5 | NACHO CHEESE TORTILLA CHIPS: Essential Everyday 1 oz bag (Multi-pak) UPC 4 13030 05979; Essential Everyday 1 oz bag UPC 4 13030 59821, 10 oz bag UPC 4 13030 37638 & Market Essential 11.5 oz bag UPC 9 84873 00119"
,maker_linked,False,FDA,76489,2017-03-15,Index Fresh,"Bloomington, CA",Albertsons,Signature Farms,,Hass Avocado HA LTP S 40 1 Index Fresh- USA  Hass Avocado HA LTP S 70 1 Index Fresh- USA  Hass Avocado HA LTP S 70 1 Index Fresh- USA | Hass Avocado HA LB Signature Farms 15/4 60 1- USA  Hass Avocado HA LTP S 60 1 Index Fresh- USA  Hass Avocado HA RPCFB 10/4 70 1 Index Fresh- USA  Hass Avocado HA LTP 32 2 So Good- USA | Hass Avocado 32 1 Index Fresh- USA  Hass Avocado 36 1 Index Fresh- USA  Hass Avocado 40 1 Index Fresh- USA  Hass Avocado 48 1 Index Fresh- USA  Hass Avocado 60 1 Index Fresh- USA  Hass Avocado 70 1 Index Fresh- USA
,maker_linked,False,FDA,76415,2017-03-15,Legendary Baking,"Denver, CO",Kroger,Private Selection,,"Private Selection, Salted Caramel Chocolate Almond Pie, NET WT 34 OZ ( 2 LB 2 OZ) 963g, UPC 1111054021.  Container: In a labeled pie dome and base.   Pies are distributed frozen.  Some stores sell refrigerated and some sell frozen."
,maker_linked,False,FDA,74859,2017-03-22,"Gel Spice Co, Inc.","Bayonne, NJ",Target,Market Pantry,,"1) Ground Tumeric item #73535 Net Wt 50 lbs  Distributed by Gel Spice Co., Inc 48 Hook Road,   Bayonne, NJ 07002    2) Spice Supreme Ground Turmeric Net Wt 2 oz. (56 g)  Packed in the USA by Gel Spice Co., Inc. Bayonne, NJ 07002  UPC 076114364628    3)Clear Value Ground Turmeric  Net Wt. .75 oz (21 g)   Distributed by TopCo Associates LLC Elk Grove Village, IL 60007, UPC 036800354920      4) Market Pantry Ground Turmeric, Net Wt. 0.95 oz.  Distributed by Target Corporation Minneapolis, MN 55403 Product of India UPC 085239211038                 5)  Spice Select Ground Turmeric, Net Wt 8 oz.(227g), Distributed By: GelSpice, Co., Inc., Bayonne, NJ 07002, UPC 076114007730                       6) Lieber's Turmeric, Net Wt. 2 oz (56g), Dist by Lieber's Chocolate & Food Products Co, Maspeth, New York 11378, UPC 04342700626          7) Gel brand Ground Turmeric, Net Wt. 15 oz., (425g) Plastic Bottle, Packed by Gel Spice Co., Inc., Bayonne, NJ 07002, UPC 076114800867     8) b'gan seasonings Ground Turmeric NET WT. 16 oz 1 LB (454 g) Dist. by S. Bertram. Inc, Linden, NJ 07036 UPC     9) Freshly Ground Turmeric Net Weight 2.8oz (79g) Orient Provision & Trading Co. LTD UPC 6281063884002    10) Spice Supreme Ground Turmeric Net Wt 2 oz. (56 g) Gel Spice Co., Inc. Bayonne, NJ 07002 UPC 07611436462    11) Fresh Finds Ground Turmeric Net Wt. 3.75 oz (106g) Distributed by: Big Lots Stores, Inc. PO Box 28523 Columbus OH 43228-0523 UPC 08102601230"
,maker_linked,False,FDA,76589,2017-03-29,"Manzana Products Co.,  Inc.","Sebastopol, CA",Trader Joe's,Trader Joe's,,"Trader Joe's First Crush Unsweetened Gravenstein Apple Sauce;   24 oz. glass jar.  Best Before date stamped on top of lid.    UPC:00015905     Distributed by Trader Joe's, Monrovia, CA | Trader Joe's Organic Unsweetened Apple Sauce;  24 oz. glass jar.  Best Before date stamped on top of lid.    UPC: 00194877    Distributed by Trader Joe's, Monrovia, CA | Trader Joe's All Natural Unsweetened Apple Sauce;  24 oz. glass jar.  Best Before date stamped on top of lid.    UPC: 00014359    Distributed by Trader Joe's, Monrovia, CA"
,maker_linked,False,FDA,76441,2017-03-29,MDS Foods Inc,"Massillion, OH",Meijer,Meijer,,"Havarti Cheese Packaged as:   (a) AMISH CLASSICS Deli Made EZ Havarti .75oz St Pk Slice, Item 	71554, 1.5 lbs, UPC  82853715542 | Monterey Jack Cheese packaged as:  (a) AMISH CLASSICS Deli Made EZ Monterey Jack St Pk .75 oz Slice, Item 03554, 1.5 lbs, UPC 828653035541 | Provolone Cheese Salame packaged as:  (a) Sutters Quality Foods Provolone Salame, Item 58814, 6 lbs, no UPC | Colby Jack Cheese packaged as follows:  (a) m markets of Meijer(R), NET WT 6 LBS (2.72 kg), Item 18755, UPC 71091718755  (b) Amish classics Colby Jack RW Halfmoon, Item 18244, 8 oz, no UPC  (c) Meijer Colby Jack EW Halfmoon Chunk, Item 18758, 8 oz, UPC 713733340588  (d) Amish Classics Colby Jack RW Fullmoon, Item 18241, 8 oz, no UPC  (e) Amish Classics Colby Jack EW Fullmoon, Item 18245, 	8 oz, 828653182450  (f) Deli Readi Colby Jack 1/2 Moon Slices, Item 18830, 1 lb, UPC 6 34660 62875 7  (g)  Amish Classics Colby Jack Mini Horn, Item 18209, 6 lbs, no UPC  (h) LIPARI OLD TYME Colby Jack EW Halfmoon, Item 18703, 8 oz, UPC 094776102211  (I) Deli Readi Colby Jack St Pk 1oz Mn Hrn Slice, Item 18831, 2 lbs, UPC 634660628603  (j) Dietz & Watson Colby Jack Mini Horn, Item 18740, 6 lbs, no UPC  (k) Winder Farms Colby Jack St Pk .75oz Slice, Item 18790, 1 lb, UPC 828653187905 | Grand Butterkase Cheese packaged as:    (a) AMISH CLASSICS Grand Butterkase, Item 65209, 6 lbs, UPC 828654652090  (b) AMISH CLASSICS Grand Butterkase RW Fullmoon, Item 65241, 12 lbs, no UPC  (c) AMISH CLASSICS Grand Butterkase EW Fullmoo"
,maker_linked,False,FDA,76475,2017-03-29,Country Fresh Inc.,"Grand Prairie, TX",H-E-B;Walmart,H-E-B;Marketside,,"Country Fresh Creations Stuffed Mushrooms Net Wt. 7 oz. (198g) Packed Regionally by Country Fresh LLC Headquarters, Conroe, TX 77384 www.countryfreshinc.com UPC: 074641072078 | Country Fresh Creations Tuscan Style Portabella Mushrooms Net Wt. 8oz (227g) Distributed by Country Fresh, LLC., Houston, TX 77090 UPC: 074641072115 | HEB Ready Fresh Go Fresh Fruit and Hatch Pepper Cheese Net Wt. 5.5 oz. (156g) Made With Pride and Care For H-E-B San Antonio, TX 78204 UPC: 041220036806 | Marketside Garlic & Four Cheese Stuffed Baby Bellas Net Wt. 7 oz. (198g) Distributed By: Wal-Mart Stores, Inc., Bentonville, AR 72716 UPC: 681131148214 | Southwestern Stuffed Mushrooms Net Wt. 7 oz. (199g) UPC: 072036884718 Proudly Distributed By: Harris Teeter, LLC. Matthews, NC 28105 Facility #865"
,maker_linked,False,FDA,76534,2017-03-29,"Lakeside Foods, Inc","Manitowoc, WI",Kroger,Kroger,,"Harris Teeter,  Sweet Green Peas, 12 oz (340g), UPC 007203671652 | Kroger French Style Green Beans, Net Wt. 12 oz (340g), UPC 11110-89731 | Kroger Peas & Carrots, Net Wt. 12 oz (340g), UPC 11110-89741;    Harris Teeter Peas and Diced Carrots 12 oz, UPC 007203671661"
,maker_linked,False,FDA,76601,2017-03-29,Whole Food Market,"Cambridge, MA",Whole Foods,Whole Foods Market,,"Whole Foods Market King Cake, sold in purple cardboard containers and labeled as Lonestar Bakeries Cream Cheese King Cakes  PLU 44498"
,maker_linked,False,FDA,76493,2017-04-12,"Biery Cheese, Inc.","Louisville, OH",Kroger;Walmart,Kroger;Marketside,,"Marketside Grab and Go Col Colby 10.8 oz Set Ups | DELALLO Premium Sliced HOT PEPPER CHEESE NET WT. 8 OZ. (227G) INGREDIENTS: American Cheese, Cultured Pasteurized Milk, Salt, Enzymes, Jalapeno Peppers***Red Bell Peppers***CONTAINS: MILK GEORGE DELALLO CO., INC., JEANNETTE, PA 15644 UPC 0 72368 12462 9 | DIETZ & WATSON Pepper Jack Cheese  NET WT. 8 OZ. (227G) INGREDIENTS: Cultured Pasteurized Milk, Jalapeno Peppers, Salt, Enzymes. CONTAINS: MILK DISTRIBUTED BY: DIETZ AND WATSON, INC. PHILADELPHIA, PA 19135 UPC 0 31506 79450 6 | Marketside Grab and Go No Smoke Provolone 10.8 oz Set Ups | Marketside Grab and Go Col. Sharp Cheddar 10.8 oz Set Ups | Private Selections HARDWOOD SMOKED GOUDA NET WT 8 OZ (226g) DISTRIBUTED BY THE KROGER CO CINCINNATI, OHIO 45202 UPC 0 11110 60861 1 | DIETZ & WATSON  Pasteurized Process New York State Cheddar Cheese with Jalapeno & Cayenne NET WT. 8 OZ. (227G) INGREDIENTS: Aged Cheddar Cheese, (Milk, Cultures, Salt, Enzymes), Jalapeno Peppers, Red Cayenne Pepper Flakes, Sodium Phosphate, CONTAINS: MILK DISTRIBUTED BY: DIETZ AND WATSON, INC. PHILADELPHIA, PA 19135 UPC 0 31506 79412 4 | Marketside Grab and Go Colby Jack 10.8 oz Set Ups | Marketside Grab and Go Swiss 10.8 oz Set Ups | Colored Trim For Sale | Colby Jack Trim For Sale | FINLANDIA SRIRACHA JACK & JALAPENO JACK CHEESE  NET WT. 12 OZ. (340g) SRIRACHA JACK INGREDIENTS: PASTEURIZED MILK, CULTURES, SALT, JALAPENOS, CAYENNE GARLIC, CITRUS POWDER, ENZYMES CONTAINS: MILK JALAPENO JACK INGREDIENTS:"
,maker_linked,False,FDA,76657,2017-04-26,"Landies Candies, Inc.","Buffalo, NY",Wegmans,Wegmans,,"Wegmans Milk Chocolate Sucker, NET WT 3 OZ.  The product is shipped within a carton labeled with an orange label as  WEGMANS SWISS RECIPE Milk Chocolate Big Ear Bunny Sucker (3 oz 36 count case).  The individual product contains a lavender label and read Wegmans Milk Chocolate Sucker,  comes in a 3-oz., clear plastic flow wrap 6  long by 2  wide."
,maker_linked,False,FDA,76426,2017-05-03,"Deutsch Kase Haus, LLC","Middlebury, IN",Meijer,Meijer,,Liquid Whey; Bulk. | Cheddar cheese.  All affected product private labeled for other companies.     Brands:  Guggisberg;  Amish Classics;  Dutch Farms;  Banquet;    Product packaged as:  6lb deli horns (4 diameter x 13 long cylinder) 2 or 4 per case;  15lb long horns (6 diameter x 13 long cylinder) 2 or 4 per case;  1lb Cut and Wrap ( 4 or 6 diameter x 1 thick  pucks) 10 per case    Products package in clear plastic bags. Bags sealed by vacuum sealing and shrink wrapping. | Pepper Colby-Jack (or: Pepper Marble Jack; Lightning Jack; Thunder Jack; Firecracker; Jalapeno Jack; Jumping Jack) cheese.  All affected product private labeled for other companies.     Brands:  Guggisberg;  Dutch Farms;  Amish Classics;  Lipari Old Tyme;  Walnut Creek;    Product packaged as:  6lb deli horns (4 diameter x 13 long cylinder) 2 per case;  1lb Cut and Wrap ( 4 or 6 diameter x 1 thick  pucks) 10 per case    Products package in clear plastic bags. Bags sealed by vacuum sealing and shrink wrapping. | White Colby cheese.  All affected product private labeled for other companies.     Brands:  Walnut Creek    Product packaged as:  15lb long horns (6 diameter x 13 long cylinder) 2 per case;    Products package in clear plastic bags. Bags sealed by vacuum sealing and shrink wrapping. | Amish Creamery (or Butter) cheese.  All affected product private labeled for other companies.     Brands:  Guggisberg;  Amish Classics;      Product packaged as:  6lb deli horns (4 diameter x 13 long cylinder) 2  per c
,maker_linked,False,FDA,76856,2017-05-03,Whole Food Market,"Cambridge, MA",Whole Foods,Whole Foods Market,,"Whole Foods Market  Made Right Here 6pk Banana Choc Chip Muffins, 6 pack. Net Wt. 1 lb 1 oz."
,maker_linked,False,FDA,76469,2017-05-03,Guggisberg Cheese Inc,"Millersburg, OH",Meijer,Meijer,,"Thunder Jack Cheese sold under the following brand names: Amish Classic Firecracker & Guggisberg | Farmers Cheese sold under the following brand names: Amish Classic 6lb & 15lb, Guggisberg 12oz, & 6lb Mini Horn,  Walnut Creek 6lb | Pepper Jack Cheese sold under the following brand names: Amish Classic 6 lb, Dutch Farms 6 lb, Guggisberg 6 lb, 14 lb, Mini Rounds & Long Horn & Walnut Creek 6 lb | Marble Cheese sold under the following brand names: Amish Classic 6lb & 15lb, Dietz & Watson 6lb, Dutch Farms 6lb, Guggisberg 6lb, & 15lb, Lipari 6lb & 15lb, Meijer & Walnut Creek 6lb & 15lb | Guggisberg Monterey Jack Cheese | Amish Creamery Butter Cheese Sold under the following brand names: Amish Classic 6 lb & 15 ib and Guggisberg 15 ib Distributed by: Guggisberg Cheese, 5060 S.R. 557, Millersburg, OH 44654 | GUGGISBERG GARDEN VEGETABLE NATURAL CHEESE INGREDIENTS: Pasterized Milk, Cultures, Red & Green Pell Peppers, Parsley, Salt, Onion, Celery, Carrots, Cucumbers, Califlower, Enzymes, LIve Yogurt Cultures 11275 W 250 N MIDDLEBURY, IN 46540 | Colby Cheese sold under the following brand names: Amish Classic 6lb & 15lb, Dietz & Watson 6lb, Dutch Farms 6lb, Guggisberg 8oz, 12oz, 1ib, 6lb, 14lb & 15lb, Lipari 6lb & 15lb, Meijer & Walnut Creek 6lb & 15lb | Cheddar Cheese sold under the following brand names: Amish Classic 6 lb, Banquet Better Long Horns, Dutch Farms 6 lb & Guggisberg 12 oz, 1 lb & 6 lb,"
,maker_linked,False,FDA,76966,2017-05-03,Fresh Express Incorpated,"Windermere, FL",Walmart,Marketside,,"Organic Marketside Spring Mix, net Wt. 5 oz. (142g) packed in rigid plastic container, UPC code 6 8113132897 5."
,maker_linked,False,FDA,76947,2017-05-03,"Lakeside Foods, Inc","Manitowoc, WI",Aldi,Season's Choice,,"Season's Choice Garden Fresh Sweet Peas, Net Wt 16 oz (1lb) 454g, Keep Frozen.  UPC 41498-164294."
,maker_linked,False,FDA,77157,2017-05-10,Urban Remedy,"N Richmond, CA",Whole Foods,Whole Foods Market,,"Whole Foods Market Cold Pressed Juice, Apple;  16 FL. Oz. (1 pt) 473 mL.  Keep refrigerated - Enjoy within 5 days of opening.  UPC 8 13377 02154 3"
,maker_linked,False,FDA,76925,2017-05-17,"Pinnacle Foods, LLC","Parsippany, NJ",Walmart,Great Value,,"Great Value Bread and Butter Chips 24 Fl Oz.   Distributed by: Wal-Mart Stores, Inc., Bentonville, AR 72716  UPC 078742145990"
,maker_linked,False,FDA,75922,2017-05-17,Treehouse Foods,"Oak Brook, IL",Walmart,Great Value,,"Macaroni & Cheese microwaveable cups sold under the following brands:    1.  Big Win Original Macaroni & Cheese Dinner, UPC 11822-58403.    2.  Cheese Club express mac Macaroni  Cheese Dinner, UPC 41498-17167,    3.  Great Value Macaroni & Cheese Dinner, UPC  78742-08249."
,maker_linked,False,FDA,77219,2017-05-24,ASK Foods Inc,"Palmyra, PA",Wegmans,Wegmans,,"Wegmans Wegmans Family Pack Potato Salad, Net Wt. 48 OZ; Ingredients: Pasta Shells***Water, Cucumbers, Feta Cheese...ect;  Allergens: Contains Milk and Wheat; Distributed By: Wegmans Food Markets, Inc., Rochester, NY 14603;    Sell By: 5/7/17   3379-4;  UPC: 7789024678"
,maker_linked,False,FDA,77296,2017-06-14,Wholefoods Market,"Austin, TX",Whole Foods,Whole Foods Market,,"Oatmeal Chocolate Chip Cookies, 18pk, NET WT. 0 lb 10 oz (283 g), Dist. by Whole Foods Market, 1105 N. Lamar, Austin, TX  78703 USPC 0247181 004992"
,maker_linked,False,FDA,77438,2017-06-21,Gilster-Mary Lee Corp.,"Chester, IL",Western Family,Western Family,,"Western Family Onion Soup Mix, 2.25 oz. pouches packaged in 4.5-oz. cartons"
,maker_linked,False,FDA,77412,2017-06-28,Monfitello,Lachine,Kroger,Kroger;Private Selection,,"Private Selection Peruvian Inspired Aji Amarillo Culinary Spice Paste NET WT 4 OZ (113g) INGREDIENTS: SOY SAUCE***CONTAINS: SOY. DISTRIBUTED BY THE KROGER CO., CINCINNATI, OHIO 45202 MADE IN CANADA | PRIVATE SELECTION AFRICAN - INSPIRED PERI PERI  CHILI CULINARY SPICE PASTE NET WT 4 OZ (113g) UPC 0 11110 80699 4 DISTRIBUTED BY THE KROGER CO., CINCINNATI, OHIO 45202 MADE IN CANADA"
,maker_linked,False,FDA,77429,2017-06-28,"Star Snacks Co., Llc.","Jersey City, NJ",Aldi,Southern Grove,,"Southern Grove Cashew Halves & Pieces with Sea Salt, Net Weight 8.0 oz. (227 grams)"
,maker_linked,False,FDA,77520,2017-07-05,Mikawaya,"Vernon, CA",Trader Joe's,Trader Joe's,,"Shirakiku Brand Red Bean Ice Cream 3 gallon foodservice tub | Green Tea Ice Cream:  Sold under the brand names of:  Trader Joe's Brand Matcha- 1 quart tubs, SKU 055740;  Shirakiku brand Matcha and Fukuya brand, both in 3 gallon foodservice tubs."
,maker_linked,False,FDA,77396,2017-07-12,ASK Foods Inc,"Palmyra, PA",Ahold Delhaize,Taste of Inspirations,,"Taste of Inspirations; Greek Pasta Salad, Net Wt. 10 oz.; Distributed By: DZA Brands, LLC, Salisbury, NC 28147/Scarborough, ME 04074;"
,maker_linked,False,FDA,77473,2017-07-19,"National Fish & Seafood, Inc.","Gloucester, MA",Whole Foods,365 Everyday Value,,LIL FISHERMAN PRE COOKED POLLOCK NUGGETS 1 OZ PUFI 1/10 LB | AMERICAS CHOICE B/D SHRIMP BEER BATTERED POPCORN 12/14 OZ | MATLAWS R/B FLOUNDER PANKO FLTS 2-3 OZ 1/10 LB | NORTHSIDE PRE COOKED FLOUNDER FILLETS 4 OZ 1/10 LB | 365 EVERYDAY VALUE ALL NATURAL PRECOOKED BREADED FISH STICKS 10/2 LBS NET WT. 20 LBS | MATLAWS R/B HADDOCK PANKO PTNS 10 LB | SCHOONER PRE COOKED CRUNCHY FLOUNDER FILLETS 10 LB | LIL FISHERMAN PRE COOKED POLLOCK PORTIONS 4 OZ GR. A 10 LB | MATLAWS ALL NATURAL PANKO PRE COOKED FISH SQUARES 10 LB and 10/2 LB | PRE-COOKED FRESH HADDOCK FILLET 1/20 | LIL FISHERMAN PRE COOKED POLLOCK STICKS 1 OZ GRADE A 10 LB | SCHOONER PRE-COOKED CRUNCHY STYLED HADDOCK FILLETS 10 LB | SCHOONER PRE-COOKED CRUNCHY WHITING FILLETS 1/10 LB and SCHOONER PRE-COOKED CRUNCHY WHITING FILLETS 12/16 OZ | NATIONAL PRE COOKED MINCED POLLOCK PORTIONS 3.4 OZ 1/10 LB and 4 OZ 1/10 LB | MATLAWS ALL NATURAL PANKO PRE COOKED FISH STICKS 1/10 LB and 10/2 LB | MATLAWS P/C BRD BUFFALO POPCORN SHRIMP 12/8 OZ | SCHOONER PRE-COOKED CRUNCHY PERCH FILLETS 12/16 OZ | GRS PRECOOKED BREADED WHITING PORTIONS PORTIONS 4OZ - NET WT. 10 LB (4.53 Kg) | SCHOONER P/C TILAPIA FLTS 1/10 LB | NATIONAL PRE COOKED COD PORTIONS 4 OZ PUFI 10 LB | MURRYS PRE COOKED STICKS 6/2 1 OZ | MATLAWS R/B SHRIMP PANKO TAIL-OFF 21-25 4/2.5 LB | SCHOONER PRE COOKED CRUNCHY FISH PORTIONS 10 LB | P/C FISH STICKS 5/4 LB | SCHOONER PRE-COOKED CRUNCHY STYLED COD FILLET 10 LB and SCHOONER PRE-COOKED CRUNCHY STYLED COD FILLETS 12/16 OZ | SCH
,maker_linked,False,FDA,77552,2017-07-19,Wildway LLC,"San Antonio, TX",Trader Joe's,Trader Joe's,,Wildway Banana Nut Grain-free Granola 8 oz. UPC: 858660005176 packaged in a plastic bag | Wildway Vanilla Bean Espresso Grain-free Granola 8 oz.   UPC: 858660005206 packaged in a plastic bag | Wildway Apple Cinnamon Grain-Free Granola 8 oz and 10 oz UPC: 85866005190 and UPC: 864352000015 packaged in plastic bag | Wildway Coconut Cashew Grain-free Granola 8 oz. and 10 oz. UPC: 858660005183 packaged in a plastic bag | Trader Joe's Grainless Granola  8 oz. (SKU 56307) packaged in a plastic bag
,maker_linked,False,FDA,77485,2017-07-19,GREENCORE USA,"Danvers, MA",Ahold Delhaize,Hannaford,,"Ham Salad Sandwich under the following labels:  Enza's Choice Ham Salad on Wheat Bread, 6.6 oz.   UPC 73508758165.  Hannaford  Ham Salad on Club Roll, 5.1 oz .   UPC 41268165896.  Turkey Hill Fresh Selects Ham Salad on homestyle bread, 4.9 oz.  UPC 7350875003 | Hannaford Classic Seafood stuffing, 10 oz.   UPC 41268205097 | Tuna Salad Sandwich under the following labels:  Enzas Choice Tuna Salad on Wheat Bread, 6.6 0z  UPC 73508757486  Hannaford Tuna Salad on Club Roll, 5.1 0z  UPC 41268165889"
,maker_linked,False,FDA,77556,2017-07-26,"New England Natural Bakers, Inc.","Greenfield, MA",Aldi,Millville,,"Evoke Organic Muesli  Classic Swiss 12 oz. pouch  UPC: 853305003081 | Millville Fruit & Nut Whole Grain Granola - 16 oz .carton  Distributed by Aldi Inc. Batavia, IL 60510  UPC:041498205232 | New England Natural Bakers Organic Muesli -5lb and 25 lb. cases   UPC: 00046689225013 | Evoke Organic Muesli Athlete Fuel -12 oz .pouch  UPC:  853305003029"
,maker_linked,False,FDA,77663,2017-08-09,United Natural Trading Inc. dba Woodstock Farms,"Edison, NJ",Ahold Delhaize;Wakefern/ShopRite,Nature's Promise;Wholesome Pantry,,Natures Promise Cranberry Trail Mix 12oz. | Market Basket Cape Cod Cranberry Mix 10oz. | Woodstock Organic Kumbaya Mix 10oz. | Nature s Promise Organic Campfire Trail Mix 12oz. | Wholesome Pantry Organic Trail Mix 8oz. | Market Basket Fiber Frenzy 10oz. | Market Basket Cascade Trail Mix 11oz. | Wholesome Pantry Cape Cod Cranberry Mix 8oz. | Natures Promise Cascade Trail Mix 12oz.
,maker_linked,False,FDA,77755,2017-08-09,Cafe Spice GCT DBA Zaika Flavors of India Inc.,"New Windsor, NY",Whole Foods,Whole Foods Market,,"Whole Foods Market Thai Shrimp Salad, Net Wt. 14 oz..  packaged  in a clear clamshell container (refrigerated)"
,maker_linked,False,FDA,77730,2017-08-16,"Sunneen Health Foods, LLC","Allentown, PA",Whole Foods,Whole Foods Market,,Whole Foods Market PB & J Parfait Made With Greek Yogurt; Net Wt 8 OZ.;
,maker_linked,False,FDA,77489,2017-08-23,High Liner Foods Inc.,"Portsmouth, NH",Trader Joe's,Trader Joe's,,"HFS 10/6lb Crunchy Row Breaded Cod Rectangles 3 oz.,  Item Number: 10002800 | HLSC 12/10oz Summer Herb Crusted Cod Item Number:    1029449 | HFS 1/10LB Lightly Breaded Cod Tail Portions 5oz,  Item Number: 02075 | HFS 10/6lb Breaded Crispy Style Cod Fish Portions  Item Number: 10003220 | HFS 1/10.35 lb Whole Grain Oven Ready Potato Breaded Pollock Wedges 3.6 oz,, Item Number: 53374 | Whole Foods 12/12oz Oven Ready Breaded Calamari Rings,  Item Number: B1322 | Southern Home 12/24oz Breaded Minced Fish Sticks,  Item Number: B1133 | Fisherman's Reserve 12/1lb Breaded Haddock Fillets,  Item Number: B1378 | FPI 1/10.35 Fiesta Style Stuffed Alaska Pollock Portions 3.6 oz.., Item Number: 06436 | Sea Cuisine 12/10 oz., Pub Classic Beer Battered Cod,  Item Number: A1319 | HFS 10/6lb Raw Breaded Haddock Portions 4 oz..,Item Number: 10003370 | Sea Cuisine 20/10.75oz Honey Chipotle Salmon,  Item Number: A1344 | HLSC 12/10oz Potato Crusted Cod,  Item Number: S1029440 | Sea Queen 9/15oz Encrusted Tilapia Fillets,  Item Number: B1290 | A&W 1/10LB Raw Breaded Fish Portions, Item Number: 10025937 | HFS 1/10.35 Oven Ready Whole Grain Breaded Pollock Rectangles 3.6 oz., Item Number: 26373 | Fried Shrimp Item Number: 10054321 | HFS 1/10lb Crunchy Breaded Cod Rectangle 3 oz., Item Number: 1029504 | Fisherman's Reserve 12/1lb Beer Battered Cod Fillets,  Item Number: B1376 | FPI 1/10 PAN-SEAR Chili Lime Tilapia Fillets. Item Number: 1059540 | Icelandic 1/10LB Guinness Beer Battered Cod Fillets 4oz"
,maker_linked,False,FDA,77893,2017-08-30,"Mary's Harvest Fresh Foods, Inc.","Portland, OR",Kroger;Trader Joe's;Whole Foods,Kroger;Trader Joe's;Trader Joes;Whole Foods Market,,"Kroger (QFC and Fred Meyer) brand, VEGETABLE MEDLEY KFK, Net wt.  10 oz, UPC 8 2676618505 4.    Kroger Main & Vine brand, VEGETABLE MEDLEY, Net wt. 10 oz, UPC 8 2676618749 2.    Mary's Harvest brand, Rainbow Veggies,  6/24 oz. packages, UPC 0 9250438263 8.    Mary's Harvest brand, Veggie Medley Bag, 6/20 oz	packages, UPC 0 9250470230 6.    Ingredients: Broccoli, Cauliflower, and Carrots. | Fred Mayer /Garden Highway,  VEGETABLE WEEKENDER  Kit,  Net wt.   6.75 lb. No UPC. | Mary's Harvest,  Veggie Cup,  6/12 oz	pacakges, UPC 0 9250470153 8.  Marys Harvest, Veggie Cup,   6/ 8 oz	packages, UPC 0 9250470021 0. | Mary's Harvest brand, Vegetable Tray Rectangle, 4/40 oz. packages, UPC 0 9250475701 6.    Mary's Harvest brand, Vegetable Tray Rectangle,  4/18 oz packages,  UPC 0 9250475712 2.    Ingredients: Celery, Grape Tomatoes, Sugar Snap Peas, Broccoli, Carrots, and Ranch Dip. | Mary's Harvest brand,  Stir Fry Asian, 6/18 oz packages, UPC 8 8724179812 1.    Ingredients statements: Green Pepper, Broccoli, Red Pepper, Snow Peas, White Onion, Red Onion, Bok Choy, Carrot, Mushrooms, Baby Corn, Bamboo Shoots, and Water Chestnuts. | Kroger (QFC and Fred Meyer) brand, BROCCOLI CAULI MIX KFK, Net wt. 10 oz, UPC8 2676618507 8.    Kroger Main & Vine brand, BROCCOLI CAULI MIX, Net wt. 10 oz, UPC 8 2676618751 5.    Mary's Harvest brand, Broccoli & Cauliflower,  6/12 oz. packages, UPC 8 8724180834 9.    Mary's Harvest brand. Broccoli & Cauliflower mix,  6/16 oz. packages, UPC 8 8724180423 5.  "
,maker_linked,False,FDA,77814,2017-08-30,"D & D Foods, Inc.","Omaha, NE",Hy-Vee,Hy-Vee,,"Hy-Vee, Cheese Pizza, 16'' Thin Crust, UPC 288942 611991, Net Wt. 29 oz (1 lb 13 oz) 1.81 lb (822 g), West Des Moines, IA | Hy-Vee, Cheese Pizza, 12'' Thin Crust, UPC 288914 908999, Net Wt. 17 oz (1 lb 1 oz) 1.06 lb (482 g), West Des Moines, IA | Hy-Vee, Cheese Pizza, 12'' Traditional Crust, UPC 288900 908996, Net Wt. 26 oz (1 lb 10 oz) 1.62 lb (737 g), West Des Moines, IA | Hy-Vee, Cheese Pizza, 16'' Traditional Crust, UPC 288928 611991, Net Wt. 47 oz (2 lb 15 oz) 2.94 lb (1.332 kg), West Des Moines, IA"
,maker_linked,False,FDA,77875,2017-08-30,"Commonwealth Dairy, Llc","Brattleboro, VT",Aldi,Friendly Farms,,"Friendly Farms Key Lime Crunch Tilts Greek Lowfat Yogurt, 5.3oz plastic cup, Best by date: AUG/26/2017 04-161 and SEP/22/2017 04-161, UPC for this product is 041498239091, Keep refrigerated"
,maker_linked,False,FDA,77985,2017-09-27,SUNOPTA GRAINS AND FOODS,"Edina, MN",Walmart,Great Value,,"Organic Great Value Dark Sweet Cherry Products Pitted, Net Wt 32 Oz (2 lb) 907 g, Distributed by Wal-Mart Stores, Inc. Bentonville, AR"
,maker_linked,False,FDA,78006,2017-09-27,Dedinas Franzak Enterprises dba Cheeze Kurls Inc.c.,"Grand Rapids, MI",CVS,Gold Emblem,,"Big Win Butter Popcorn, 5 oz., Butter Popcorn Artificially Flavored; Uncle Ray's 10 oz., Gourmet Select 12 oz., Gold Emblem 5 oz., and Spartan 8 oz."
,maker_linked,False,FDA,78071,2017-10-04,"Country Fresh Products, LLC","Houston, TX",Walmart,Marketside,,"Tri-Pepper Dice, 6-oz. packaged in a clamshell and Dice Tri-Pepper, 7-oz. packaged in a clamshell | Vegetable Kabob, 23-oz. packaged in an overwrap; Kabob Sensations Veggie Kabob, 15-oz. packaged in am overwrap; Marketside Veggie Kabobs, 23-oz. packaged in an overwrap | Fajita Mix,  6-oz. packaged in a clamshell | Fajita Blend, 12-oz. packaged in an overwrap | Green Pepper Diced, 6-oz. packaged in a clamshell | Creole Mix, 6-oz. packaged in a clamshell | Stir Fry Vegetable, 10-oz. packaged in an overwrap"
,maker_linked,False,FDA,77587,2017-10-04,House Of Thaller Inc,"Knoxville, TN",Walmart,Marketside,,Marketside CLASSIC HUMMUS WITH PINE NUTS NET WT. 10 oz (283g) | FRESH FOODS MARKET Artisan Humus Pine Nuts NET WT 10 oz (283g) | LANTANA White Bean HUMMUS NET WT. 10 oz (283g)
,maker_linked,False,FDA,77558,2017-10-04,Treehouse Foods,"Oak Brook, IL",Wegmans,Wegmans,,"Wegmans Dark Chocolate Cherry Cashew chewy granola bars, 12-1.4OZ(40g) bars, Total Net Wt. 16.8OZ (1 LB 0.8OZ) 480g, UPC 77890-42230"
,maker_linked,False,FDA,78062,2017-10-11,"Cargill Cocoa and Chocolate, Inc.","Milwaukee, WI",Wakefern/ShopRite,ShopRite,,"Shoprite Real Semi-Sweet Chocolate Chips, Net Wt. 24 oz., UPC 41190-02668 best by dates 4-11-2019 and 4-12-2019."
,maker_linked,False,FDA,78176,2017-10-18,"Silver Spring Foods, Inc.","Eau Claire, WI",Albertsons,Waterfront Bistro,,"waterfront Bistro Tatar Sauce, Net Wt 9 oz. (255g), UPC 21130-12242"
,maker_linked,False,FDA,78266,2017-11-01,"Pacific Foods of Oregon, Inc.","Tualatin, OR",Trader Joe's,Trader Joe's,,"SKU 57879, Trader Joe's Organic Tomato & Roasted Red Pepper Soup, packaged in a Tetra Pak aseptic container/carton.  There are 12 cartons per case.  Net Wt. 32 fl. oz.  UPC 00578790.     Item # 52603-05405, Pacific Organic Roasted Red Pepper and Tomato Soup Canadian, packaged in a Tetra Pak aseptic container/carton.  There are 12 cartons per case. Net Wt. 32 fl. oz.  No UPC."
,maker_linked,False,FDA,78196,2017-11-08,"Greencore USA, LLC","North Kingstown, RI",Ahold Delhaize,Hannaford,,"Hannaford Ham Salad Club Roll, 5.1 oz | Hannaford Egg Salad Club Roll 5.1 oz | (1) Walgreens  NICE Egg Salad on White Bread, 6.1 oz	  (2) Turkey Hill Fresh Selects Egg salad on Homestyle Bread,4.7 oz	  (3)Target Egg salad on White Bread, 5.9 oz.	  (4) American Food and Vending Enza Choice Egg Salad on White Bread,4.7 oz    Packaged in plastic wedge container. | (1)Turkey Hill Fresh Selects Ham salad on Homestyle Bread, 4.9 oz  (2)American Food and Vending Enza Choice Ham Salad on White Bread, 4.7 oz    Packaged in plastic wedge container. | Hannaford Classic Seafood Stuffing, Plastic Tub,  Net Wt. 10 oz"
,maker_linked,False,FDA,78291,2017-11-08,ASK Foods Inc,"Palmyra, PA",Ahold Delhaize,Taste of Inspirations,,"taste of Inspirations Classic Red Skin Potato Salad; Net Wt. 16 oz.,; Sell By: 10-20-2017 (top label).    taste of Inspirations Rotini Salad; Ingredients: Rotini Pasta ect. Contains: Whey; Distributed by: DZA Brands, LLC, Salisbury, NC 28147/Scarborough, ME 04074; Keep Refrigerated; (side and bottom label);"
,maker_linked,False,FDA,78326,2017-11-15,"Mann Packing Company, Inc.","Salinas, CA",Albertsons;Aldi;H-E-B;Trader Joe's;Western Family,HEB;Little Salad Bar;Signature Farms;Trader Joe's;Western Family,,"Mann's Family Favorites Broccoli Cauliflower Florets, 16 oz bags - UPC  716519012174- US    12 oz bags - UPC 716519013034 - US and Canada    Also sold under brand names of:  US  Archer Farms - 12 oz. bag:  UPC - 085239341148    HEB - 12 oz. bag  UPC - 4122097503    Signature Farms -   12 oz. bags  UPC - 021130983407  28 oz. bags  UPC -021130984497     Walmart - 12 oz. bag  UPC 681131328852- | Mann's Snacking Favorites Honey Turkey Cheddar, 20.3 oz Tray;  UPC - 716519020483- US | Western Family  Spicy Southwester Kale Kit, 22.8 OZ bags  UPC  062639352301- Canada | HEB Fiesta Salad, 12 OZ bags;  UPC  -4122097501 | Signature Farms Meat & Cheese Tray, 36 OZ trays  UPC 021130110964 | Mann's Snacking Favorites Hummus Tray, 16.5 oz trays;  UPC -716519014758- US and Canada    Signature Farms brand Veggie & Hummus Tray, 16.5 OZ trays  UPC 021130984282 | Mann's Fiesta Vegetable Tray, 35.5 oz tray;  UPC -716519088728 - US;  UPC - 716519020490 - Canada | Mann's Vegetable Tray, 54 oz tray;  UPC -716519014055- US and Canada;  2.5 lb. tray UPC 716519014079 US and Canada    Also sold under Compliments Brand - Canada;  24 oz. trays  UPC -055742534900 | Mann  Veggie Power Blend 4/2 LB SS - US and Canada | Mann's Nourish Bowls Bacon Maple Brussels, 7.15 oz Tray;  UPC -716519036941 - US; | Mann's Nourish Bowl Monterey Risotto, 8.75 oz Tray;  UPC -716519036798- US; | Western Family  Kale Salad Kit, 24 oz bags  UPC  062639345938- Canada | Mann's Broccoli Cole Slaw, 1 lb bags;  UPC  716519011009- U"
,maker_linked,False,FDA,78290,2017-11-15,"San Gennaro Foods, Inc","Kent, WA",Trader Joe's,Trader Joe's,,"Traditional Polenta, San Gennaro brand, Pre-cooked Ready to Heat & Serve, 12/18 oz packages, UPC# 7-62676-15000-6     Traditional Polenta, San Gennaro brand, Pre-cooked Ready to Heat & Serve, 6/18oz packages, UPC# 7-62676-15000-6    Traditional Polenta, San Gennaro brand, Pre-cooked Ready to Heat & Serve, 12/24 oz packages, UPC# 7-62676-12400-7    Traditional Polenta, San Gennaro Canadian brand, Pre-cooked Ready to Heat & Serve, 12/24 oz packages, UPC# 7-62676-12400-7    Traditional polenta, Sun of Italy brand, Pre-cooked Ready to Heat & Serve, 12/24oz packages, UPC# 0-33698-81697-4    Traditional Polenta, Scarpone's brand, Pre-cooked Ready to Heat & Serve, 12/1 KG packages,  UPC# 7-77465-00236-7    Traditional Polenta, Italy brand, Pre-cooked Ready to Heat & Serve, 12/24oz packages, UPC#0-71742-99951-8    Ingredients: Water, Yellow Corn Meal,  Salt, Tartaric Acid, Ascorbic Acid, Beta Carotene | Sun-Dried Tomato Polenta, Melissa's brand, Shelf stable, 12/16 oz package UPC# 0-45255-11848-3    Ingredients: Water, Organic Cornmeal, Organic Sun-Dried Tomatoes, Organic Tomato Powder, Salt, Yeast Extract, Organic Granulated Onion, Tartaric Acid, Ascorbic Acid, Beta Carotene | Red & Black Quinoa Organic Polenta, Ancient Harvest brand, Pre-cooked ready-to-heat, 12/18oz packages, UPC# 6-59201-10207-7    Organic red & black quinoa polenta, Anna's Country Kitchen brand, Ready to heat and serve Pre-cooked, 12/24oz packages, UPC# 6-63221-10181-1    Ingredients: Water, Organic Yellow Cornm"
,maker_linked,False,FDA,78431,2017-11-15,"New American Food Products, LLC DBA American Foods","Methuen, MA",Ahold Delhaize;CVS,Gold Emblem;Hannaford,,"Dark Chocolate Espresso Beans: CVS Gold Emblem DARK CHOCOLATE ESPRESSO BEANS 2.25oz (64g) UPC: 0504428576601; Candy Break Dark Chocolate Espresso Beans 2.75oz (78g), UPC:024354650049; Hannaford Excellent Espresso Beans 2.75oz (78g), UPC: 041268206414; Market Basket Dark Chocolate Espresso Bean 3oz (85g), UPC: 049705168240; Weigels Dark Chocolate Espresso Beans 2.75oz (78g), UPC: 024354705206 | Dark Chocolate Covered Berries: CVS Gold Emblem Dark Chocolate Berries 8oz (227 g), UPC: 0 50428 54100 5; Ocean State Candy Break Dark Chocolate Powerberries 9oz (255g), UPC: 024354501105 | Dark Chocolate Covered Almonds: Market Basket Dark Chocolate Almonds 11oz (311g), UPC: 049705169650 | Dark Chocolate Covered Ginger: CVS Gold Emblem Dark Chocolate Covered Ginger 9oz (255g), UPC: 050428540220;Ocean State Candy Break Dark Chocolate Ginger 9oz (255g), UPC:024354501006"
,maker_linked,False,FDA,78522,2017-12-06,"First Source, LLC","Tonawanda, NY",Wegmans,Wegmans,,"Organic Dark Chocolate (Covered) Cherries: Wegmans Organic Dark Chocolate Cherries NET WT 14 OZ (396g), UPC: 0 77890 37785 7, Product code 5546290 and TOPS snacks Organic Dark Chocolate covered Cherries NET WT 13 OZ (368 g) UPC: 0 70784 50779 8,  Product code 5541417 | Organic Dark Chocolate (Covered) Raisins; Wegmans organic Dark Chocolate Covered Raisins NET WT 14 OZ (396g), UPC: 0 77890 37787 1, Product code 5546291 | Wegmans Organic Dark Chocolate Covered Cranberries NET WT 14 OZ (396g) UPC: 0 77890 37786 4, Product code 5546289"
,maker_linked,False,FDA,78192,2017-12-06,Reese Pharmaceutical Company,"Cleveland, OH",Meijer;Wakefern/ShopRite;Western Family;WinCo,Meijer;ShopRite;Western Family;WinCo,,Berry Flavor Immune Support Dietary Supplement Effervescent Tablets 10 Tablets/bottle. Product is sold under the following brand names: Discount Drug Mart UPC 0 93351 01230 3; Good Neighbor Pharmacy UPC 0 87701 41330 8; Hyvee UPC 0 75450 09537 1; Kinray Preferred Plus UPC 0 23513 01010 6; Live Better UPC 0 41310 62998 7; Meijer UPC 7 08820 15073 7; Premier Value UPC 8 40986 02972 1; QC UPC 6 35515 96938 4; Rite Aid UPC 0 11822 95098 5; Shopko UPC 4 00114 22672 1; ShopRite UPC 0 41190 22784 6; Top Care UPC 0 36800 40632 2 & UPC 0 36800 40632 2; Western Family UPC 0 15400 12657 1 & Winco UPC 0 70552 24153 4. | Orange Flavor Immune Support Dietary Supplement Effervescent Tablets 10 Tablets/bottle. Product is sold under the following brand names: Best Choice UPC 0 70038 60863 9 & UPC 0 70038 60863 9; Discount Drug Mart UPC 0 93351 00909 9; Freds Mart UPC 0 84579 12451 0; Good Neighbor Pharmacy UPC 0 87701 40672 0; Health Accents UPC 7 25439 95738 0; Health Mart UPC 0 52569 14073 4; Hyvee UPC 0 75450 06187 1; Kinray Preferred Plus UPC 0 23513 81512 1; Leader UPC 0 96295 13167 3 & UPC 0 96295 12239 8; Live Better UPC 0 41310 62997 0; Meijer UPC 7 08820 15072 0; Premier Value UPC 8 40986 01982 1; QC UPC 6 35515 95513 4; Reese UPC 0 23513 81512 1; Rite Aid UPC 0 11822 45092 8; Select Brand UPC 0 15127 02433 4; Shopko UPC 4 00125 10186 4; ShopRite UPC 0 41190 22785 3; Top Care UPC 0 36800 38123 0 & UPC 0 36800 38123 0; Western Family UPC 0 15400 12656 4 & Winco UPC 0 70552 24154 1.
,maker_linked,False,FDA,78630,2017-12-13,Leclerc Foods USA,"Montgomery, PA",Aldi,Fit & Active,,"Fit & Active Chocolatey Chip Protein Meal Bars; UPC: 41498 18695; Lot Code: Q209MY; Expiration date: May 24, 2018"
,maker_linked,False,FDA,78399,2017-12-20,"First Source, LLC","Tonawanda, NY",7-Eleven;Wegmans,7 Select;Wegmans,,"Wegmans Dark Chocolate Strawberries 13.5oz (383g) tub, UPC: 0 77890 38187 8 | Wegmans Dark Chocolate Cherry Infused Cranberries 12 OZ (340g) tub UPC: 0 77890 33741 7 | Dark Chocolate Almonds packaged under the brand names:   (1)Wegmans, 23 OZ (1 LB 7 OZ) 652g tub UPC: 0 77890 328200 4 and  11.5 oz. (326g) tub UPC: 0 70784 50743 9; (2)Alpine Valley 11.5 OZ (326 g). tub UPC 0 23637 41099 8; (3)Tops 11.5oz . tub (326 g) UPC: 0 70784 50743 9; (4) Circle K Favorites  (113 g) bag UPC: 0 23637 42849 8 (CANADIAN) and Circle K Favorites 13.25oz (92g) UPC: 0 23637 42864  (USA) | Tops Dark Chocolate Coffee Beans Net Wt 12 OZ (340g) UPC: 0 70784 51027 9 | (Canada) - Favourites Dark Chocolate Covered Almonds 113 grams UPC: 0 23637 42849 8 & 92grams UPC: 0 2367 42864 | (Canada)	Circle K Favourites Dark Chocolate Covered Almonds 113grams UPC: 0 2367 42849 | (1)Wegmans Dark Chocolate Almonds with Sea Salt and Turbinado Sugar 12oz.  tub (340g) UPC: 0 77890 37539 6  (2) 7 Select Dark Chocolate Turbinado Almonds with Sea Salt 2.25 OZ (63g) bag UPC: 0 52548 59131 1"
,maker_linked,False,FDA,78567,2017-12-27,New Century Snacks LLC,"Commerce, CA",Amazon,Happy Belly,,"Happy Belly Cranberry & Nuts Trail Mix - dried cranberries, cashews and almonds.   16 oz. (454 g);  Allergens: almonds, Cashews  UPC 48719 09587    Cranberry & Nuts Trail Mix - Dried cranberries (cranberries, sugar, sunflower oil), cashews, almonds, vegetable oil (may contain one or more of the following: peanut, canola, sunflower and/or soybean oil), sea salt..  Allergens: Almonds and cashews | Happy Belly Deluxe Mixed Nuts - roasted and salted with sea salt.  Cashews, Almonds, Brazil nuts, pecans & Hazelnuts  16 oz. (454 g);  Allergen information: contains Milk, Almonds, Wheat, Peanuts.    UPC 48719 09577    Cranberry  & Nuts Trail mix has dried cranberries, cashew & almonds.  Allergen information: Almonds and cashews"
,maker_linked,False,FDA,78689,2018-01-17,McCain Foods USA,"Lisle, IL",Publix,Publix,,"Publix brand, item # 41596, Southern Style Diced Hash Brown Potatoes, Net wt. 32 oz. Retail's UPC # 0 41415 00549 5.    The label is read in parts: ""***Publix Southern Style DICED HASH BROWN POTATOES***DISTRIBUTED BY PUBLIX SUPERMARKETS, INC. LAKELAND, FL 33802***""."
,maker_linked,False,FDA,78815,2018-01-17,Saputo Cheese USA Inc.,"Lincolnshire, IL",Aldi;Target,Fit & Active;Market Pantry,,"Light String Cheese, Part Skim Mozzarella cheese, sold under the following brands and package sizes:    1.  Fit & Active, 10 oz,.,  12 individually wrapped pieces.  UPC 041498-190293;     2.  LIDL, 10 oz., 12 individually wrapped pieces.  BEST BY 29MAR18L3    3.  Market Pantry, 5 oz,.,  6 individually wrapped pieces.  UPC 085239-116951  4.   Market Pantry, 10 oz., 12 individually wrapped pieces.  UPC 085239-118122;    5.  AHOLD,  8 oz., 8 individually wrapped pieces.  UPC 688267-152757;    6.  AHOLD 16 oz., 16 individually wrapped pieces.  UPC 688267-129667;    7.  AHOLD,  24 oz., 24 individually wrapped pieces.  UPC 688267-044823."
,maker_linked,False,FDA,78876,2018-01-24,Fieldbrook Foods Corporation,"Dunkirk, NY",Ahold Delhaize;Kroger;Wakefern/ShopRite;Walmart;Weis,Giant Eagle;Great Value;Kroger;ShopRite;Weis Quality,,"RASPBERRY Cream Ice Cream Bars: Sundae SHOPPE, 12 Bars, UPC  041498204631 | Chocolate Covered Vanilla Ice Cream Bars packaged under the following brands: 12 packs - Ahold  UPC: 6 88267 03323 5 and different ICB: 6 88267 08587 1, Econo  UPC: 7 08938 00534 9, First Street  UPC: 0 41512 11933 0, Food Club  UPC: 0 36800 78404 8, Giant Eagle  UPC: 0 30034 00329 6, Great Value  UPC: 0 78742 09158 7, Greens  UPC: 0 71441 03131 1, Hagan no ICBs, Hood  UPC: 0 44100 23704 1, Kroger  UPC: 0 11110 57120 5 and Kroger NFA ICBs  UPC: 0 11110 57885 3, Lucerne  UPC: 0 21130 09799 9, Market Basket  UPC: 0 49705 96902 1, Party Treat No ICBs, PIC  no product of ours, Polar Express  Only Variety pack, Price Chopper  UPC: 0 41735 09260 1, Price Rite  UPC: 0 41190 75712 1, Purple Cow  UPC: 7 08820 42754 9, Shoprite  UPC: 0 41190 40126 0, Southern Home  UPC: 6 07880 01147 0, , Stater  UPC: 0 74175 85045 6, Stoneridge  UPC: 0 41130 61333 3, Sundae Shoppe  UPC: 0 41498 17991 5, Tops  UPC: 0 70784 04912 0, United Dairy  UPC: 0 71580 08079 9, Weis  UPC: 0 41497 01042 4, Wellsley Farms   Only Variety pack, Winn Dixie  UPC: 0 21140 27145 7, World s Fair  UPC: 0 51933 67170 6 | Orange Cream Ice Cream Bars sold under the following labels: Sold in a 12-pack: Ahold   UPC: 6 88267 03292 9, Econo   UPC: 7 08938 00610 0, First Street   no OCB s, Food Club   UPC: 7 08938 00610 0, Giant Eagle   UPC: 0 30034 00337 1, Great Value  no OCB s, Greens UPC: 0 71441 03130 4, Hagan   UPC: 0 37498 01609 1, Hood   UPC: 0 441"
,maker_linked,False,FDA,78836,2018-02-14,Sister Schubert's Rolls Division of T.Marzetti Company,"Saraland, AL",Ahold Delhaize;Western Family,Food Lion;Shur Fine,,"Southern Style Frozen Biscuits sold under the following brand names: Food Club, Food Lion, Laura Lynn, Lowes Foods, Marshalls, Morning Fresh Farms, Piggly Wiggly, Premium Pick 5, SE Grocers, Shur Fine, Southern Home & Valu Time"
,maker_linked,False,FDA,78837,2018-03-07,"Schmidt Baking Co., Inc.","Baltimore, MD",Wakefern/ShopRite;Walmart,Great Value;ShopRite,,"BUTTER MILK ( Under the following Trade Names -  SUNBEAM 2PK, SUNBEAM ) | POTATO SLAMMERS ( Under the following Trade Names -  SCHMIDT, WHOLE FOODS, HP, WEIS, PLAIN BAG 12 and 24 PK  ) | WHITE WHEAT S/T DINNERS ( Under the following Trade Names -  ULTRA GRAIN, O/T ) | WHITE WHEAT HAMS( Under the following Trade Names -  OT,  WEIS, ULTRA GRAIN ) | WHITE WHEAT R/T ( Under the following Trade Names -  O/T 2PK, O/T, WEIS, ULTRA GRAIN ) | POTATO  HAMS( Under the following Trade Names -  OT 16 CT, OT) | 100 % WHEAT 20 oz ( Under the following Trade Names -  ALDIS, CLOVERVALLEY, GENERIC ) | COSTCO HAMS( Under the following Trade Names -  OT) | S/T Potato Dinners ( Under the following Trade Names - SCHMIDT O/T, PLAIN BAG -ROYAL FARMS ) | BNS WHEAT ROLLS ( Under the following Trade Names - Giant, Harvest Pride, Shoppers and Old Tyme ) | LITE HAMS( Under the following Trade Names -  GAINT, SHOPRITE, WEIS) | PATATO BREAD ( Under the following Trade Names -  O/T 2PK, O/T ) | BNS WHITE ( Under the following Trade Names - Giant, Harvest Pride -Shoprite, Sunbeam, Blueribbon, Shoppers, Weis ) | WHOLE GRAIN WHITE ( Under the following Trade Names -  ALDIS, BLUE RIBBON, GOURMET, SHOPRITE  ) | WHITE S/T DINNERS ( Under the following Trade Names -  HARVEST PRIDE, HARVEST PRIDE 8 COUNT, BLUE RIBBON, GIANT, PLAIN BAG AND ROCKLAND ) | ALDIS S/T WHEAT BREAD ( Under the following Trade Names -  ALDIS ST WHEAT, HAUSWALD, CHERRY VALLEY, COMPARE, FINEFARE, , HP, KEYFOODS, METFOODS, PIONEER,SUPERA, TRADE"
,maker_linked,False,FDA,79112,2018-03-07,"Kanan Enterprises, Inc.","Solon, OH",Aldi,Southern Grove,,"SOUTHERN GROVE ALMONDS Unsalted 14 oz (397g) pouch bag INGREDIENTS: ALMONDS. Distributed by ALDI Inc. Batavia, IL 60510 UPC 0 41498 24647 1"
,maker_linked,False,FDA,79644,2018-04-11,"First Source, LLC","Tonawanda, NY",Wegmans,Wegmans,,"Wegmans Yogurt Raisins, 9 OZ (255g), in a plastic tub, UPC: 0 77890 31832 4,"
,maker_linked,False,FDA,79607,2018-04-18,Poppies International INC,"Battleboro, NC",Albertsons,Signature Select,,"GFS Belgian Mini Chocolate Topped Eclairs, Keep Frozen,  Net Wt . 700 g.;     Signature Select Belgian Style Mini Eclairs, Keep Frozen, 420 g;   Delizza Patisserie Belgian Custard Cream Mini Eclairs, 420 g."
,maker_linked,False,FDA,79862,2018-05-09,Cal Maine Foods,"Jackson, MS",Publix,Publix,,"Shelled Eggs, Extra Large 18pk sold under the brand names of Publix UPC 0 41415 00966 0 & Sunups UPC 0 28621 36398 4"
,maker_linked,False,FDA,79935,2018-05-23,HEALTHY FOOD INGREDIENTS,"Fargo, ND",Walmart,Great Value,,"Great Value Organic Ground Flax Seed, Net Wt. 16 oz. (1 LB) 454g.  UPC 78742-14161, and Net Wt. 32 oz. (2 LB) 907g, UPC 78742-14165  Distributed by:  Wal-Mart Stores, Inc. Bentonville, AR  72716"
,maker_linked,False,FDA,79838,2018-05-23,"Kanan Enterprises, Inc.","Solon, OH",Ahold Delhaize,Giant Eagle,,"Market District Roasted Salted Cashews Whole Fancy Net WT 26 oz (1LB 10 OZ) 737g.  Ingredients: Cashews, Canola and/or Peanut Oil, Salt. Distributed by Giant Eagle, Inc. Pittsburgh, PA 15238-2809 UPC 0 30034 10382 8"
,maker_linked,False,FDA,80055,2018-05-30,"Morgan Foods, Inc.","Austin, IN",Walmart,Great Value,,"Great Value Gluten Free Tomato Condensed Soup, 10.5 oz, Number 1 Can, Two formats shipped: 8 cans per tray and 12 cans per tray"
,maker_linked,False,FDA,80191,2018-06-20,"Shearers Foods, Llc","Massillon, OH",Meijer,Meijer,,Meijer DILL PICKLE FLAVORED CLASSIC CRUNCH POTATO CHIPS***UPC 719283594365***LOT CODE***
,maker_linked,False,FDA,80253,2018-06-27,Agro Sevilla USA,"Herndon, VA",H-E-B,H-E-B,,"H-E-B Ode to Olives, Sliced Salad Olives, 10 oz. drained weight per jar/ 6 jars per case (this product is sold by the jar at the store level, not by the case), Best by November 3, 2019."
,maker_linked,False,FDA,80274,2018-07-11,"Caito Foods Service, Inc.","Indianapolis, IN",Kroger;Trader Joe's;Walmart;Whole Foods,Freshness Guaranteed;Kroger;Trader Joe's;Trader Joes;Whole Foods Market,,"Multiple Brands Mixed Melon:    Customer  Product Description  Pack Weight                 UPC      	   Label Description/Brand 	    	  Kroger 	MIXED SPEARS 1/16Z ,	16 oz., UPC: 826766139606 	Clear Generic Label Distributed by Renaissance Food Group | Multiple Brands Mixed Melon:    Customer  Product Description  Pack Weight                 UPC      	   Label Description/Brand 	    Walmart 	SALAD SEASONAL FRUIT 4/10Z 	13 oz., UPC: 826766254262 	Freshness Guaranteed label | Multiple Brands Mixed Melon:    Customer  Product Description  Pack Weight                 UPC      	   Label Description/Brand 	    Caito Foods Disribution 	FRUIT BURST 4/20Z, 	20 oz., UPC: 81851301409 	Clear Generic Label Distributed by Caito Foods   	  	  Caito Foods Disribution 	FRUIT BURST 6/10Z, 10 oz., UPC: 81851302215 	Clear Generic Label Distributed by Caito Foods   	  SpartanNash Distribution FRUIT BURST 6/10Z, 10 oz., UPC: 84853630887 	Open Acres label    SpartanNash Distribution FRUIT BURST 4/20Z, 20 oz., UPC: 84853630955 	Open Acres label     Sprouts 	FRUIT BURST 6/10Z , 10 oz., UPC: 646670522482 	Sproutsouts Farmers Market label	    Walgreens 	FRUIT BURST 1/10Z, 10 oz., UPC: 49022558625 	Delish label | WATERMELON CHUNKS 6/9.5Z, 9.5 oz., UPC: 81851301386; WATERMELON SPEAR 6/16Z, 16 oz., UPC: 81851301591; WATERMELON SPEAR 4/28Z, 28 oz.; UPC: 81851301607; WATERMELON CHUNKS 1/5LB, 80 oz., UPC: 81851302147; WATERMELON TRAY 1/5LB, 80 oz., UPC: 81851302239; WATERMELON CHUNK 4/18Z, 18 oz., UPC: 826766"
,maker_linked,False,FDA,80509,2018-08-01,"Papa John's Salads & Produce, Inc.","Tolleson, AZ",Kroger,Kroger,,"Superfood Salad Kit -  6.8 lbs. - sold to Kroger owned stores and prepared and purchased at deli department at retail stores. Size purchased is dependent on customer order.  6.8 lb. kit UPC: 7 82796 0174 3  Fry's, King Sooper;Smith's Food and Drug: UPC 2541465XXXX - last 4 digits are price of product.;  Ralph's UPC 2070780xxx      Ingredients:  Green Cabbage, Edamame, Kale, Carrots, Blueberry & Pomegranate Vinaigrette dressing (Water, sugar, red wine vinegar, pomegranate juice concentrate,  distilled blueberry concentrate (blueberries, blueberry juice concentrate, sugar, citric acid), salt, canola oil, xanthan gum) cashews (cashews, salt, peanut oil) sunflower seeds (sunflower kernels_ cranberries, grape tomatoes, red onion, blueberries.    Contains: cashews, peanut oil, sunflower seeds & soy"
,maker_linked,False,FDA,80574,2018-08-08,Shearer's Snacks,"Bristol, VA",Ahold Delhaize,Food Lion,,Food Lion Dill Pickle Flavored Potato Chips  7.75 oz. package bag/12 bags per case
,maker_linked,False,FDA,80578,2018-08-15,FLOWERS FOODS,"Thomasville, GA",Ahold Delhaize;H-E-B;Walmart,Food Lion;Great Value;H-E-B,,"Swiss Rolls***Brand Name**Swiss Rolls Chocolate (Snack) Cakes, NET WT OZ (g) PKGS***TWIN PACKS***Nutrition Facts***Ingredients: SUGAR, WHEY (MILK), ENRICHED BLEACHED FLOUR***DISTRIBUTED BY***UPC    Sold under the brand names...    Mrs. Freshley's - NET WT 12 OZ (340g) 6-2 OZ (57g) PKGS***Distributed by Flowers Foods Specialty Group, LLC, 5087 South Royal Atlanta Dr., Tucker, GA 30084***(8ct) - UPC  072250 01190 7***  (12 ct ) UPC 072250 90323 3    FOOD LION - 6 - 2.2 OZ (61g) PKGA NET WT 13 OZ (369g)***DISTRIBUTED BY:FOOD LION, LLC SALISBURY, NC 28147***UPC 035826 09277 9    HILL COUNTRY FARE-6-2 oz (57g) Pkgs/Net Wt. 12 oz (340g)***DISTRIBUTED BY H-E-B, SAN ANTONIS, TX 78204/MADE IN USA***UPC 041220 29658 3    Baker's Treats - 6 - 2.2 OZ (61g) PACKS NET WT 13 OZ (369g)*** Distributed by ALDI Inc., Batavia, IL 60510***UPC 041498 18838 2    MARKET SQUARE BAKERY - NET WT 12 OZ (340g) 6-2 OZ (57g) Twin Packs***Distributed by: Olivette Products, L.L.C., Bridgeton, MO 63044*** UPC 0 87381 76055 6    Great Value - 6-2.2 OZ (61g) PKGS NET WT 13 OZ (369g)***DISTRIBUTED BY: Wal-Mart Stores, Inc., Bentonville, AR 72716***UPC 0 78742 14755 0 | Captain John Derst's  Good Old Fashioned Bread***NET WT 20 OZ (1 LB 4 OZ) 567 g***Nutrition Facts 22 servings per container*** Calories 80***INGREDIENTS:UPC 071316001180***INGREDIENTS: ENRICHED FLOUR, MALTED BARLEY, FLOUR, NIACIN, REDUCED IRON*** DISTRIBUTED BY FLOWERS BAKERIES, LLC THOMASVILLE, GA 31757"
,maker_linked,False,FDA,80549,2018-08-15,"D & D Foods, Inc.","Omaha, NE",Hy-Vee,Hy-Vee,,"Hy-Vee Spring Pasta Salad packaged in the following containers: 1) plastic tubs with lids, Net Wt 16 OZ (454 g); 2) plastic tubs with lids, Net Wt 48 OZ (3 LB) 1.36 kg; 3) 4/8 lb cases Net Wt 32.00 LBS (14.51 KG); 4) 8 lb cases Net WT. 8.00 LBS (3.63 KG); 5) 11 lb Spring Salad Kit, 11.00 LBS (4.99 KG); and 6)  clear plastic unlabeled deli containers."
,maker_linked,False,FDA,80858,2018-08-29,"Reser's Fine Foods, Inc.","Beaverton, OR",Aldi,Stonemill,,"Three Cheese Pasta Spinache Stonemill Kitchens, item # 71117.19500, 2/5 # packages.   UPC 0 71117 19500 2.    Product is pasta salads with vinaigrette dressings and vegetables including spinach.  All products are in white plastic tubs with labeled lids packed 2/5 # to a corrugated case.  Product is not labeled for retail sale.  Refrigerated and ready to eat product. | Bow Tie Pasta Caesar Molly's Kitchen, item # 58108.76434, Inner Containter Item # 58108.30168, 2/4.5 # packages per case.   UPC 0 58108 30168 9.    Product is pasta salads with vinaigrette dressings and vegetables including spinach.  All products are in white plastic tubs with labeled lids packed 2/4.5 # to a corrugated case.  Product is not labeled for retail sale. Refrigerated and ready to eat product. | Bow Tie Florentine Reser's Fine Foods, item # 71117.15314,  2/4.5 # packages.   UPC 0 71117 15314 9.     Product is pasta salads with vinaigrette dressings and vegetables including spinach.  All products are in white plastic tubs with labeled lids packed 2/4.5 # to a corrugated case.  Product is not labeled for retail sale.  Refrigerated and ready to eat product. | Pasta Spinach with Cavatappi, Reser's Fine Food, item # 71117.14163, 2/4.5 # packages.   UPC 0 71117 14163 4.    Product is pasta salads with vinaigrette dressings and vegetables including spinach.  All products are in white plastic tubs with labeled lids packed 2/4.5 # to a corrugated case.  Product is not labeled for retail sale. Refrigerated and "
,maker_linked,False,FDA,80694,2018-09-05,California Natural Products,"Lathrop, CA",Walmart,Equate,,"equate High Performance Protein Shake:  Chocolate, Naturally & Artificially Flavored, ready to drink;  11 FL OZ (325 mL), sold in 12 pack case:  Case UPC: 6 81131 01580 6    Distributed by: Wal-Mart, Inc.  Bentonville, AR"
,maker_linked,False,FDA,80992,2018-09-26,"Shearers Foods, Llc","Massillon, OH",UNFI/SuperValu;Western Family,Essential Everyday;Shurfine,,"White Corn Tortilla Chips packaged under the following brand names and sizes:    1.  Shearer's White Restaurant Style Bulk, 12 ct. 16 oz., #203540212;     2.  Shearer's White Round Tortilla Bulk, 12 ct. 16 oz., #210230212;     3.  Shurfine Tortilla Chips, Net Wt. 30 oz (1 lb 14 oz) 851g, UPC 15400-85704;     4.  Schnucks Tortilla Chips Crispy Round, Net Wt. 13 oz (369 g), UPC 41318-25077;     5.  Neal Brothers Easy Rounders tortillas, 300g, UPC 56932-20103;     6.  Mcalisters Deli White Restaurant Style, 12 ct., 16 oz. #903660112;     7.  Food Club Tortilla Chips Restaurant Style, Net Wt 11.5 oz (326g), UPC 36800-34839;     8.  Fareway Authentic Round Tortilla Chips, Net Wt. 14 oz (396g), UPC 21333-05027;     9.  Essential Everyday Restaurant Style, Net Wt 12 oz (340g), UPC 41303-03766. | Yellow Corn Tortilla Chips packaged under the following brand names and sizes:    1.  Shearer's Restaurant Rounds Tortilla Chips, Net Wt. 3 oz. (85g), UPC 37578-61920;     2.  Uno Grande Yellow Round Tortilla Chips, 6 ct 16 oz, #903040112;     3.  Wendy's, Net Wt. 1.5 oz. (42.5g) - For Restaurant Use Only, Not for individual sale;     4.  Essential Everyday Crispy Rounds, Net Wt 12 oz (230g), UPC 41303-03767;     5.  Contigo Yellow Round Gluten Free, 12 - 16 oz. bags, Net Wt 12 lb. (5.44KG), #903950112;     6.  Casa Solana Yellow Round Tortilla Chips, Net Wt 3 oz (85g) Reorder # 9008855 UPC 74865-81934."
,maker_linked,False,FDA,81013,2018-10-03,"Pin Hsiao & Associates, LLC dba Zen Bakery","Milford, MA",Trader Joe's,Trader Joe's,,TRADER JOE'S Cinnamon Coffee Cake; NET WT. 16 OZ (1 LB) 454g; SKU# 94235; UPC: 00942355
,maker_linked,False,FDA,81081,2018-10-10,Lamb Weston Inc,"Richland, WA",H-E-B;Target,H-E-B;Hill Country Fare;Market Pantry,,"Formed Hash Brown Patties, packaged in cardboard trays covered with plastic film, frozen products.      The following brands are subject to this recall.    ***Brookshire's Golden Hash Brown Patties.  Firm and address listed on label: ""Brookshire Grocery Company PO Box 1411 Tyler, TX 75710-1411"".  -Tray UPC 0 92825 09630 6, retail packaged in 22.5 OZ (1 LB 6.5 OZ) 638g.    -Case Item 09630, case UPC 1 00 92825 09630 3, case net wt. 16.8 LB (7.6 kg).      ***Market Pantry Hash Brown Patties.  Firm and address listed on label: ""Dist. By Target Corporation Minneapolis, MN 55403"".  -Tray UPC 0 85239 01079 2, retail packaged in 22.5 OZ (1 LB 6.5 OZ) 637g.    -Case item MP079, case UPC 2 00 85239 01079 6, case net wt. 16.87 LB (7.65 kg).    ***Hill Country Fare Breakfast Hash Browns Potato Patties.  Firm and address listed on label: ""H-E-B San Antonio, Texas 78204"".  -Tray UPC 0 41220 90938 4, retail packaged in 45 OZ (2 LB 13 OZ) / CONT.NET. 1.27kg.   -Case item H9400, case UPC 1 00 41220 90938 1, case net wt. 33.7 LB (15.2 kg).    ***Stater Bros. Hash Brown Patties Shredded Potatoes.  Firm and address listed on label: ""Stater Bros. Markets San Bernardino, CA 92408""  -Tray UPC 0 74175 50486 1, retail packaged in 45 OZ (2LB 13OZ) 1.27KG.    -Case item # 50486, case UPC 1 00 74175 50486 8, case net wt. 33.75 LB (15.3 kg). | Murry's Hash Brown Potato Patties, packaged in cardboard trays covered with plastic film, frozen products.    -Tray UPC 0 73744 04001 4, retail packaged in 40.5 O"
,maker_linked,False,FDA,81018,2018-10-10,"McCormick & Company, Inc. - Flavor Manufacturing Center","Hunt Valley, MD",Meijer,Meijer,,"Meijer Taco Seasoning Mix, Net wt. 4.5 oz."
,maker_linked,False,FDA,81281,2018-10-31,McCain Foods USA,"Oakbrook Ter, IL",Trader Joe's,Trader Joe's,,"Fire-Roasted Home-Style Green Pepper Strips;:    Sold in 20 lb.  containers. Brand Name: Jon-Lin¿ | Fire-Roasted 1/2"" Diced Onions;    Sold in 25 lb.  containers. Brand Name:Jon-Lin¿ | Fire Roasted 1/4"" Diced Poblanos;    Sold in 25 lb.  containers. Brand Name: Jon-Lin¿ NatureSmart¿ | Fire Roasted 1/2"" Diced Onion/Pepper Blend;    Sold in 25 lb.  containers. Brand Name: Jon-Lin¿ | Saut¿ed Green Pepper Strips:    Sold in 25 lb.  containers. Brand Name: Jon-Lin¿ | Saut¿ed Organic Onion Strips;    Sold in 25 lb. containers. Brand Name:Jon-Lin¿ NatureSmart¿ | Fire-Roasted Corn & Black Bean Blend;    Sold in 2 lb.  containers. Brand Name: Jon-Lin¿ NatureSmart¿ | Fire-Roasted Rubio's Fresno Chili ;    Sold in 2  lb.  containers. Brand Name:  Chef Sensations¿ | Fire-Roasted Bell Peppers and Onions  Sold in 14 oz. package. Brand Name:Trader Joe's none | Roasted Vegetable Blend:  Sold in 2 lb. . packages.  Brand Name: GFGB | Smokehouse Roasted 5/8"" Diced Apples:  Sold in 25 lb. Brand Name: Jon-Lin¿ | Fire-Roasted 3/8"" Diced Organic Onions;    Sold in 25 lb.  containers. Brand Name: Jon-Lin¿ NatureSmart¿ | Fire-Roasted Rubio's Vegetable Blend:  Sold in 2 lb. Brand Name: Chef Sensations¿ | Fire Roasted Super Sweet Corn:  Sold in 20 lb. Brand Name: Chef Sensations¿ | Fire-Roasted 1/2"" Diced Onions:  Sold in 25 lb. Brand Name: Jon-Lin¿ | Pizza Kitchen Cut Medley;    Sold in 25 lb.  containers. Brand Name: Jon-Lin¿ NatureSmart"" | Fire Roasted 1/2"" Diced Tomatoes;    Sold in 25 lb.  contain"
,maker_linked,False,FDA,81302,2018-11-07,"Bakkavor Foods USA, Inc.","Carson, CA",Trader Joe's,Trader Joe's,,"Trader Joe's Tomato & Basil Hummus Dip, 7 oz. plastic container;  Perishable, Keep Refrigerated.    SKU 29153 | Trader Joe's Hummus quartet; 20 oz. plastic container;  Spicy Hummus Roasted Garlic Hummus, Regular Hummus and Tomato Basil Hummus.     Perishable, Keep Refrigerated.    SKU 39570"
,maker_linked,False,FDA,81315,2018-11-07,"D & D Foods, Inc.","Omaha, NE",Hy-Vee,Hy-Vee,,"Hy-Vee Spinach, Tomato, Mozzarella Twice Baked Potatoes, Net Wt. 5 oz wrapped in clear plastic."
,maker_linked,False,FDA,81432,2018-11-14,J&J Snack Foods Handheld Corp,"Holly Ridge, NC",Aldi,Fit & Active,,"Fit & Active Southwest Veggie Stuffed Sandwiches NET WT 9 oz (255 g) KEEP FROZEN  Distributed by ALDI Inc. Batavia, IL 60510 UPC 0 41498 15117 1"
,maker_linked,False,FDA,81507,2018-11-14,Trident Seafoods Corporation,"Seattle, WA",Kroger,Kroger,,"Kroger brand. Frozen non-ready to eat Alaskan Salmon Bites, Net Wt 12 oz (340 g). SKU # 83091.  UPC on retail package: 0 11110 83091 3.  UPC on master case: 1 00 11110 83091 0    The label is read in parts: ""***Kroger ***multi-grain Breaded ALASKAN SALMON BITES ***COOKING INSTRUCTIONS***KEEP FROZEN UNTIL READY TO COOK***DISTRIBUTED BY THE KROGER CO. CINCINNATI, OHIO***""."
,maker_linked,False,FDA,81345,2018-11-28,Harvest Food Group,"Chicago, IL",Albertsons,Signature Select,,"Path of Life All Natural Southwest Quinoa;   10oz., 6 and 12 units per case;   Keep Frozen;   UPC 855229005035;   Item# POL-RSWN-1210 and POL-RSWQ-0610 | Zinetti Roasted Vegetable Blend;   40lb. bulk case;  Keep Frozen;   Item# ZIN-RSVB-0040 | Signature Select Mexican Style Roasted Corn; 12 oz.;   12/12oz. units per case;  Keep Frozen Until Ready To Use;  UPC 02113094060;   Item# 21130-09406"
,maker_linked,False,FDA,81502,2018-11-28,Ready Pac Foods Inc,"Irwindale, CA",Aldi,Little Salad Bar,,"Little Salad Bar Cranberry Walnut Salad:  Spring Mix, Dried Cranberries, Candied Walnuts, Feta Cheese, Flat Bread Chips, Raspberry Vinaigrette:    Net Wt. 4.5 oz.    Ingredient label on the bottom of the clear plastic container is for Chicken Caesar Salad.    Distributed by Aldi Inc. Batavia, IL 60510"
,maker_linked,False,FDA,81318,2018-12-05,"Mary's Harvest Fresh Foods, Inc.","Portland, OR",Kroger,Kroger,,"Refrigerated Mary's Harvest Fiesta Corn Salsa 16 oz. UPC# 088724158450, in rigid plastic container | Refrigerated Kroger Southwest Sweet Potato Rice 12 oz. UPC # 826766185610.  In rigid plastic container.    Label has cooking instructions which states: Heat vegetable oil until very hot in large saute pan. Toss in vegetable and stir fry 1 minute."
,maker_linked,False,FDA,81465,2018-12-26,ASK Foods Inc,"Palmyra, PA",Ahold Delhaize;Wegmans,Taste of Inspirations;Wegmans,,"ASK Foods Inc. Naturally Creative Firecracker Slaw, 3.75 lb. Bulk Container sold from the deli | Wegmans Roasted Corn and Bean Salad;  13 oz. Plastic Container,  40 oz. Plastic Container,  4.5 lb. Plastic Bulk Container | ASK Foods Inc. Rigatoni Casserole, 5 lb. Aluminum Tray Pan sold on Hot Bar at Retailer | Taste of Inspirations Rotini Salad, Net Wt. 13 oz., Pre-pack Container sold to consumer by retailer, 4 lb. Bulk Container   sold from the deli | ASK Foods Inc. Naturally Creative, Roasted Corn and Edamame Salad, 4 lb. Bulk Container sold from the deli | ASK Foods Inc. Smokey Mozzarella Pasta Salad,  4 lb. Bulk Container sold from the deli and to food service accounts"
,maker_linked,False,FDA,81897,2019-02-13,Olde York Potato Chips,"Fort Wayne, IN",Aldi,Clancy's,,"Clancy's Wavy Potato Chips, 10 oz., UPC 0 41498 16306 8"
,maker_linked,False,FDA,81884,2019-02-20,Oskri Corp.,"Lake Mills, WI",Wakefern/ShopRite,Wholesome Pantry,,"Organic Peanut Chia Flax Butter, packaged in 16 oz. Plastic jars, UPC 66016-40109.  Oskri, 528 E. Tyranena Park Rd, Lake Mills, WI  53551. | Cashew Butter, packaged under the following brands and sizes:  - Wholesome Pantry Organic Cashew Butter UPC 04119006006.    - Oskri Branded 16 oz. plastic jars UPC 66016-31647.  Oskri, 528 E. Tyranena Park Rd, Lake Mills, WI 53551. | Organic Pumpkin Seed Butter, packaged in 16 oz. plastic jars UPC 66016-31684. Oskri, 528 E. Tyranena Park Rd, Lake Mills, WI 53551.   . | Organic Peanut Espresso Butter, packaged in 16 oz. plastic jars, UPC 66016-40110.  Oskri, 528 E. Tyranena Park Rd, Lake Mills, WI  53551. | Organic Sunflower Butter, Net Wt. 16 oz. (453g)  Packaged under the following brand names:    1.  Thrive Market, UPC 71635-70482.  Manufactured for:  Thrive Market - 4509 Glencoe Ave, Marina Del Rey, CA  90292.    2.  Oskri, UPC 66016-40129  Oskri, 528 E. Tyranena Park Rd, Lake Mills, WI  53551 | Organic Tahini Butter, packaged in 16 oz. plastic jars UPC 66016-31629, or pouches UPC 66016-40163. Oskri, 528 E. Tyranena Park Rd, Lake Mills, WI 53551. | Organic Peanut Spicy Cayenne Butter, packaged in 16 oz. Plastic jars UPC 66016-40111, pouches UPC 66016-40164.  Oskri, 528 E. Tyranena Park Rd, Lake Mills, WI  53551. | Hazelnut Cacao Spread Butter, packaged in 16 oz. plastic jars UPC 66016-40113, or pouches UPC 66016-40160.  Oskri, 528 E. Tyranena Park Rd, Lake Mills, WI 53551. . | Organic Peanut Butter, packaged in 16 oz. plastic jars, or"
,maker_linked,False,FDA,81901,2019-02-27,"Ardent Mills, LLC","Denver, CO",Sam's Club,Member's Mark;Members Mark,,"MEMBERS MARK SELF RISE FLR 25LB | WESTCREEK H&R SELF RISE AP FLR 25LB and 50LB | HILLTOP HEARTH SELF RISE FLR 25LB and 50LB | ARDENT H&R SR FLR, 25LB, 50 LB, and 25LB (PC)-309951, packaged in paper bags, Store at Ambient Temperature"
,maker_linked,False,FDA,82047,2019-03-13,Southwind Foods LLC dba Great American Seafood Imports Co.,"Long Beach, CA",Whole Foods,Whole Foods Market,,Wild Dungeness Crab Cake;  Net Weight: 12 lb - 48 x 4.0 oz.  Keep Frozen    Manufactured for Whole Foods Market
,maker_linked,False,FDA,82266,2019-03-13,"Southern Specialties, Inc","Pompano Beach, FL",Walmart,Marketside,,Marketside BUTTERNUT SQUASH CUBES 16 OZ (1LB) 454g | Sugar Snap Peas 10 LB | FRENCH BEANS 5LBS and FRENCH BEANS 1 LB | Marketside GREEN BEANS NET WT 12 OZ (340g) and Marketside GREEN BEANS NET WT 32 OZ (2 LB) 907g
,maker_linked,False,FDA,82251,2019-03-20,"LEAN CULINARY SERVICES, LLC","Hollywood, FL",Whole Foods,Whole Foods Market,,"DeliverLean Chicken Salad Triangle Sandwich, Net WT. 7.3 oz (206g) | DeliverLean Chicken Salad Hoagie, Net WT. 11.0 oz (311g) | The London Underground Classic Chicken Salad, Whole Foods Market, Net Wt 6.2 oz (176g) | DeliverLean Chicken Salad Bento Box, Net WT. 5.5 oz (155g)"
,maker_linked,False,FDA,81966,2019-03-20,Perrigo Company PLC,"Allegan, MI",Kroger,Simple Truth,,"Simple Truth Organic Banana, Strawberry & Apple Fruit Puree with Nonfat Greek Yogurt, 113 g, packed in a laminate pouch, Each case has 6 cartons with 6 pouches per carton. Total of 36 pouches per case."
,maker_linked,False,FDA,82423,2019-04-03,"Nature's Touch Frozen Foods, LLC","Front Royal, VA",Albertsons,O Organics,,"O Organics Organic Whole Strawberries;  NET WT. 48 oz. (3 lb.) 1.36 kg  UPC: 079893402758      Distributed by: Lucerne Foods, Pleasanton, CA 94566"
,maker_linked,False,FDA,82634,2019-05-08,Frial SAS,"St Martin Des Entrees, N/A",Trader Joe's,Trader Joe's,,"Trader Joe's Saucy Scallops with Mushrooms, NET Wt. 16 oz. (1 LB) 454 g  UPC 0093 0390  24 units per case  Product of France    Dist. and sold exclusively by: Trader Joe's Monrovia, CA 91016"
,maker_linked,False,FDA,82627,2019-05-15,Schreiber Foods Inc,"Green Bay, WI",Dollar General;Sam's Club;Walmart,Clover Valley;Great Value;Member's Mark;Members Mark,,"Shredded and blocks of Colby & Monterey Jack cheese - Labeled and Packaged:     1) Great Value, Finely Shredded, Colby & Monterey Jack Cheese, Net Wt 8 oz; packaged in plastic pouches, 12 per case;  2) Great Value, Finely Shredded, Colby & Monterey Jack Cheese, Net Wt 16 oz; packaged in plastic pouches, 10 per case;  3) Great Value, Colby & Monterey Jack Cheese, Net Wt 8 oz; wrapped in plastic, 16 per case.  4) Great Value, Colby & Monterey Jack Cheese, Net Wt 16 oz; wrapped in plastic, 12 per case;  5) HeluvaGood, Colby & Monterey Jack Cheese, Net Wt 8 oz; wrapped in plastic, 16 per case;  6) Members Mark, Colby & Monterey Jack Cheese, Net Wt 32 oz; wrapped in plastic, 20 per case;  7) Clover Valley, Colby & Monterey Jack Cheese, Net Wt 8 oz; wrapped in plastic, 12 per case; | Great Value, Finely Shredded, Fiesta Blend Cheese, Shredded Monterey Jack, Cheddar, Queso Quesadilla and Asadero Cheeses, Net Wt 8 oz; packaged in plastic pouches, 12 per case;"
,maker_linked,False,FDA,82717,2019-05-15,Oregons Wild Harvest Inc,"Redmond, OR",UNFI/SuperValu,Wild Harvest,,"Dried whole elderberry, Oregon s Wild Harvest brand, packaged in metalized plastic bag,  net wt. 4 oz or 1 lb.  Each case contains 12 bags.    Item # for 4 oz. is 15352. UPC of 4 oz. bag is 7 06195 05352 3.  Item # for  1 lb. is 11352. UPC of  1 lb. bag is  7 06195 01352 7.     The label is read in part: ""***Elderberry Whole *** Herbal Supplement ***Ingredients: Organic Elderberry (Sambucus sp.) *** Suggested Use: Crush or grind berry.  Add 1 teaspoon to a cup of boiling water.  Steep for 5 minutes, strain and enjoy hot or cold daily*** Oregon s Wild Harvest 1601 NE Hemlock Avenue, Redmond, OR 97756***""."
,maker_linked,False,FDA,82893,2019-06-05,Oakhouse Bakery,"Madison, WI",Aldi;Publix,GreenWise;Publix;Specially Selected,,"purely elizabeth Banana Nut Butter Grain-Free Granola, Net Wt. 8 oz. (227g) Re-sealable Pouch.  UPC 55140-00272.  Made with organic hemp, chia, and coconut flakes.  Distributed By:  Purely Elizabeth, LLC, Boulder, CO  80301. | purely elizabeth Coconut Cashew Grain-Free Bar, Net Wt. 1.4 oz. (40g).  UPC 55140-00213.  Display Carton UPC 10589-03007.  Distributed By:  Purely Elizabeth, LLC, Boulder, CO  80301. | purely elizabeth Coconut Cashew Grain-Free Granola, packaged in  Net Wt. 8 oz. (227g) Re-sealable Pouch, UPC 55140-00270, and Net Wt. 16 oz. (1LB) Re-sealable Pouch, UPC 55140-00294.  Made with organic hemp, chia, and coconut flakes.  Distributed By:  Purely Elizabeth, LLC, Boulder, CO  80301. | purely elizabeth Chocolate Sea Salt Grain-Free Bar, Net Wt. 1.4 oz. (40g).  UPC 55140-00208.  Display Carton UPC 10589-03006.  Distributed By:  Purely Elizabeth, LLC, Boulder, CO  80301. | purely elizabeth Pumpkin Spice + Ashwagandha Grain-Free Granola, Net Wt. 8 oz. (227g) Re-sealable Pouch.  UPC 10589-03015.  made with organic chia, dodonut flakes and ashwagandha.  Distributed By:  Purely Elizabeth, LLC, Boulder, CO  80301 | GreenWise Cranberry Cashew Granola, Net Wt. 12 oz. (340g) Re-sealable Pouch.  UPC 41415-18305.  Made with organic oats.  Distributed by Publix Super Markets, Inc., Lakeland, FL  33802. | purely elizabeth Banana Nut Butter Grain-Free Bar, Net Wt. 1.4 oz. (40g).  UPC 55140-00209.  Display Carton UPC 10589-03005.  Distributed By:  Purely Elizabeth, LLC, Boulder"
,maker_linked,False,FDA,82921,2019-06-19,"Del Monte Fresh Produce N.A., Inc. HQ","Coral Gables, FL",Aldi,Park Street Deli,,"Park Street Deli, Hummus and Veggies, Classic Hummus, Carrots & Celery NET WT 5 OZ (142g)"
,maker_linked,False,FDA,82866,2019-06-26,Renaissance Food Group LLC,"Houston, TX",Whole Foods,365 by Whole Foods;Whole Foods Market,,365 by Whole Foods Market Smoked Mozzarella Pasta Salad packaged in a clear plastic clamshell 8 Oz. and a salad bar item UPC 81641602257 | 365 by Whole Foods Market Classic Potato Salad packaged in a clear plastic clamshell 8 Oz. and a salad bar item UPC 81641602117 | 365 by Whole Foods Market Traditional Egg Salad packaged in a clear plastic clamshell 9 Oz. UPC 81641602115 | Veggie Crudite Bowl with Jicama and Mini Peppers packaged in a Clear plastic bowl 34.5 Oz. UPC 82676681079 | Veggie Crudite Bowl with Asparagus and Bell Peppers packaged in a Clear plastic bowl 34.5 Oz. UPC 82676681078 | 365 by Whole Foods Market Classic Tuna Salad Wrap packaged in a clear cellophane 7.75 Oz. UPC 81641602250 | 365 by Whole Foods Yellowfin Tuna Salad packaged in a clear plastic clamshell 8 Oz. UPC 81641602120
,maker_linked,False,FDA,83160,2019-07-10,Nature's Touch Frozen Foods (West),"Abbotsford, British Columbia",Albertsons,Signature Select,,"Signature Select Avocado Chunks, 12 oz. (340 g) Stand-up pouch  Re-sealable, Keep Frozen;  UPC 2113009412    Ingredient: Avocado Chunks, Key Lime Juice    Distributed by Better Living Brands  Pleasanton, CA    Product of Peru, Packed in Canada"
,maker_linked,False,FDA,83016,2019-07-17,Riverside Foods Llc,"Eagle, ID",Walmart,Great Value,,"Tipton Grove Frozen Mixed Berries NET WT 12 OZ (340g) bags DISTRIBUTED BY: Save-A-Lot KEEP FROZEN UPC 0 51933 34784 7 | Great Value Blackberries NET WT 16 OZ (1 LB) 454g bags DISTRIBUTED BY: Walmart Inc., Bentonville, AR 72716 KEEP FROZEN UPC 0 78742 43101 7"
,maker_linked,False,FDA,83147,2019-07-24,Sprout's Farmers Market,"Phoenix, AZ",Sprouts,Sprouts Farmers Market,,"Sprouts Farmers Market Cut Leaf Spinach, Net Wt 16 Oz (1 lb), 453 g, Manufactured exclusively for Sprouts Farmers Market, Phoenix, AZ UPC 8 74875 00982 2, packaged in plastic bags, 12 bags per case. | Sprouts Farmers Market Organic Cut Leaf Spinach, Net Wt 16 Oz (1 lb), 453 g, Manufactured exclusively for Sprouts Farmers Market, Phoenix, AZ UPC 8 74875 00991 4, packaged in plastic bags, 12 bags per case."
,maker_linked,False,FDA,83116,2019-07-24,Oregon Potato Company,"Bellingham, WA",WinCo,WinCo;WinCo Foods,,"Frozen whole Red Raspberries; packed in a 12 oz. polyethylene bag; UPC: 0 70552 30501 4.     The label is read in parts: ""***WinCo Foods Red Raspberries *** KEEP FROZEN***PRODUCT OF USA***DISTRIBUTED BY: WINCO FOODS LLC, BOISE, ID***""."
,maker_linked,False,FDA,83279,2019-07-24,GH Foods,"Riverside, CA",Kroger,Kroger,,"Kroger Stuffed Mushrooms;  Net Wt. 7 oz. (193 g) over-wrapped tray  Perishable, Keep Refrigerated. Cook before consumption    UPC:  2676614086	    Distributed by Renaissance Food Group, LLC.  1730 Eastbridge Ave.  Riverside, CA 92507"
,maker_linked,True,FDA,83178,2019-07-31,"C & S Wholesale Grocers, Inc.","Westfield, MA",Target,Market Pantry,,"DANNON OIKOS TRIPLE ZERO GREEK VANILLA - 5.3OZ/4PK, UPC: 3663201953 | CHOBANI KEY LIME BLENDED LOW FAT GREEK YOGURT - 5.3OZ, UPC:1829001271 | CALIFIA FARMS XX ESPRESSO COLD BREW COFFEE - 48 FL OZ, UPC: 5290900349 | SABRA ROASTED RED PEPPER HUMMUS SINGLES - 6PK  UPC: 4082234273 | SIMPLY LIGHT LEMONADE JUICE DRINK - 52 FL OZ  UPC: 2500010061 | JELL-O SUGAR FREE BLACK CHERRY GELATIN - 25OZ/8PK UPC: 4300005754 | READY PAC FOODS BISTRO SANTA FE STYLE SALAD BOWL - 6.25OZ UPC:7774529188 | DAISY SQUEEZE SOUR CREAM - 14OZ, UPC: 7342001614 | FAIRLIFE LACTOSE FREE WHOLE MILK - 52 FL OZ, UPC:  1162002016 | NOOSA COCONUT AUSTRALIAN STYLE YOGURT - 8OZ  UPC: 5392300213 | FAT FREE HALF & HALF - 0.5GAL - MARKET PANTRY;  UPC: 8523961640 | YOPLAIT ORIGINAL KEY LIME PIE YOGURT - 6OZ  UPC: 7047000321 | NOOSA COCONUT AUSTRALIAN STYLE YOGURT - 8OZ  UPC: | SILK ORIGINAL SOY MILK - 0.5GAL  UPC: 2529360039 | CHOBANI FLIP STRAWBERRY CHEESECAKE GREEK STYLE YOGURT - 5.3OZ, UPC: 1829001196 | CHOBANI BLACK CHERRY ON THE BOTTOM NONFAT GREEK YOGURT - 5.3OZ, UPC: 9470001016 | CHOBANI PLAIN NONFAT GREEK YOGURT - 32OZ, UPC:   9470001013 | NELLIE'S FREE RANGE LARGE GRADE A BROWN EGGS - 12CT, UPC: 1565200418 | COFFEE MATE FRENCH VANILLA COFFEE CREAMER - 0.5GAL, UPC: 5000035022 | NOOSA MATES COCONUT ALMOND CHOCOLATE AUSTRALIAN STYLE YOGURT - 5.5OZ, UPC: 1590902016 | CHOBANI BANANA BOTTOM GREEK YOGURT - 5.3OZ  UPC: 1829001504 | HOMESTYLE MAC N' CHEESE 20OZ - ARCHER FARMS;  UPC: 8523901830 | PART SKIM RICOTTA CHEESE"
,maker_linked,True,FDA,83282,2019-07-31,FLOWERS FOODS,"Thomasville, GA",Aldi;Dollar General;Publix;Sam's Club;Target;Walmart,Clover Valley;Great Value;L'oven Fresh;Market Pantry;Member's Mark;Members Mark;Publix,,"BBQ Bread & Pull-A-Part BBQ Bread sold under the brand names of Flowers UPC 7 22500 40792, Ingles UPC 8 68540 15348 & Wonder UPC 7 22500 20923 | WONDER HONEY HAMBURGER BUNS 8CT, UPC 72250 02112 8 | NATURE'S OWN BUTTER HAMBURGER BUNS 8CT, UPC 72250 02313 9 | Hamburger Buns soled under the brand names of: 7-ELEVEN 8CT, UPC 52548 00660 0; BRAVO 8CT, UPC 33755 85868 8; CBC NATHANS 8CT, UPC 72250 09366 8;  CLOVER VALLEY 8CT, UPC 70210 00759 5; FAMILY STYLE 8CT, UPC 72250 02473 0; FOOD DEPOT 8CT, UPC 72250 02440 2; GREAT VALUE 8CT, UPC 78742 22375 9; GRISSOM'S MILL 8CT, UPC 51933 26740 4; HITCHCOCK'S  8CT, UPC 70210 10337 2; HOME PRIDE 16CT, UPC 72250 00658 3; IDEAL 8CT, UPC 72250 02507 2; IGA 8CT, UPC 41270 02548 5; LAURA LYNN 8CT, UPC 86854 00780 8; MARKET PANTRY 8CT, UPC 85239 03163 6; MEMBERS MARK 8CT/3 PK, UPC 93968 01393 6; NATURAL GRAIN 8CT, UPC 73105 92058 0; OVEN FRESH 8CT, UPC 72250 02471 6; PIGGLY WIGGLY 8CT, UPC 41290 01317 2; PUBLIX 8CT, UPC 41415 30690 5; SE GROCERS 8CT, UPC 38259 10182 7; SEDANO'S 8CT, UPC 72250 00031 4; SUNBEAM 8CT, UPC 77633 06328 3; WM 8CT HAMBURGER BUNS (PAN PARA SANDWICH), UPC 78742 04868 0 & WONDER 8CT, UPC 72250 02109 8. | L'OVEN FRESH 8CT KAISER BUNS UPC 41498 11722 1 | 100% Whole Wheat Hamburger Buns sold under the brand names of: FLOWERS 8CT No UPC; GREAT VALUE UPC 78742 00800 4 & NATURES OWN 8CT UPC 72250 00398 8 | Flowers Enriched Rolls UPC 70210 00686 4 | Publix 12 CT Brown & Serve Rolls 12 CT UPC 41415 31190 9 | Hot Dog Buns sold under "
,maker_linked,False,FDA,83369,2019-07-31,National Frozen Foods Corporation,"Albany, OR",Walmart,Great Value,,"Great Value Chopped Spinach, packed in poly bags, net wt. 12 oz.      12 oz. bag UPC: 0 78742 23740 4.  master case UPC: 3 00 78742 23740 5.    The retail 12 oz. bag label is read in parts: ""*** Great Value Chopped Spinach ***INGREDIENTS: SPINACH *** DISTRIBUTED BY: Walmart Inc., Bentonville, AR 72716 *** MICROWAVE INSTRUCTIONS: Place frozen, unopened bag with the ""this side up"" indicator facing up in microwave.  Do no pierce bag *** Microwave on high for 6 minutes.  During cooking, the bag will slowly inflate.  A special vent in the bag will allow the steam to escape and a whistling sound may be heard ***Let stand for 1 minute after cooking.  Carefully handle bag at corners and remove from microwave with two hands*** STOVETOP INSTRUCTIONS: Empty frozen contents of bag into a 2-quart nonstick saucepan Add 1 cup water ***Cover and cook over medium heat for 6-7 minutes, stirring occasionally***"""
,maker_linked,False,FDA,83245,2019-08-07,Growers Express                                    S,"Salinas, CA",Albertsons;Trader Joe's,Signature Farms;Trader Joe's,,"Green Giant Fresh Butternut Squash Diced.  12 oz. (340 g) plastic bag  UPC: 605806138010; Item number BNC101101    Perishable, Keep Refrigerated  Distributed by Growers Marketing LLC, Salinas, CA | Green Giant Fresh Butternut Squash Cubed.  32 oz. (2 lbs.) (907 g) plastic bag  UPC: 605806138218; Item number BNC102101    Perishable, Keep Refrigerated  Distributed by Growers Marketing LLC, Salinas, CA | Green Giant Fresh Ramen Soup Bowl;  Butternut squash, Cauliflower, Carrots, Onions & Broccoli.  Asian Inspired Seasoning and Roasted Edamame  7.4 oz.(209.8 g) plastic bag  UPC:605806027864 ; Item number MXC183104    Perishable, Keep Refrigerated  Distributed by Growers Marketing LLC, Salinas, CA | Growers Express Cauliflower Florets  3 lb. plastic bag - Foodservice  UPC:  190627-405616; Item numberCAC102102  Peak Cauliflower Florets  3 lb. plastic Bag - foodservice  UPC: 190628-405842, Item Number CAC102105      Perishable, Keep Refrigerated | Trader Joe's Zucchini Spirals  10.5 oz. (298 g). plastic bag  UPC: 634908  Item number BMSC104106;  Perishable, Keep Refrigerated | Green Giant Fresh Brussel Sprouts  2 lb. . (454 g). plastic bag  UPC:  605806028076; Item number BSC100103  Perishable, Keep Refrigerated | Signature Farms, Cauliflower Crumbles, Chopped Cauliflower  16 oz. 1 lb. . (454 g). plastic bag  UPC:  2113098438; Item number CAC101109;  Perishable, Keep Refrigerated | Growers Express Cauliflower Florets  3 lb. plastic bag - Foodservice  UPC:  190627-405616; Item number"
,maker_linked,False,FDA,83412,2019-08-14,"CH Guenther & Sons, Inc","San Antonio, TX",H-E-B;Walmart;WinCo,Great Value;H-E-B;WinCo;WinCo Foods,,"Winco Foods, Taco Seasoning Mild, Net Wt. 1.25 OZ, Distributed by Winco Foods, LLC, Boise, ID, UPC 0 70552 90126 1 | Great Value Mild Taco Seasoning, Net Wt. 1 OZ, Distributed by Wal-Mart Stores, Inc. Bentonville, AR. UPC 0 78742 24572v0 | HEB Taco Seasoning Mix 25% Less Sodium Net Wt. 1.25 OZ, H-E-B San Antonio TX UPC 0 41220 79609 0 | Williams Original Chili Seasoning, Net Wt. 1 OZ, Williams Foods, Inc. Lenexa, KS, UPC 0 41149 01100 7 | Williams Ingredients, Hot BBQ Snack Seasoning, Net Wt. 50 lb, Williams Foods, Inc. Lenexa, KS"
,maker_linked,False,FDA,83335,2019-08-21,Hill & Valley Inc,"Rock Island, IL",Walmart,Freshness Guaranteed,,Freshness Guaranteed Chocolate Chunk cookie  Clear plastic clam shell   Net wt. 14 oz.  UPC: 0007874209234
,maker_linked,False,FDA,83421,2019-08-28,Meninno Brothers Gourmet Foods,"Danvers, MA",Ahold Delhaize,Hannaford,,"Hannaford brand 20 oz. traditional quiche w/tomatoes, cheese and basil in flexible plastic with round top and bottom."
,maker_linked,False,FDA,83098,2019-08-28,Townsend Farms Inc,"Fairview, OR",Costco,Kirkland Signature,,"Kirkland Signature Three Berry Blend product, frozen, package in a plastic bag.  Net wt. 4 lbs. UPC 0 96619 10105 4.    The product label is read in parts: ""*** KIRKLAND Signature *** Three Berry Blend *** Raspberries***Blueberries***Blackberries*** PRODUCT OF USA *** Distributed by: Costco Wholesale Corporation ***""."
,maker_linked,False,FDA,83636,2019-09-18,"Bubbies Homemade Ice Cream and Desserts, Inc.","Phoenix, AZ",Trader Joe's,Trader Joe's;Trader Joes,,"Bubbies Mochi Ice Cream -Chocolate Coconut Item Code CS812067, UPC Code 20203-5, UPC GTIN 10787325202032. Product is packed in oriented  polystyrene sheet (OPS) thermo-formed 6-cavity trays, tray is packed in 6 count boxes. | Bubbies Mochi Ice Cream -Passion Fruit Item Code CS800119, UPC Code 20093-2, UPC GTIN 10787325200939. Product is packed in oriented  polystyrene sheet (OPS) thermo-formed 6-cavity trays, tray is packed in 6 count boxes. | Bubbies Mochi Ice Cream -Pistachio Item Code CS800054, UPC Code 20113-7, UPC GTIN 10787325201134. Product is packed in oriented polystyrene sheet (OPS) thermo-formed 6-cavity trays, tray is packed in 6 count boxes. | Bubbies Mochi Ice Cream -Vanilla Item Code CS800002, UPC Code 20013-0, UPC GTIN 10787325200137 Product is packed in oriented polystyrene sheet (OPS) thermo-formed 6-cavity trays, tray is packed in 6 count boxes. | Bubbies Mochi Ice Cream -Triple Chocolate Item Code CS800012, UPC Code 20084-0, UPC GTIN 10787325200847 Product is packed in oriented polystyrene sheet (OPS) thermo-formed 6-cavity trays, tray is packed in 6 count boxes. | Bubbies Mochi Ice Cream Premium Variety Pack (Strawberry,  Green Tea, Mango) Item Code CS1600001, UPC Code 40013-4, UPC GTIN 10787325400131 Product is packed in oriented polystyrene sheet (OPS) thermo-formed 6-cavity trays, tray is packed in 6 count boxes. | Bubbies Mochi Ice Cream -Mango Item Code CS800037, UPC Code 20063-5, UPC GTIN 10787325200632. Product is packed in oriented  polystyrene sh"
,maker_linked,False,FDA,83343,2019-09-25,Pita Pal Foods LP,"Houston, TX",7-Eleven,7-Select,,PitaPal Mezza Sundried Tomato Hummus  11 oz. UPC 851351007336 packaged in Plastic tub with clear lid with green rim. | PitaPal Edamame Dip with Pretzels 4.1 oz. UPC 851351007091 packaged in Clear tub with clear lid with green rim. | PitaPal Organic Cilantro Jalapeno Hummus  10 oz. UPC 851570003348 packaged in Plastic tub with clear lid with green rim. | PitaPal Texas Spicy Hummus  10 oz. UPC 851570003614 packaged in Plastic tub with clear lid with green rim; PitaPal Texas Spicy Hummus 5 lbs. UPC 85015700089 3 packaged in White plastic tub with white lid. | PitaPal  Organic Roasted Garlic Hummus  10 oz UPC 851570003508 and 17 oz. UPC 851570003089 packaged in Plastic tub with clear lid with green rim. | Schnuck's Roasted Garlic Hummus 8 oz. UPC  41318092370 packaged in Plastic tub with clear lid. | Lantana Black Bean Hummus 2 pack of 10 oz. and 10 oz. UPC 10855432004136 and 20896863001735 packaged in Shrink wrapped plastic tubs with multi-colored lid. | Harris Teeter .Fresh Foods Market Roasted Red Pepper Hummus 10 oz. UPC 072036027030 and 17 oz. UPC 072036958648 packaged in Plastic tub with clear lid. | PitaPal Organic Original Hummus 10 oz. and 17 oz. UPC 851570003317 and UPC 851570003058 packaged in Plastic tub with clear lid with green rim. | PitaPal Organic Roasted Red Pepper Hummus  17 oz. UPC 851570003096 packaged in Plastic tub with clear lid with green rim. | PitaPal Hummus Variety Pack 16 oz. UPC 851570003904  packaged in Plastic tub with clear lid. | PitaPal Roasted 
,maker_linked,False,FDA,83688,2019-09-25,WESTON FOODS (CANADA) INC,"Etobicoke, N/A",Publix,Publix,,"Publix 8 inch T/S pumpkin pie US; 623g (22 oz. or 1 LB 6 oz.), Carton, 6 units per case | Glazed Pumpkin Cake Donut, 49226, UPC 10020569492266, NET WEIGHT 9.00 LB (4.08 kg), 12/12 OZ PKG PER CASE | Pumpkin Cake Roll - Pumpkin Spice Cake Roll with Creme Filling - Naturally Flavored - 1 CAKE ROLL - NET WT. 18 OZ (1 LB 2 OZ) 510 g; Pumpkin Junior Cake Rolls or Pumpkin Swiss Roll - Pumpkin Spice Cake Roll with Creme filling - Naturally Flavored - 6 CAKE ROLLS - NET WT. 14 OZ (400 g)"
,maker_linked,False,FDA,83865,2019-10-09,Scenic Fruit Company,"Gresham, OR",Costco,Kirkland Signature,,"Frozen Organic Blueberries Packed into Poly Bag, Net Weight 3 lbs. Product of USA.  Item 815544, Kirkland Signature brand. UPC  0 96619 08155 4. Distributed by: Costco Wholesale Corporation P.O. Box 34535 Seattle, WA 98124-1535 USA."
,maker_linked,False,FDA,84167,2019-11-13,Wawona Frozen Foods Inc.,"Clovis, CA",Aldi,Season's Choice,,"Season s Choice (Aldi) Berry Medley (Strawberries, Blackberries, Blueberries, Raspberries) (frozen): 16 ounce bags; Item number: 072930-20   Product of Chile.     UPC Code:0 41498 31344 9;    Wawona Berry Blend (contains Strawberries, Blackberries, Blueberries, Red Raspberries)  Nt. Wt. 10 lbs. 2/5# poly bags per case, Item number: 044520-00  UPC: 0 34742 04456 4    Pac Gro IQF Mixed Berries  30/200g, Item number: 044530-00  UPC 198414881081    Sold to Food Service | Season's Choice Raspberries (frozen): 12 ounce bags;   Product of Chile.  Item number:  076163-01  Aldi brand name Season's Choice UPC Code: 0 41498 12419 9;    Raley's Fresh Frozen Red Raspberries: 12 ounce bags;  Product of Chile; Item number:072930-20  UPC Code: 46567 00754"
,maker_linked,False,FDA,84083,2019-11-13,Cold Locker Processing LLC,"Sumner, WA",Kroger,Kroger,,"Kroger Wild Caught Sockeye Salmon Boneless, Frozen, Raw, Skin-on, not ready to eat (NRTE), individually vacuum packed in a 12 oz retail plastic bag.  Salmon is a product of USA.    The label is read in parts: ""***Kroger ***Wild Caught Sockeye Salmon Boneless***INGREDIENTS: SOCKEYE SALMON ***COOKING METHOD***GRILL***BAKE***BROIL***KEEP FROZEN ***COOKING INSTRUCTIONS***Cook from frozen or thawed. Remove all packaging. Grease or cooking spray the pan, or aluminum foil if grilling. Season as desired.  Cook until fish flakes easily with a fork and has an internal temperature of 145 F*** Bake (preheat oven to 400 F) ***Frozen: 18-27 minutes (depending on thickness)***Thawed: 10-15 minutes***Grill (MEDIUM heat) Thawed: 3 to 4 minutes/side***DISTRIBUTED BY THE KROGER CO. CINCINNATI, OH***""."
,maker_linked,False,FDA,84064,2019-11-20,Gilster-Mary Lee Corp.,"Chester, IL",Ahold Delhaize,Food Lion,,"Food Lion Creamy Chocolate Frosting, Net Wt 16 OZ, Distributed by Food Lion, LLC, Salisbury, NC, foodlion.com, packaged in 12 cans per case."
,maker_linked,False,FDA,84190,2019-11-27,"Mann Packing Company, Inc.","Salinas, CA",Albertsons;H-E-B;Kroger;Trader Joe's;Walmart;Western Family,HEB;Kroger;Marketside;Signature Farms;Trader Joe's;Western Family,,Mann's Rainbow Slaw  6 x 12 oz. UPC: 716519013089 - Canada - Mann  6 x 12 oz. UPC:  716519013089 - SS   Same UPC.  Two films: one for Canada and one for US.      Rainbow Salad 6/12 OZ GE   UPC: 3003492350 | Mann's Nourish Bowls Cauli Rice Curry  4 x 11 oz. UPC: 716519036897                   UPC: 716519036903 - Mann - Canada      Signature Farms Cauli Rice Curry  4 x 11 oz. UPC:  021130600526 | Mann's Crave a Bowl Spicy Marinara     6 x 7 oz. UPC:716519040078  - Canada | Mann's Nourish Bowls Bolognese    4 x 11.5 oz. UPC: 716519037054  4 x 11.5 oz. UPC: 716519037061  - Mann Canada | Mann's Nourish Bowls Sweet Potato   4 x 10.5 oz. UPC: 716519036866 - Mann Canada | Mann's Nourish Bowls Thai Noodle    4 x 9.75 oz. UPC: 716519036989 US and Canada | Mann's Nourish Bowls Basil Pesto    4 x 10.75 oz. UPC: 716519037030  4 x 10.75 oz. UPC; 716519037047 - Mann Canada | Mann's Snacking Favorites  Cheddar Pretzel Snack Tray  4 x 19 oz.  UPC: 716519020445 | Mann's Snacking Favorites Honey Turkey Cheddar  Tray  4 x 20.3 oz.  UPC: 716519020483 | Mann's Snappy Slaw Blend   8 x 3 lbs.  UPC:10716590067350 Food Service | Mann's Snacking Favorites Organic Veggie Snack Tray   4 x 16.25 oz.  UPC: 716519014765 | Mann's Nourish Breakfast Fiesta Scramble     4 x 9.5 oz. UPC:716519038853 | Asian Slaw  8 x 3 lbs.  UPC 10716519023085    Hungryroot:   Food Kit: No UPC	00056 - Asian Slaw 18/10 OZ HR | HEB Brand Broccoli  Slaw:  12 oz. UPC: 41220975129  HEB Brand Organic Broccoli Slaw;  10 oz. UPC: 412209
,maker_linked,False,FDA,84046,2019-12-04,Great Lakes Cheese Co Inc,"Hiram, OH",Ahold Delhaize;Albertsons;Publix;Wakefern/ShopRite;Wegmans,Hannaford;Primo Taglio;Publix;ShopRite;Wegmans,,"Pasteurized Process American Cheese, yellow, 6 - 5lb loaves per case.  Brands as follows: 1) Wegmans; 2) Market Basket; 3) Cabot; 4) Field; 5) Foodtown; 6) Hannaford | Pasteurized Process American Cheese, white, 6 - 5lb loaves per case.  Brands as follows: 1) Foodtown; 2) Hannaford; 3) Wegmans | Pasteurized Process American Cheese, white, 2 - 5lb loaves per case.  Brands as follows: 1) ingles; 2) Publix Deli; 3) Primo Taglio Classics; 4) Tropical | Pasteurized Process American Cheese, white, 6 - 5lb loaves per case.  Brands as follows: 1) Delicatessan Quality; 2) Primo Taglio Classics; 3) Best Yet; 4) Market 32; 5) Black Bear; 6) ShopRite | Prima Della Delicatessen Pasteurized Process Sharp American Cheese, white, 2 - 5lb loaves per case. | Pasteurized Process American Cheese, yellow, 6 - 5lb loaves per case.  Brands as follows: 1) Delicatessan Quality; 2) John F. Martin & Sons; 3) Best Yet; 4) Market 32; 5) Black Bear; 6) ShopRite"
,maker_linked,False,FDA,84206,2019-12-04,"Renaissance Food Group, LLC","Rancho Cordova, CA",Kroger,Kroger,,Kroger Mushroom Stir Fry Blend  10 oz.  UPC 82676618482 | Kroger Stir Fry Blend  16 oz.  UPC 82676618487
,maker_linked,False,FDA,84286,2019-12-04,United States Bakery Corp,"Portland, OR",Walmart,Great Value,,"Great Value Old Fashioned Glazed Donuts packaged in a paperboard box with cellophane window and each box contains 6 donuts. Net Wt. per box: 12 oz. (340 g).  UPC on retail box: 0 78742 30711 4. DISTRIBUTED BY:  Walmart Inc., Bentonville, AR 72716.    Each master case contains 9/12 oz. boxes of Great Value Old Fashioned Glazed Donuts."
,maker_linked,False,FDA,84250,2019-12-11,"Kettle Cuisine, LLC","Lynn, MA",Walmart,Marketside,,Marketside Creamy Cauliflower Parmesan Soup  16 ounce  UPC Codes: 8113130606  Use By 11/23 through Use by 1/1/20
,maker_linked,False,FDA,84323,2019-12-18,Nectar Foods Inc.,"Portland, OR",Trader Joe's,Trader Joe's,,"Honey Mama s Truffle Bar (Trader Joe's) is a honey cocoa bar, refrigerated, one bar is packaged in flexible film, flow wrapped, net weight 1.35 oz. UPC 8 54835 00415 9.    There are 12 bars per display case and 6 cases per master case.    The label is read in parts: ""***Truffle ***HONEY MAMA'S HONEY-COCOA BAR ***PALEO*** DAIRY FREE*** Ingredients: raw Organic honey, raw Organic almonds, unrefined Organic coconut oil, alkalized Organic cocoa powder, vanilla extract, Himalayan pink salt *** Nectar Foods, Inc. Portland, Oregon ***""."
,maker_linked,False,FDA,84408,2019-12-25,Dole Fresh Vegetables Inc,"Monterey, CA",Walmart,Marketside,,"Tri-Color Coleslaw - Marketside brand;  16 oz. plastic bag, SKU 3117       Colorful Coleslaw/Salade de Chou - President's Choice Brand - (Canada only)  14 oz. plastic bag, SKU 3237  A blend of green and red cabbage and carrots.    Marketside UPC: 6-81131-38748-4  President's Choice UPC: 0-60383222670"
,maker_linked,False,FDA,84245,2019-12-25,"Gold Standard Baking, Inc.","Chicago, IL",Walmart,Freshness Guaranteed,,"Freshness Guaranteed Croissants in clear plastic 12oz clamshell, 12 clamshells per case, item number 7012"
,maker_linked,False,FDA,84374,2020-01-01,"Fuji Food Products, Inc.","Brockton, MA",Trader Joe's,Trader Joe's;Trader Joes,,"Trader Joe's 8pc Tempura Shrimp Crunch Roll, 8.5oz, SKU 513289 | Okami brand 8pc Supreme Sampler, SKU 28112 | Trader Joe's 8pcs Regular California Roll, 8oz, SKU 00348997T | Trader  Joe's 10oz Banh Mi Style Salad w/ Tofu, SKU 614719 | Trader Joe's Shrimp Spring Rolls 7oz, SKU 908795 | Trader Joe's 8pcs Spicy California Roll, 8oz, SKU 00348966T | Trader Joe's 8pcs Smoked Salmon Philly Roll, SKU 603775 | Trader Joe's 8pcs Brown Rice California Roll, 8oz, SKU 909822 | Trader Joe's 8.4oz Smoked Salmon Poke Bowl, SKU 603751 | Trader Joes Queso Fundido 16oz, SKU 646574 | Okami brand 8pc Salmon Philly Roll, SKU 28113 | Okami brand 25pcs Sushi Platter, SKU 28200 | Okami brand 8pc Spicy California Roll, SKU 28102 | Okami 8pc SEAFOOD COMBO 6 SURIMI 2 EBI SHRIMP, SKU 28262 | Okami brand 8pc California Roll, SKU 28101 | Okami brand 8pc Supreme Combo, SKU 28111 | Okami brand 8pc Supreme California Roll, SKU 28103 | Okami brand 8pc Supreme California Roll, SKU 28103 | Trader Joe's Tofu Spring Rolls 7oz, SKU 921510 | Okami brand 8pc Spicy Supreme California Roll, SKU 28104 | Okami brand 16pcs Sushi Platter, SKU 28201 | Okami OK Tempura Shrimp Roll, 6pc w/ Sweet and Dynamite Sauce, SKU 28114 | Okami brand 8pc Brown Rice Classic California Roll, SKU 28122"
,maker_linked,False,FDA,84373,2020-01-01,Ardent Mills LLC,"Commerce City, CO",UNFI/SuperValu,Wild Harvest,,"Wild Harvest Organic Unbleached All Purpose Flour, Net Wt 5 lb. (2.26 kg) in paper bags, UPC 7 11535 50915 8, 8 bags per case."
,maker_linked,False,FDA,84380,2020-01-08,"Texas Star Nut and Food Co., Inc.","Boerne, TX",Walmart,Great Value,,"Great Value Macadamia Nuts 4 oz. pouch with UPC CODE: 078742309422 packaged in a cello bag, 6 per case"
,maker_linked,False,FDA,84409,2020-01-15,R. Walters Limited dba Meninno Brothers Foods,"Danvers, MA",Ahold Delhaize,Hannaford,,"Hannaford brand Macaroni and Cheese, NET WEIGHT 12 OZ (340g); KEEP REFRIGERATED; UPC: 0 4126821062 6; Heating Instructions: Microwave: Remove lid. Heat for 3 minutes or until temperature reaches 165 degrees F. Let stand for 2 minutes and serve."
,maker_linked,False,FDA,84515,2020-01-22,Bakkavor Foods USA Inc.,"Charlotte, NC",Kroger,Kroger,,"HOME CHEF HEAT & EAT Baked Macaroni & Cheese NET WT. 12 oz (340G) keep refrigerated, Distributed by: The Kroger Co., Cincinnati, Ohio 45202, UPC 8 12071 03555 9"
,maker_linked,False,FDA,84542,2020-01-22,"Taylor Farms New England, Inc.","North Kingstown, RI",Ahold Delhaize,Hannaford,,"Hannaford brand Grilled Salmon meal with cooked brown rice, quinoa blend, broccoli florets, cooked white rice, fire roasted edamame, garlic and herb butter, bell pepper, roasted corn and carrots, Net Wt. 12.8 OZ (363g) | Stop and Shop brand Grilled Salmon meal with cooked brown rice, quinoa blend, broccoli florets, cooked white rice, fire roasted edamame, garlic and herb butter, bell pepper, roasted corn and carrots, Net Wt. 12.8 OZ (363g)"
,maker_linked,False,FDA,84543,2020-02-12,"Almark Foods, LLC","Gainesville, GA",7-Eleven;Ahold Delhaize;Albertsons;Costco;Kroger;Sam's Club;UNFI/SuperValu;Walmart,7 Select;Giant Eagle;Great Value;Kirkland Signature;Kroger;Member's Mark;Members Mark;O Organics;Simple Truth;Wild Harvest,,"Cage Free Hard-Cooked Eggs sold under the following brand names: Almark, Fresh Thyme, Giant Eagle, Kroger, Lucerne, Members Mark, Naturally Better, Rembrandt Foods & Shop Rite. | Eggland's Best Hard Cooked Eggs | PECKISH PERFECTLY BOILED FREE RANGE ORGANIC Egg Rancheros Flavor Distributed by PECKISH, LLC,  Sonoma, CA 95476 | Bulk Pail Product - Almark Foods HARD COOKED EGGS Peeled Eggs INGREDIENTS: EGGS, WATER, CITRIC ACID sold under the following brand names: ALMARK EGGS 20 LB pail, Manufactured By: Almark Foods Gainesville, GA 30504 UPC 0 44984 30020 6; Egggs NET WT WHEN PACKED 23 LBS Distributed by: Carolina Egg Development Corporation 5645 Deans Street, Bailey, NC 27807 UPC o 29653 00599 6; Nic's Peeled Pearls 20 lb. Salad Grade Hard Boiled Eggs NET WT. WHEN PACKED 20 LBS UPC 1 00 39401 17395 9 & 23LBS UPC 1 00 39401 00011 8 Manufactured By: Almark Foods Gainesville, GA 30504; RAINBOW FARMS 20 LB UPC 0 44984 60020 7, 23 LB UPC 0 44984 60023 8, 25 LB UPC 0 44984 60025 2 Manufactured By: Almark Foods Gainesville, GA 30504 & SUTHERLAND'S FOOD SERVICE INC. NET WT. 20 LBS. | Organic Hard Cooked Eggs sold under the brand names of Almark Foods, Inspired Organics, Kirkland Signature, O Organics, Pete & Gerry's Simple Truth Organics & Wild Harvest | Almark Foods	Classic ProBox Classic Flavor - Cage Free Eggs | Almark Foods Smokehouse ProBox Cage Free Hard Cooked Eggs | Free Range Hard-Cooked Hen Eggs sold under the brand names of Farmer's Hen House and Nellie's | Eggland's Best Ca"
,maker_linked,False,FDA,84564,2020-02-12,Bakkavor Foods USA Inc.,"Charlotte, NC",Trader Joe's,Trader Joe's;Trader Joes,,"TRADER JOE'S OLD FASHIONED Potato Salad NET WT. 20 OZ (1 LB 4 OZ) 567g DIST. & SOLD EXCLUSIVELY BY: TRADER JOE'S MONROVIA, CA 91016 UPC 0032 1747 | Trader Joe's Egg White Salad with Chives NET 6 OZ (170g) DIST. & SOLD EXCLUSIVELY BY: TRADER JOES MONROVIA, CA 91016 UPC 0066 6695"
,maker_linked,False,FDA,84690,2020-02-12,"Merical, LLC","Orange, CA",Meijer,Meijer,,"Meijer Joint Health  Triple Strength Formula Glucosamine Hydrochloride 1500 mg;  Helps Overall Joint Physical Function;  Unit Size - 40 count and 80 count - 2 tablets per day.  Item Numbers: MEIJER7754 (40 count) & MEIJER7755 (80 count)  UPC Code: 713733563024 & 713733563031 respectively    Distributed by Meijer Distribution Inc.  Grand Rapids, MI | Meijer Joint Health  Movement Advanced Dietary Supplement with Glucosamine + Chondroitin. 1500 mg;  Supports Joint Mobility and Comfort;  Unit Size - 80 count - 2 tablets per day.  Item Numbers: MEIJER7383  UPC Code: 713733562966    Distributed by Meijer Distribution Inc.  Grand Rapids, MI"
,maker_linked,False,FDA,84792,2020-02-26,Ardent Mills LLC,"Commerce City, CO",Kroger,Kroger,,"Kroger Unbleached All Purpose Enriched Flour, 5 lb. bag. Bar code: 011110861660"
,maker_linked,False,FDA,84988,2020-03-04,Domino Foods Inc,"West Palm Beach, FL",Hy-Vee;Walmart,Great Value;Hy-Vee,,"Domino Premium Pure Cane Medium Brown Sugar, 50 LB bag, UPC 049200009727, Lots 50044 (Best By Jan 23, 2022) & 50045 (Best By Jan 24, 2022) | Domino Premium Pure Cane Golden Light Brown Sugar, 50 LB bag, UPC 049200009727, Lots 50041 (Best By Jan 20, 2022), 50042 (Best By Jan 21, 2022), 50043 (Best By Jan 22, 2022) | C&H Pure Cane Sugar Golden Brown, 32 oz (2 LB) plastic bag, UPC 015800090038, Lots 50042 (Best By Jan 21, 2022) & 50043 (Best By Jan 22, 2022) | HY-VEE Pure Cane Light Brown Sugar, 32 oz (2 LB) plastic bag, UPC 075450055177, Lots 50043 (Best By Jan 22, 2022) & 50044 (Best By Jan 23, 2022) | Great Value Light Brown Sugar, 32 oz (2 LB) plastic bag, UPC 078742372211, Lots 50043 (Best By Jan 22, 2022), 50044 (Best By Jan 23, 2022), 50045 (Best By Jan 24, 2022), 50046 (Best By Jan 25, 2022), 50047 (Best By Jan 26, 2022) | SYSCO Classic Light Brown Cane Sugar, 25 LB bag, UPC 074865990301, Lots 50043 (Best By Jan 22, 2022) & 50045 (Best By Jan 24, 2022) | SYSCO Classic Light Brown Cane Sugar, 32 oz (2 LB) plastic bag, UPC 074865755368, Lots 50042 (Best By Jan 21, 2022) & 50051 (Best By Jan 27, 2022) | Domino Premium Pure Cane Light Brown Sugar, 16 oz (1 LB) box, UPC 049200056752, Lots 50045 (Best By Jan 24, 2022) & 50046 (Best By Jan 25, 2022)"
,maker_linked,False,FDA,85014,2020-03-11,Saratoga Potato Chips LLC,"Fort Wayne, IN",Kroger,Kroger,,Kroger Sweet & Mesquite BBQ potato chips -17 oz. UPC: 0-11110-03201-0
,maker_linked,False,FDA,85150,2020-03-18,Domino Foods Inc,"West Palm Beach, FL",Walmart,Great Value,,"GREAT VALUE¿ Pure Granulated Sugar, 10 lbs.  Sold as individual bags on a unitized 1/2 pallet   78 bags to a 1/2 pallet."
,maker_linked,False,FDA,85093,2020-04-01,"Caruthers Raisin Packing Co., Inc.","Caruthers, CA",Aldi;UNFI/SuperValu;WinCo,Essential Everyday;Southern Grove;WinCo,,"Raisins packed in following brand names and sizes:    6 pack cartons (6 X 1 oz. boxes) - Pickwell Farms, Southern Grove, Winco, Schnucks, Essential Everyday,   20 oz. paper canisters; Schnucks, Winco, Essential Everday, Best Yet, Big Y  5 oz. cello bag - Slater Bros."
,maker_linked,False,FDA,85539,2020-05-27,Mellace Family Brands California Inc,"Warren, OH",Wegmans,Wegmans,,"Wegmans brand Semi-Sweet Chocolate Nonpareils in an 18.5 oz. (524 g) plastic container, 12 plastic containers per case."
,maker_linked,False,FDA,85892,2020-07-08,He Butt,"San Antonio, TX",H-E-B,Hill Country Fare,,Hill Country Fare Citrus Punch Drink 1 GAL CONT. NET. 3.78L Contains 0% Juice UPC 4122081863 | Hill Country Fare Grape Drink 1 GAL CONT. NET. 3.78L Contains < 1% Juice UPC 4122005176 | Hill Country Fare Fruit Punch Drink 1 GAL CONT. NET. 3.78L Contains < 1% Juice UPC 4122005172 | Hill Country Fare Pink Lemon Drink 1 GAL CONT. NET. 3.78L Contains < 1% Juice UPC 4122005174
,maker_linked,False,FDA,85902,2020-07-08,Mount Franklin Foods LLC,"El Paso, TX",7-Eleven,7-Select,,7-Select Yogurt Pretzels Naturally Flavored Vanilla Crunchy Pretzel Covered in a Vanilla Yogurt NET WT 5 OZ (142 g) UPC 5254856657
,maker_linked,False,FDA,85936,2020-07-08,Dr. Praeger's Sensible Foods Inc.,"Elmwood Park, NJ",Aldi,Simply Nature,,"Simply Nature Sweet Potato Bites, 12oz retail boxes variety pack, Expiration date 4/9/2022. Lot code R20AJ-01A."
,maker_linked,False,FDA,85918,2020-07-22,Fresh Express Incorporated,"Windermere, FL",Ahold Delhaize;Albertsons;Aldi;Hy-Vee;Wakefern/ShopRite;Walmart,Giant Eagle;Hy-Vee;Little Salad Bar;Marketside;Signature Farms;Wholesome Pantry,,"Little Salad Bar Garden, 12 oz, UPC 4099100082975, Iceberg lettuce, carrots & red cabbage | Fresh Express Chopped Kit Thai 'N' Cashews 11.7 oz, UPC 071279309248, (Canada UPC) 0 71279 30925 5, Green and red cabbage, green leaf lettuce, carrots & green onions | Fresh Express Gourmet Cafe Creative Classics Turkey & Bacon Chef 5.75 oz.,UPC 071279407081,  Iceberg & romaine lettuce, carrots & red cabbage | Fresh Express Green & Crisp / Verde y Crujiente 11 oz., UPC 071279108049, (Canada UPC) 0 71279 10813 1,  Iceberg & romaine lettuce, carrots & red cabbage | Hy-Vee Chopped Kit Chipotle Cheddar Salad 11.4 oz., UPC 075450246728, Green & red cabbage & green onions | Fresh Express Iceberg Garden / Lechuga Repollo 3 lbs., UPC 071279104119, Iceberg lettuce, carrots & red cabbage | Marketside Chopped Salad Kit Southwest 13.4 oz., UPC 681131007061, Green & red cabbage, kale, romaine lettuce, kale, green onions & carrots | Giant Eagle Life s Getting Fresher Fresh Romaine Garden Salad Blend 12 oz., UPC 030034923167,Romaine lettuce, carrots & red cabbage | Fresh Express SHREDS 8 oz., UPC 071279151014, (Canada UPC) 0 71279 15101 4, Shredded iceberg lettuce | Marketside Baby Greens Salad 6 oz., UPC 681131027922,  Baby spinach, carrots, baby lettuce blend & baby greens blend | Marketside Shredded Iceberg Lettuce 16 oz., UPC 681131532099, Iceberg lettuce | Hy-Vee Italian Salad Mix 10 oz., UPC 075450120486, Romaine lettuce & red cabbage | Fresh Express Iceberg Garden / Lechuga Repollo 12 oz., UPC"
,maker_linked,False,FDA,86013,2020-07-22,Flagstone Foods LLC,"Minneapolis, MN",Wegmans,Wegmans,,"Wegmans PECAN BLEND Supreme Pecans, Cashews & Pistachios NET WT 16 OZ(1 LB) 454g plastic bag Ingredients: Pecans, Cashews, Dry Roasted Pistachios, Peanut Oil, Salt. Distributed By: Wegmans Food Markets, Inc. Rochester, NY 14603 UPC 0 77890 31040 3"
,maker_linked,False,FDA,85953,2020-07-22,"Garland Ventures, LTD DBA Bally Plus","Garland, TX",Walmart,Freshness Guaranteed,,Freshness Guaranteed Five Cheese Stuffed Shells Traditional Italian Ricotta Filled Shells with Marinara Sauce 10.76 ounces  UPC 7874235174
,maker_linked,False,FDA,85993,2020-07-22,Lamb Weston Inc,"Boardman, OR",WinCo,WinCo;WinCo Foods,,"WinCo Foods Tater Bites Shaped, Shredded Potatoes, frozen product. Retail 32 oz. poly bag has UPC 0 70552 30303 4.    The master case contains 12/32 oz. bags (net wt. 24 lbs.), identified as WinCo Foods Tater Bites WN420, 1 00 70552 30303 1.    The 32 oz. retail package label is read in parts: ""***Tater Bites, sharped, shredded potatoes ***INGREDIENTS: POTATOES, VEGETABLE OIL***, SALT, CORN FLOUR, DEHYDRATED POTATO, ONION POWDER, SPICE, DISODIUM DIHYDROGEN PYROPHOSPHATE***DISTRIBUTED BY: WINCO FOODS, LLC, BOISE, ID***PRODUCT OF U.S.A.***""."
,maker_linked,False,FDA,86213,2020-08-19,James Skinner Baking Co.,"Omaha, NE",Walmart,Marketside,,"Marketside Peanut Butter Brownie, Net Wt. 19 oz, Distributed by Walmart Inc. Bentonville, AR"
,maker_linked,False,FDA,86145,2020-08-26,Smith Foods Inc.,"Orrville, OH",Aldi,Earth Grown,,Earth Grown brand Vanilla Non-Dairy Frozen Dessert in pint sized paperboard carton with a paperboard lid. | Earth Grown brand Chocolate Non-Dairy Frozen Dessert in pint sized paperboard carton with a paperboard lid. | Earth Grown brand Mocha Fudge Non-Dairy Frozen Dessert in pint sized paperboard carton with a paperboard lid.
,maker_linked,False,FDA,86169,2020-08-26,He Butt,"San Antonio, TX",H-E-B,Meal Simple,,"Salmon, Burger Atlantic Blue Cheese Net Weight 12 oz (340g)  UPC 23725500000; HEB Meal Simple Blue Cheese Salmon Burger NET WT 12 oz. (340g)  UPC 23757500000; HEB Meal Simple Blue Cheese Wild Salmon Burgers NET WT 12oz (340g)  UPC 23759000000; Salmon, Burger Atlantic Blue Cheese Net Weight 6 oz (170g) UPC 22528700000; HEB Meal Simple Salmon, Burger Wild Blue Cheese NET WT. 6 oz (170g) UPC 23711100000; Salmon, Burger Wild Blue Cheese Net Weight 6 oz (170g) UPC 23731100000 all packaged in either Styrofoam tray or metal cooking tray"
,maker_linked,False,FDA,86192,2020-08-26,"Upstate Niagara Cooperative, Inc.","Buffalo, NY",Wegmans,Wegmans,,"""Wegmans***Food you Feel Good About***  Fruit on the Bottom***LOWFAT YOGURT*** PINEAPPLE ***6oz(170g)"""
,maker_linked,False,FDA,86097,2020-09-02,ACME FOOD SALES INC,"Seattle, WA",Albertsons,O Organics,,"O Organics Tahini is 100% organic ground slightly roasted sesame seed paste, packaged in 16oz glass jar with metal screw on/off lid and has a paper anti tampering seal connecting the lid with the jar. UPC 0 79893 39024 6.    The label is read in parts: ""***O Organic TAHINI *** INGREDIENTS: ORGANIC SESAME SEEDS *** DISTRIBUTED BY LUCERNE FOODS, INC. PLEASANTON, CA *** PRODUCT OF ISRAEL ***"
,maker_linked,False,FDA,86156,2020-09-02,"Thomson International, Inc.","Bakersfield, CA",Ahold Delhaize;Kroger,Food Lion;Kroger,,"Yellow onions;  Packed under brand names of Onions 52, Majestic, Hartley's Best, Kroger, Food Lion, Thomson Premium, TLC Thomson International, El competitor, Tender Loving Care, Imperial Fresh.    Onions 52:  10 lb. mesh sack - UPC 33383 60004  3 lb. mesh sack - UPC 33383 60002    Hartley's Best:  10 lb. mesh sack - UPC 33383 60004    Majestic:   10 lb. mesh sack - UPC 33383 60004    Kroger:  3 lb. mesh sack - UPC 11110 91682    Food Lion:  3 lb. mesh sack - UPC35826 08630      Thomson Premium:  3 lb. mesh sack - UPC 33383 60004  5 lb. mesh sack - UPC 33383 60031  10 lb. mesh sack - UPC  33383 60004  50 lb. mesh sack -  no UPC     TLC Thomson International  40 lb. carton - no UPC     El Competitor;  50 lb. mesh sack -  UPC not received.    Tender Loving Care:  50 lb. mesh sack -no UPC     Imperial Fresh (Sysco/Freshpoint): UPC's not received  50 lb. carton  10 lb. carton  5 lb. carton  50 lb. mesh sack  25 lb. mesh sack UPC 0 00748616797 0 | White onions;  Packed under brand names of Thomson Premium,  Onions 52, El competitor.     Thomson Premium:   25 lb. mesh sack -No UPC   50 lb. mesh sack -No UPC    Onions 52:  8 lb. mesh bag - UPC 8 15222 01019 1    El Competitor   50 lb. mesh sack - No UPC | Sweet Yellow onions;  Packed under brand names of Thomson Premium,  TLC  Thomson International.      Thomson Premium:   50 lb. mesh sack -No UPC    TLC Thomson International;  40 lb. Carton - No UPC | Red onions;  Packed under brand names of Thomson Premium, Onions 52, Utah Onions,"
,maker_linked,False,FDA,86177,2020-09-09,"Taylor Farms Texas, Inc.","Dallas, TX",Walmart,Marketside,,"Taylor Farms Foodservice Tomato, Pico De Gallo Pack Size 1/5#; Taylor Farms Foodservice Tomato, Pico De Gallo Tray Pack Size 2/5#; Taylor Farms Foodservice Whataburger Tomato, Pico De Gallo Pack Size 2/3.5# | Taylor Farms Foodservice Onion, Creole Mix Pack Size 2/5# | Taylor Farms Foodservice Pepper Fajita Mix (Pepper Green /Pepper Red/Onion Yellow) 3/8"" Pack Size 4/5#; Taylor Farms Foodservice Pepper Blend 25% Green, 15% Red, 60% Onion Yellow Pack Size 2/5 #; Taylor Farms Foodservice Pepper Red & Green Blend & Onion Yellow Fajita Cut 3/8""  Pack Size 10/2 #; Marketside Fajita Mix 6/8 oz. | Taylor Farms Foodservice Onion Yellow Dice 1/8"" Pack Size 4/5#; Taylor Farms Foodservice Onion Yellow Dice 1/4"" Pack Size 4/5#; Taylor Farms Foodservice Onion Yellow Slice 1/4"" Pack Size 4/5#; Taylor Farms Foodservice Onion Yellow Dice 1/4"" Pack Size 2/5#;  Taylor Farms Foodservice Onion Yellow Dice 3/8"" Pack Size 4/5#; Taylor Farms Foodservice Onion Yellow Dice 3/8"" Pack Size 1/5#; Taylor Farms Foodservice Onion Yellow Dice 1/8"" Pack Size 4/5#; Taylor Farms Foodservice Onion Yellow Slice 1/4"" Pack Size 1/5#; Taylor Farms Foodservice Onion Yellow Slice 1/8"" Pack Size 10/2#; Taylor Farms Foodservice Onion Yellow Ring 1/4"" Pack Size 4/5#;  Taylor Farms Foodservice Onion Yellow Slab 1/4"" Pack Size 4/5#; Taylor Farms Foodservice Onion Yellow Dice 1/8"" Pack Size 4/7#; Taylor Farms Foodservice Onion Yellow Slice 1/4"" Pack Size 12/2#; Marketside Diced Yellow Onion 6/8 oz; | Taylor Farms Foodservic"
,maker_linked,False,FDA,86281,2020-09-16,"The Superior Nut Company, Inc.","Cambridge, MA",Aldi,Southern Grove,,"SOUTHERN GROVE; MIXED NUTS; LESS THAN 50% PEANUTS; PEANUTS, ALMONDS, CASHEWS, HAZELNUTS, & PECANS; with Sea Salt; NET WT 14.75 OZ (418g); INGREDIENTS: PEANUTS, ALMONDS, CASHEWS, HAZELNUTS(FILBERTS), PECANS, PEANUT AND/OR COTTONSEED OIL, SEA SALT; CONTAINS: PEANUTS, TREE NUTS (ALMONDS, CASHEWS, HAZELNUTS(FILBERSTS), PECANS).; MAY CONTAIN: OTHER TREE NUTS, MILK, WHEAT, SOY"
,maker_linked,False,FDA,86353,2020-09-16,Preferred Popcorn,"Chapman, NE",Trader Joe's,Trader Joe's;Trader Joes,,"Organic Yellow Popcorn packaged in the following ways:    1) Great Northern Organic Popcorn, Net Wt. 5 Pounds (2.26 Kilograms), UPC 6 10708 14709 1;    2) Hometown Food Company, Organic Butterfly Popcorn, 2200 LBS, Preferred Popcorn LLC Chapman, NE;    3) Lesser Evil, Organic Yellow Butterfly Popcorn, 2185 LBS Preferred Popcorn LLC Chapman, NE;    4) Medium Organic Yellow Popcorn, 25 LB (11.34 Kg) Preferred Popcorn LLC;     5) Medium Organic Yellow Popcorn, 50 LB (22.68 Kg) Preferred Popcorn LLC;    6) Shearer's, Organic Yellow Butterfly Popcorn, 2200 LBS,  Preferred Popcorn LLC Chapman, NE;    7) Specialty Food Group, Organic Yellow Butterfly Popcorn, 2200 LBS,  Preferred Popcorn LLC Chapman, NE;    8) Trader Joes Organic Popping Corn, Net Wt. 28 OZ (1 lb 12 oz) 794 g, Dist. & Sold Exclusively by Trader Joe's Monrovia, CA UPC 0094 5288    9) Troystar Packaging, Inc. Organic Butterfly Popcorn, 2000 LBS,  Preferred Popcorn LLC Chapman, NE;    10) Whole Alternatives, Organic Butterfly Popcorn, 2000 LBS,  Preferred Popcorn LLC Chapman, NE;    11) Preferred Popcorn Organic Yellow Popcorn, Net Wt. 28oz / 794 g, Preferred Popcorn, LLC, Chapman, NE, UPC 7 64256 44035 4    12) Preferred Popcorn Organic Butterfly Popcorn, Net Wt. 50 lbs (22.68 kg), Preferred Popcorn, LLC, Chapman, NE, UPC 7 64256 30002 3"
,maker_linked,False,FDA,86344,2020-09-16,Treehouse Foods,"Oak Brook, IL",Albertsons,Signature Select,,"Signature Select Chewy Granola Bars, Chocolate Chip, Family Pack, 18 bars, UPC 021130-283637.  18-0.84 oz. Net Wt 15.2 oz (432g)  Distributed By Better Living Brands LLC PO Box 99, Pleasanton, CA  94566-0009,"
,maker_linked,False,FDA,86284,2020-09-23,Wawona Packing Co LLC dba Prima Wawona,"Fresno, CA",Kroger;Walmart;Wegmans,Kroger;Marketside;Wegmans,,"Fresh peaches - sold loose/bulk and   Bagged fresh peaches, 2 lbs. plastic pouch under brand names of:  Wawona- UPC 033383322001  Wawona Organic- UPC 849315000400   Prima - UPC 766342325903,   Walmart Organic Marketside - UPC 766342325903,   Kroger - UPC 011110181749,  Wegmans - UPC 077890490488    5-11 pieces per bag, 10-15 bags per case;  Product of the USA, CA Grown"
,maker_linked,False,FDA,86397,2020-09-30,Gilster-Mary Lee Corp.,"Chester, IL",Ahold Delhaize;Sprouts,Nature's Promise;Sprouts Farmers Market,,"Microwave popcorn packaged in the following ways:    1) Full Circle Organic Microwave Popcorn Salted, 3-2.9 oz (82 g) bags, Net Wt. 8.7 oz (247 g), Distributed by Topco Associates LLC, Elk Grove Villiage, IL, UPC 36800-40611    2) Sprouts Farmers Market, Organic Salted Microwave Popcorn, 3-2.9 oz (82 g) bags, Net Wt. 8.7 oz (247 g), Manufactured Exclusively For Sprouts Farmers Market Phoenix AZ UPC 46670-31918    3) Life Smart Organic Microwave Popping Corn Original, 3 bags x 82 g 246 g,  Imported For Metro Brands Montreal Quebec, UPC 59749-97320;    4) Nature's Promise, Organic Microwave Popcorn Slightly Salted, 3-2.9 oz (82 g) bags, Net Wt. 8.7 oz (247 g), Distributed by Foodhold USA, LLC Landover, MD UPC 88267-05575 | Light microwave popcorn packaged in the following ways:    1) Full Circle Organic Microwave Popcorn Light Butter, 3-2.9 oz (82 g) bags, Net Wt. 8.7 oz (247 g), Distributed by Topco Associates LLC, Elk Grove Villiage, IL, UPC 36800-40610    2) Nature's Promise, Microwave Popcorn Butter Flavor, 3-2.9 oz (82 g) bags, Net Wt. 8.7 oz (247 g), Distributed by Foodhold USA, LLC Landover, MD UPC 88267-05576 | Lightly salted microwave popcorn packaged in the following ways:    1) Cadia Organic Lightly Salted Popcorn, Net Wt. 9.9 oz (281 g) 3-3.3 oz (94 g) bags, KeHDistributors LLC, Naperville, IL, UPC 15369-01288    2) Lidl, Naturally Flavored Butter Microwave Popcorn, 3-3.3 oz (94g) bags, Net Wt 9.9 oz (218 g), Distributed by LIDL US, LLC Arlington, VA UPC 40351-57962"
,maker_linked,False,FDA,86198,2020-09-30,Freshouse Produce,"Salisbury, NC",Wegmans,Wegmans,,"Wegmans Valencia Oranges, 4lb mesh bag, UPC 77890 52363 | Fresh from the Start Red B Potatoes, 3lb mesh bag, UPC 33383 51003 | Freshouse Limes, 2lb mesh bag, UPC 33383 14683 & Nature Promise Organic Limes, 1lb mesh bag, UPC 88267 53813 | Lemons, 2lb mesh bag sold under the brand names of Fresh from the Start, UPC 33383 14020 & Wegmans, UPC 77890 15917"
,maker_linked,False,FDA,86463,2020-09-30,Renaissance Food Group LLC,"Houston, TX",Trader Joe's,Trader Joe's,,Trader Joe's Southwest Style Sweet Potato Saut¿ Bowl NET WT. 21.05oz (1 LB 5.5 OZ) 610g UPC 00661126 packaged in a clear plastic bowl with lid
,maker_linked,False,FDA,86354,2020-10-07,EAGLE FAMILY FOODS GROUP LLC,"Cleveland, OH",Ahold Delhaize;Whole Foods,365 Everyday Value;Nature's Promise;Whole Foods Market,,"365 Whole Foods Market Organic Reduced fat &Sodium Popcorn, 6 oz. bag, UPC 099482435349, 10 retail units per wholesale case | 365 Everyday Value Organic Classic Salted Popcorn, 6 oz. bag, UPC 099482435332, 10 retail units per wholesale case | Nice! Organic White Cheddar Popcorn, 4.5 oz. bag, UPC 049022024946, 12 retail units per wholesale case | Cretors Organic Extra Virgin Olive Oil Popcorn, 4.4 oz. bag, UPC 732494001170, 12 retail units per wholesale case | 365 Whole Foods Market Organic White Cheddar Popcorn, 4 oz. bag, UPC 099482428747, 16 retail units per wholesale case | Nature's Promise Organic Lightly Salted Popcorn, 6 oz. bag, UPC 688267142611, 9 retail units per wholesale case"
,maker_linked,False,FDA,86365,2020-10-07,Shearer'S Snacks,"Massillon, OH",Target,Good & Gather,,"Good & Gather Organic Kettle Corn, 7oz pkgs, film bags, 12 individual items per case."
,maker_linked,False,FDA,86490,2020-10-14,TAMPA BAY FISHERIES INC,"Dover, FL",H-E-B,Meal Simple,,"Meal Simple Taco Seasoned Salmon Over Fire Roasted Vegetables and Grains, Net WT. 10.8 oz (306g),   Use By Date of 2020-9-24."
,maker_linked,False,FDA,86517,2020-10-21,J .R. Simplot Company,"Moses Lake, WA",Trader Joe's,Trader Joe's,,"TRADER JOE S TRADER POTATO TOTS is frozen potatoes, SKU # 94904, retail bag has net wt. 2 lbs. Product is packaged in plastic bag.     TRADER JOE S TRADER POTATO TOTS, master case is labeled as 0094 9040, frozen potatoes.  There are 18/2 lbs. bags per case.    The retail label is read in parts: ""***SKU# 94904 *** TRADER JOE'S TRADER JOE POTATO TOTS ***KEEP FROZEN *** DIST. & SOLD EXCLUSIVELY BY: TRADER JOE'S MONROVIA, CA***""."
,maker_linked,False,FDA,86541,2020-10-21,Seneca Foods Corporation,"Janesville, WI",Aldi,Clancy's,,"Cinnamon Apple Crisps packaged under the following Brands and sizes:    1.  Seneca, 2.5 ounce, UPC 0 18195-70100 8;     2.  Clancy's 2.5 ounce, UPC 41498-27266.  3.  Seneca, 0.7 ounce, UPC 0 18195-70140 4  4.  Seneca 20 lb. 1"" dices, product code 10134"
,maker_linked,False,FDA,86549,2020-10-28,"Desert Premium Group, LLC","Albuquerque, NM",Trader Joe's,Trader Joe's,,"Trader Joe's Hatch Valley Salsa, 12 oz. jars packed into trays of 12 and shrink-wrapped, UPC: 0053 6806, Dist. & Sold Exclusively By: Trader Joe's, Monrovia, CA 91016"
,maker_linked,False,FDA,86523,2020-10-28,"Taylor Farms Tennessee, Inc.","Smyrna, TN",Walmart,Marketside,,Marketside brand Cranberry Walnut Salad in 4.5 oz. plastic bowl with poly film lidding (6 bowls per case).   UPC: 583243601
,maker_linked,False,FDA,86592,2020-10-28,Red Monkey Foods Inc,"Springfield, MO",Walmart,Great Value,,"Dried Parsley packaged in the following ways:    1) World Market, Organic Parsley NET WT. 0.3 OZ (8.5 g), Distributed by Cost Plus, Inc., Alameda, CA UPC 2533 3251;  2) Organics, Organic Parsley, NET WT. 0.3 OZ (8.5 g), Distributed by Lucerne Foods, Inc., Pleasanton, CA UPC 0 79893 41109 5  3) Clearly Organic Best Choice, Organic Parsley, NET WT. .3 OZ (8.5 g), Distributed by Associate Wholesale Grocers, Kansas City, KS, UPC 0 70038 64042 4;  4) Organic Great Value, Parsley Flakes, NET WT. 0.3 OZ (8.5 g), Distributed by Wal-Mart Stores, Bentonville, AR, UPC 0 78742 15460 2;  5) Full Circle Market, Organic Parsley, NET WT. 0.3 OZ (8.5 g), Distributed by Topco Associates LLC, Elk Grove Village, IL UPC 0 36800 32831 0; | Herbes de Provence packaged in the following ways:    1) World Market, Organic Herbs De Provence, Net Wt. 0.6 OZ (17 g), Distributed by Cost Plus, Inc., Alameda, CA UPC 2533 3107;  2) Organics, Herbs De Provence, Net Wt. 0.65 OZ (18 g), Distributed by Lucerne Foods, Inc., Pleasanton, CA UPC 0 79893 41131 6  3) Organic Great Value, Herbs De Provence, Net Wt. 0.6 OZ (17 g),  Distributed by Wal-Mart Stores, Bentonville, AR, UPC 0 78742 15451 0;"
,maker_linked,False,FDA,86566,2020-10-28,"Bumble Bee Foods, LLC","Santa Fe Springs, CA",Costco,Kirkland Signature,,"Solid White Albacore Tuna in Water;    Sold under brand names of Bumble Bee and Kirkland Signature:    Bumble Bee  NET WT 8-7 oz. (198g) Total 56 oz. (3 lbs 8 oz) 1.59 kg);  DR WT 8-5.2 oz. (144g_ total 40..8 oz (2 lb 9 oz) (1.15 kg);  For Case UPC 86600-23061,  the 8 Pack film UPC is 8660023061, can label UPC is 86600-23059    Kirkland Signature  NET WT 8-7 oz. (198g) Total 56 oz. (3 lbs 8 oz) 1.59 kg);  DR WT 8-5,4 oz (153g) Total 43.2 oz. (2.7 lbs.) (1.22 kg);  For Case UPC 9661933523, the 8-Pack film label UPC is UPC 96619-33523, can label UPC is 96619-97781"
,maker_linked,False,FDA,86651,2020-11-18,Dole Fresh Vegetables Inc,"Monterey, CA",Aldi;Kroger,Kroger;Little Salad Bar,,"Aldi Little Salad Bar Classis Coleslaw (Green cabbage and carrots), 14 oz. plastic bag  UPC:0-414498-30217-7     Kroger brand Coleslaw (Green cabbage and carrots)  16 oz. plastic bag  UPC: 0-11110-91040-0"
,maker_linked,False,FDA,86732,2020-11-25,"Mayer Brothers Apple Products, Inc.","West Seneca, NY",Ahold Delhaize,Giant,,"1. Giant brand "" Premium Apple Cider*** 64 fl. oz. (Half Gal) 1.89L***Distributed by Foodhold USA LLC, Landover, MD 20785""    2. ""Nature's Nectar 100% Fresh Apple Cider***128 fl. oz.***Distributed by Aldi, Inc. Batavia, IL 60510""     3. Open Acres Honeycrisp Apple Cider, 128 fl. oz    4. Mayer Bros. Apple Cider, 128 fl. oz."
,maker_linked,False,FDA,86654,2020-11-25,Orca Bay Foods LLC,"Seattle, WA",Trader Joe's,Trader Joe's,,"Trader Joe's brand Gluten Free Battered Halibut, SKU 00503822. Product of USA. Frozen product is packed in plastic bag and sold in retail carton box (10 oz. box).  Each master case contains 20/10 oz. boxes.    RETAIL BOX'S label is read in parts: '***TRADER JOE'S BATTERED HALIBUT GLUTEN FREE ***INGREDIENTS: HALIBUT, WATER, YELLOW CORN FLOUR, MODIFIED CORN STARCH, RICE FLOUR, SALT, ONION POWDER, GARLIC POWDER, LEAVENING (SODIUM BECARNONATE, SODIUM ACID PYROPHOSPHATE), XANTHAN GYUM,, GUAR GUM, CANOLA OIL*** CONTAINS HALIBUT *** WILD CAUGHT PRODUCT OF USA ***KEEP FROZEN***00503822"".    MASTER CASE label is correctly declared as """"***Trader Joe's Lightly Battered Halibut ***ALLERGENS: HALIBUT (FISH), WHEAT, MILK***SKU 00269803***""."
,maker_linked,False,FDA,86818,2020-12-09,Dole Fresh Vegetables Inc,"Monterey, CA",UNFI/SuperValu,Wild Harvest,,"Dole"" Organic Romaine Hearts 3pk Organic Biologique)  (UPC 0-71430-90061-1),   Wild Harvest Organic Romaine Hearts, Net Wt 12 oz.  (UPC 7-11535-50201-2),"
,maker_linked,False,FDA,86815,2020-12-16,"Riverside Natural Foods, Ltd.","Concord, N/A",Target,Good & Gather,,"Good & Gather Banana Chocolate Chip Date & Nut Bars, UPC 0 85239-04216 8.  5-1.6 oz (45g) Bars.  Net Wt. 8oz (225g).  DIST BY:  Target Corporation, Minneapolis, MN  55403."
,maker_linked,False,FDA,86882,2020-12-16,Pacific Coast Producers,"Lodi, CA",Albertsons;Kroger;Sam's Club;UNFI/SuperValu;Walmart,Essential Everyday;Great Value;Kroger;Member's Mark;Members Mark;Signature Select,,"Tomato Paste in a 6 oz.(170g) metal can    Cases size varies - 12, 24 or 28 count.    Packaged under brand names of:  Happy Harvest, Kroger, Signature Select, Food Club, Members Mark, Great Value, Essential Everyday, Summer is Inside, Harmons, Pastene, Avenue A. | Italian Style Tomato Paste in a 6 oz. (170g) metal can    Cases size varies - 12, 24 or 28 count.    Packaged under brand names of:  Kroger, Signature Select, Harris Teeter, Food Club, Essential Everyday, Raleys, Fareway."
,maker_linked,False,FDA,86835,2020-12-30,"Shenandoah Growers, Inc.","Rockingham, VA",Albertsons;Kroger;Target;UNFI/SuperValu,Good & Gather;O Organics;Simple Truth;Wild Harvest,,"Organic fresh cut basil packaged in plastic clamshell containers    The Fresh Market Organic Basil NET WT 0.5oz (14g), UPC:7-37094-23027-2  Good & Gather organic basil NET WT 0.5oz (14.17g), UPC:0-85239-12215-0  Naturally Better Organic Fresh Cut Basil 0.5oz (14g), UPC:6-07880-20230-4  Naturally Better Organic Fresh Cut Basil 0.5oz (14g) UPC: 6-07880-20230-4  Naturally Better Organic Fresh Cut Basil 0.5oz (14g), UPC:6-07880-20230-4  Nature Promise Organic Basil NET WT 4 OZ (113g), UPC:6-88267-16220-6  Nature Promise Organic Basil	NET WT 2.5 OZ, UPC: 6-882675-4893-2  Nature Promise Organic Basil NET WT 0.5 OZ, UPC:6-88267-19910-3  Nature Promise Organic Basil NET WT 0.5 OZ, UPC: 6-88267-19910-3  O Organics organic Basil NET WT 0.66oz (18.7g), UPC:0-79893-98072-0  O Organics organic Basil NET WT 	4.0oz (113 g), UPC:0-79893-98081-2  Simple Truth Organic Basil NET WT 3 OZ(85g), UPC:0-11110-00876-3  Simple Truth Organic Basil NET WT3 OZ (85g), UPC:0-11110-00876-3  That s Tasty Basil NET WT 3.0oz (85g), UPC:7-68573-53001-9  That s Tasty Basil NET WT 2.0oz (56.7g), UPC:7-68573-51510-8  That s Tasty Basil NET WT 3.0oz (85g ), UPC:7-68573-53001-9  Wild Harvest Organic Fresh Basil NET WT 0.25 OZ (7g), UPC:7-11535-50450-4  Wild Harvest Organic Fresh Basil NET WT 4.0 OZ (113g), UPC:7-11535-50323-1  Wild Harvest Organic Fresh Basil NET WT 2.0OZ	(57g), UPC: 7-11535-50762-8"
,maker_linked,False,FDA,87003,2021-01-06,TESOROS TRADING CO.,"Las Vegas, NV",Trader Joe's,Trader Joe's,,"Trader Joe's Lightly Salted Edamame:  Fully Cooked Soybeans in Pod.  Keep Frozen    NET WT 16 oz. (1 lb.) 454 g  UPC:  0051 0639    Ingredients: Edamame (soybeans), salt    Heating: microwave (1200 watt); Microwave cook times may vary depending on oven wattage. Open and pour into a microwave safe dish; heat 3-4 minutes at 50% power and serve.    Distributed by Trader Joe's, Monrovia, CA  Product of Thailand"
,maker_linked,False,FDA,87190,2021-02-03,EMILIA FOODS SRL,Modena,Target,Good & Gather,,"Good & Gather Four Cheese Gnocchi, Net Wt. 16 oz. (454g), Keep Frozen.  Needs to be Fully Cooked.   UPC 0 85239-10366 1  Product of Italy.  Dist by Target Corporation, Minneapolis, MN  55403"
,maker_linked,False,FDA,87227,2021-02-10,Goodman Food Products Texas Inc,"Mansfield, TX",Albertsons,O Organics,,"O Organics Plant Based Mushroom and Veggie Organic Burger Patties, 10 oz Package of 4/ 2.5oz patties packaged in cardboard box"
,maker_linked,False,FDA,87272,2021-02-17,Ocean Beauty Seafoods LLC,"Seattle, WA",Publix,Publix,,"The RETAIL package is black cardboard box and product is described as: Publix Parmesan-Crusted Wild Alaskan Salmon Fillets, Frozen, net wt. 12 oz. Each retail box has 2 individually vacuum-packaged portions of 5oz salmon with 1oz of glaze of soy sauce for each portion. The salmon and glaze are both in a vacuum-packed twin saddle clear pack. Product of USA. Distributed by Publix Super Markets, Inc. Lakeland, FL. UPC  41415 30245 7.     The MASTER case (at warehouse and retail store level) is described as: 92020058 Chum Flt Teriyaki Fz PBX 10x12 oz., Product of USA, Publix # 4522564, UPC (01) 1 0041415 20345 4."
,maker_linked,False,FDA,87270,2021-02-24,Treehouse Foods,"Oak Brook, IL",Amazon,Happy Belly,,Happy Belly Mayo Light Mayonnaise  30 FL OZ Plastic Jar Item B08B6T9RC6
,maker_linked,False,FDA,87294,2021-03-10,"Shenandoah Growers, Inc.","Rockingham, VA",Kroger,Simple Truth,,"Organic fresh cut basil packaged in plastic clamshell containers. Shenandoah Growers by Thats Tasty, 0.75 oz UPC: 7-68573-00101-4 Shenandoah Growers by Thats Tasty, 2.0 oz UPC: 7-68573-02143-2 Shenandoah Growers by Thats Tasty	4.0 oz UPC: 7-68573-00141-0 Shenandoah Growers by Thats Tasty 0.75 oz UPC: 7-68573-00101-4 Shenandoah Growers by Thats Tasty 4 oz	 Shenandoah Growers by Thats Tasty 1 lb.	 Thats Tasty (Pasta Blend) 0.5 oz	UPC: 7-68573-52008-9 Thats Tasty 0.5 oz	UPC: 7-68573-50502-4 Thats Tasty 3.0 oz	UPC: 7-68573-53001-9 Thats Tasty 0.25 oz UPC: 7-68573-02515-7 Simple Truth 3.0 oz	UPC: 0-11110-00876-3"
,maker_linked,False,FDA,87494,2021-03-24,Flying Food Group LLC,"Newark, NJ",Amazon,Amazon Kitchen,,"Amazon Kitchen, Avocado Chicken Salad Sandwich, Net Wt. 8.1 oz., Cello wrap with cardboard liner,  1 unit per package,  Perishable Keep Refrigerated"
,maker_linked,False,FDA,87560,2021-04-14,"Schlotterbeck & Foss, LLC","Westbrook, ME",Ahold Delhaize,Taste of Inspirations,,Taste of Inspirations Garlic Parmesan Wing Sauce
,maker_linked,False,FDA,87716,2021-04-28,Snak King Corporation,"City Of Industry, CA",Trader Joe's,Trader Joe's,,Trader Joe's Restaurant Style White Corn Tortilla Chips; Net Wt. 9 oz. (255g)
,maker_linked,False,FDA,87728,2021-04-28,"Reser's Fine Foods, Inc.","Beaverton, OR",Walmart,Freshness Guaranteed,,"Freshness Guaranteed Macaroni Salad Amish, item # 579284, refrigerated, packaged in a clear cup with clear snap on lid, net wt. 32 oz. UPC 0 78742 13235 8. Each master case containing 6/32 oz. packages. Distributed by: Walmart Inc, Bentonville, AR.     The CORRECT label is read in parts: ""***FRESHNESS GUARANTEED MACACONI SALAD Amish *** INGREDIENTS: COOKED ENRICHED MACARONI (SEMOLINA, EGG WHITES ***), HARD COOKED EGG***CONTAINS EGGS AND WHEAT***"".      The INCORRECT bottom label is read parts: ""***INGREDIENTS: BEANS***RED PEPPER POWDER***"".      The INCORRECT bottom label is read parts: ""***INGREDIENTS: RED POTATOES, MAYONNAISE (***EGG YOLK***)*** CONTAINS EGGS ***""."
,maker_linked,False,FDA,87589,2021-04-28,Avanti Frozen Foods Private Limited,"Gopalapuram, N/A",Whole Foods,Whole Foods Market,,365 Whole Foods Market Farm Raised Cooked Shrimp 2 lbs/Ready- to - Serve Tail-On/Peeled & Deveined/41-55 Shrimp/lb NET WT 32 OZ (2 LB) 907g packaged in clear plastic bag
,maker_linked,False,FDA,87681,2021-05-05,"Twin City Foods, Inc.","Stanwood, WA",Albertsons,Signature Select,,"Signature Select Golden Corn Sweet, frozen, packed in poly film bags. 12/16 oz. packages per case. UPC 2113009152.  Signature Select Golden Corn Sweet, frozen, packed in poly film bags, 12/32 oz. packages per case. UPC 2113009021.  Product of USA. Products is DISTRIBUTED BY BETTER LIVING BRANDS LLC P.O. BOX 99  PLEASANTON, CA  94566-009"
,maker_linked,False,FDA,87747,2021-05-26,Faribault Foods,"Tucson, AZ",Albertsons,O Organics,,"O Organics Organic Black Beans, 15 oz. can, UPC 0-79893-40610-7 Distributed by Lucerne Foods, Inc. P.O. Box 99, Pleasanton, CA 94566-0009, 1-800-232-4271 | S&W Organic Black Beans, 15 oz. can, Distributed by: Faribault Foods, 3401 Park Ave NW, Faribault, MN 55021. | O Organics Organic Chili Beans, 15 oz. can, UPC 0-79893- 40617-6 Distributed by Lucerne Foods, Inc. P.O. Box 99, Pleasanton, CA 94566-0009, 1-800-232-4271"
,maker_linked,False,FDA,87801,2021-05-26,Basic Grain Products Inc,"Coldwater, OH",Ahold Delhaize;Kroger,Kroger;Stop & Shop,,Caramel Rice Cakes  6.56oz (186g) 12 units per case  14 rice cakes per packaging   Brands: Kroger Brand and Stop & Shop Brand
,maker_linked,False,FDA,88003,2021-06-16,"Faribault Foods, Inc.","Faribault, MN",Whole Foods,Whole Foods Market,,"Whole Foods Market Organic Dark Red Kidney Beans, Net Wt 15.5 oz. (439g)  UPC 99482-45272.  Distributed by:  Whole Foods Market, Austin, TX  78703"
,maker_linked,False,FDA,87902,2021-06-16,Arizona Nutritional Supplements,"Chandler, AZ",Whole Foods,365 Everyday Value;Whole Foods Market,,"365 Everyday Value Whey Protein Powder Natural Vanilla Flavor, Net Wt. 13.9 oz. canisters, UPC 9948228764, Whole Foods Market 550 Bowie Street Austin, TX 78703. Store in a cool, dry place."
,maker_linked,False,FDA,88078,2021-06-30,John B. Sanfilippo & Son Inc.,"Elgin, IL",Target,Favorite Day;Good & Gather,,"favorite day peanut butter monster Trail Mix, Product Number 04316.  Peanuts, peanut butter chips, raisins, M&M'S peanut butter chocolate candies, peanut butter pretzel balls,  and mini peanut butter cups.   Net Wt 14 oz. (396g), UPC 85239-15684 | favorite day peanut butter chocolate Trail Mix, Product Number 04315.  Peanut butter cups, Milk Chocolate-covered cereal squares, peanuts, chocolate chips and Peanut Butter Chips.   Net Wt 8 oz. (226g), UPC 85239-15683 | favorite day caramel cashew Trail Mix, Product Number 04312.  Milk Chocolate caramel balls, cashews, M&M'S milk chocolate candies and Peanuts.   Net Wt 14 oz. (396g), UPC 85239-15671 | favorite day monster Trail Mix, Product Number 04313.  Peanuts, M&M'S Milk Chocolate candies, raisins, milk chocolate chips and Peanut Butter Chips.   Net Wt 14 oz. (396g), UPC 85239-15675 | Good & Gather Sweet Cajun Trail Mix, Product Number 04659.  with Butter Toffee Peanuts, Spicy Seasoned Peanuts, Cajun Sesame Sticks, Roasted Salted Corn Kernels & Honey Roasted Sesame Sticks.   Net Wt 11 oz. (311g), UPC 85239-15700"
,maker_linked,False,FDA,88186,2021-07-21,Bazzini LLC,"Allentown, PA",Trader Joe's,Trader Joe's;Trader Joes,,"Trader Joes Dark Chocolate Almond Butter Cup, 1.4 oz. (2-20-gram cups per pack), PVC Pouch, 72 packs per case; 2 cups per pack ."
,maker_linked,False,FDA,88263,2021-07-28,Bountiful Trading Inc,"New York, NY",Kroger,Kroger,,"Kroger brand, Vitamin D3 125 mcg softgels, 100 count, Green HDPE packaging"
,maker_linked,False,FDA,88305,2021-08-11,GIVE AND GO PREPARED FOODS (USA),"Shirley, NY",Walmart,Freshness Guaranteed;Great Value;Marketside,,"7 Eleven Selects Chocolate Chip 3pack Mini Muffins - 2.6 oz., 16 units per tray, 6 trays per case; UPC: 0 52548-62095 0 | Uncle Wally's Twin Muffins - Blueberry - 3.75oz; UPC: 759313-89104 0 | Freshness Guaranteed Blueberry Streusel/Strawberry Streusel Mini Muffins - 12 oz., 10 per case; UPC: 078742-32200 1 | The Worthy Crumb Assorted Large Muffins - Double Chocolate - 3.6oz; UPC: 7 70981-49135 6 | Freshness Guaranteed Blueberry Streusel Mini Muffins - 12oz, 10 per case; UPC: 078742-08937 9 | Great Value Chocolate Chip Brownie Snack Cup - 12 oz., 8 per case; UPC: 078742-33099 0 | The Worthy Crumb Assorted Large Muffins - Banana Nut - 3.6oz; UPC: 7 70981-49137-0 | Marketside Triple Chocolate Muffins - 14 oz, 9 per case; UPC: 681131-40073 2 | Marketside Strawberry & Creme Muffins - 14oz, 8 per case; UPC: 681131-41133 2 | 7 Eleven Selects Banana Nut 3pack Mini Muffins - 2.6 oz. / 16 units per tray / 6 trays per case; UPC: 0 52548-67883 8 | Stop n Shop 12ct Mini Corn Muffins - 12 oz.; UPC: 216053 003992 | Freshness Guaranteed Party Cake Mini Muffins - 12 oz., 10 per case; UPC: 078742-36778 1 | Uncle Wally's Twin Muffins - Chocolate Chip - 3.75oz; UPC: 759313-04104 9 | The Worthy Crumb Assorted Large Muffins - Blueberry Streusel - 3.6oz; UPC: 7 70981-49136 3 | The Worthy Crumb Oreo 3pack Mini Muffins - 2.6oz, UPC: 7 70981-16726 8 | Great Value Blueberry Snack Muffins - 12oz, 8 per case; UPC: 078742-20120 7 | Stop n Shop 12ct Mini Muffin Blueberry Streusel - 12 oz.; UPC: 216055 003"
,maker_linked,False,FDA,88330,2021-08-11,"Grimmway Enterprises, Inc. dba Grimmway Farms","Arvin, CA",Albertsons;Kroger;Publix;Target;Wakefern/ShopRite;Wegmans,Good and Gather;GreenWise;Kroger;O Organics;Wegmans;Wholesome Pantry,,"Organic Baby Rainbow Carrots   Brand name: O Organics  12 oz.  (340 g) plastic bag  UPC: 0 7989398162 8    12 oz. bag - Wegmans. Did not reach retail. Destroyed at DC's  12 oz. bag - GreenWise. Dis not reach retail, Destroyed at DC's | Shredded  Carrots   Brand name: Grimmway Farms  10 oz.  (284g) plastic bag  UPC: 0 7878350610 1    10 oz. plastic bags - Kroger - did not reach retail. Destroyed at DC's  10 oz. plastic bags - LIDL - Did not reach retail. Destroyed at DC's    5 lb. bags - Food Service - Brand Names - Grimmway Farms, Markon, Cross Valley    Also sold to bulk customers: 500 lb. bags | Organic Baby Peeled Carrots 12/12oz Steam-to-Serve | Organic Petite Carrots  Brand name:  Cal-Organic,   12 oz. (340g) plastic bag  UPC: 0 7878390810 3    Organic Premium Petite Carrots;  Brand name: Bunny Luv  3 lb.  (1.36kg) bag;  UPC: 0 7878351301 7  12 oz. plastic Bag -whole Foods 365 brand    12 oz. plastic bag - Whole Foods 365 brand - did not reach retail, destroyed at DC. | Organic Peeled Baby-Cut Carrots   Brand name: O Organics  1 lb. (454 g) plastic bag  UPC: 0 7989340850 7    12 oz. packages - O Organics.  Did not reach retail. Destroyed at DC's  12 oz. packages - Bunny Luv - Did not reach retail. Destroyed at DC's  12 oz. packages - HEB - Did not reach retail. Destroyed at DC's  12 oz. and 1 lb. packages - Market Basket. Did not reach retail. Destroyed at DC's  12 oz. and 1 lb. packages - Greenwise. Did not reach retail, Destroyed at DC's  1 lb.  packages- Purely Made -"
,maker_linked,False,FDA,88192,2021-08-11,Avanti Frozen Foods,East Godavari,Ahold Delhaize;Albertsons;Meijer,Hannaford;Meijer;Waterfront Bistro,,"Cooked, Peeled and Deveined, Tail-on, Shrimp.   CENSEA, Frozen Cooked, peeled and deveined, Tail Off Shrimps IQF	2 LB	Printed Polythene Pouch	  CHICKEN OF THE SEA, Frozen Cooked, peeled and deveined, Tail On Shrimps IQF with Cocktail Sauce	16oz	Printed Polythene Trays	  HONEST CATCH, Frozen Cooked, peeled and deveined, Tail On Shrimps IQF	1 LB	Printed Polythene Pouch	  CWNO , Frozen Cooked, peeled and deveined, Tail On Shrimps IQF	7 LB	Printed Polythene   HANNAFORD, Frozen Cooked, peeled and deveined, Tail On Shrimps IQF	1 LB	Printed Polythene Pouch	AVF   WATERFRONT BISTRO, Frozen Cooked, peeled and deveined, Tail On Shrimps IQF with Cocktail Sauce	16oz	Printed Polythene Trays	  OPEN ACRES, Frozen Cooked, peeled and deveined, Tail On Shrimps IQF	1 LB	Printed Polythene Pouch	  365, Frozen Cooked, peeled and deveined, Tail On Shrimps IQF	2 LB	Printed Polythene Pouch  MEUER, Frozen Cooked, peeled and deveined, Tail On Shrimps IQF	1 LB	Printed Polythene Pouch  AHOLD, Frozen Cooked, peeled and deveined, Tail On Shrimps IQF	2 LB	Printed Polythene Pouch  BIG RIVER, Frozen Cooked Peeled and Deveined Tail Off Shrimps IQF	2 LB	10/02/2022, 10/03/2022, 10/05/2022 		 365, Frozen Cooked Peeled and Deveined Tail On Shrimps IQF	2 LB	04/18/2022, 04/19/2022, 06/28/2022, 06/30/2022 		 AHOLD, Frozen Cooked Peeled and Deveined Tail On Shrimps IQF	1 LB	10/21/2022, 10/22/2022, 12/03/2022, 12/04/2022, 12/17/2022, 12/18/2022 		 AHOLD, Frozen Cooked Peeled and Deveined Tail On Shrimps IQF	2 LB	10/19/2"
,maker_linked,False,FDA,88465,2021-09-01,"Taylor Farms Retail, Inc.","Salinas, CA",Wegmans,Wegmans,,"Wegmans Sunflower Crunch Chopped Salad Kit: Includes Green Cabbage, Green Leaf Lettuce, Sunflower Seeds, Red Cabbage, Carrot, Kale, Uncured Bacon, Green Onion with Wegmans Organic Coleslaw dressing. Washed and ready to eat.  Salad and toppings: Net Wt 10.1 oz. (286 g) Dressing: Net 2.58 Fl Oz. (76 mL) Total Net Wt 12.6 oz. (357 g) UPC: 0 77890 50238 9.    Distributed by Wegmans Markets Inc., Rochester, NY 14603  Allergens: Contains Eggs"
,maker_linked,False,FDA,88495,2021-09-08,Mai Cuisine,"San Francisco, CA",Whole Foods,Whole Foods Market,,August Box of the Month NCA  UPC: 84003140261  Products were sold from Genji Sushi counters inside Whole Foods Market stores | 12pc Shrimp Tempura Kabuki Roll WR   UPC: 8 4003140626 2  Product was sold from Mai Sushi counters inside Target stores in Northern CA. | CHEF'S ASSORTED NIGIRI 6PC  UPC: 81282401130  Product was sold from Mai Sushi counters inside New Leaf Community Market stores in  Northern CA. | Shrimp California Roll [BR]  UPC: 81244803702  Products were sold from Genji Sushi counters inside Whole Foods Market stores | Spicy Shrimp Tempura Roll [WR]  UPC: 81244803443  Products were sold from Genji Sushi counters inside Whole Foods Market stores | SPICY SHRIMP TEMPURA ROLL   UPC: 81282401109  Product was sold from Mai Sushi counters inside New Leaf Community Market stores in  Northern CA. | BR SPECIAL ROLL SUPER SET 16PCL  UPC:81282401203  Product was sold from Mai Sushi counters inside New Leaf Community Market stores in  Northern CA. | SHRIMP MANGO FRESH ROLL  UPC:81282401374  Product was sold from Mai Sushi counters inside New Leaf Community Market stores in  Northern CA. | Spicy Shrimp Inari 4pc Kabuki [WR]  UPC: 81244803408  Products were sold from Genji Sushi counters inside Whole Foods Market stores | Rainbow Sushi Set [WR]  UPC:81244803418  Products were sold from Genji Sushi counters inside Whole Foods Market stores | ONO SHRIMP POKE BOWL  UPC:84003140699  Products were sold from Genji Sushi counters inside Whole Foods Market stores | Double Shrimp BBQ Ro
,maker_linked,False,FDA,88579,2021-09-15,"World Class Distribution, Inc.","Fontana, CA",Trader Joe's,Trader Joe's,,"Trader Joe's Super Spinach Salad with Quinoa, carrots, cranberries, chickpeas, edamame, pumpkin seeds and a carrot ginger miso dressing. Net Wt. 10 oz. (284 g) Dressing and seeds/nuts are packed in separate clear pouches and visible to consumer.  Contains: Soy UPC: 096155 SKU: 96155   Dist & Sold exclusively by Trader Joe's Monrovia, CA 91016"
,maker_linked,False,FDA,88468,2021-09-22,"Jimmy's  Cookies, LLC","Clifton, NJ",Walmart,Marketside,,"Marketside Chocolate Candy Cookie Cake, 24 oz. 12  x 12  black tray with clear lid."
,maker_linked,False,FDA,88614,2021-09-22,"Andersen & Sons Shelling, Inc.","Vina, CA",Trader Joe's,Trader Joe's,,"Trader Joe's Nuts Raw California Walnut Baking Pieces NET WT. 16 OZ (1 LB) 454g SKU# 51934-89685 UPC 0051 9342 Contains Walnuts Dist & Sold Exclusive By: Trader Joe's, Monrovia, CA 91016"
,maker_linked,False,FDA,88689,2021-10-13,"Terry and Joe Baker Farms, Llc dba Baker Farms","Norman Park, GA",Kroger,Kroger,,"KALE NET WT 16 OZ (1 LB) 454g Sold under the following brand names: Baker Farms 3667 Ellenton Norman Park Road, Norman Park GA 31771 UPC 8 13098 02001 6; Kroger DISTRIBUTED BY THE KROGER CO. CINCINNATI, OHIO 45202 UPC 0 11110 18170 1 & SEG Grocers DISTRIBUTED BY: SOUTHEASTERN GROCERS 8928 PROMINENCE PKWY #200, JACKSONVILLE, FL 32256 UPC 0 38259 11482 7"
,maker_linked,False,FDA,88670,2021-11-03,Schlotterbeck & Foss LLC,"Chester, VT",Aldi,Simply Nature,,Simply Nature Organic Poppy Seed Dressing
,maker_linked,False,FDA,88973,2021-11-24,Dole Fresh Vegetables Inc,"Monterey, CA",Kroger;Walmart,Kroger;Marketside,,"Dole Garden Salad; iceberg lettuce, shredded carrots, red cabbage;  Net Wt. 24 oz. (1 lb. 8 oz.) 680 g    UPC: 0 71430 01136 2      Dole Food Company, Inc.  Distributed by Dole Fresh Vegetables, Monterey, CA | Salad Classics Garden Salad; iceberg lettuce, shredded carrots, red cabbage;  Net Wt. 12 oz.  (340g)  UPC: 6-88267-18443-7    Packaged by Dole      Distributed by F-------Old USA, Landover, MD | Marketside Classic Salad; Garden Salad; iceberg lettuce, shredded carrots, red cabbage;  Net Wt. 24 oz. (1 lb. 8 oz.) 680 g    UPC: 6-81131-32895-1      Distributed by Walmart, Bentonville, AR | Kroger Garden Salad; iceberg lettuce, shredded carrots, red cabbage;  Net Wt. 12 oz.  (340g)  UPC: 0-11110-91036-3      Distributed by The Kroger Company, Cincinnati, OH"
,maker_linked,False,FDA,88931,2021-12-08,KEURIG DR PEPPER,"Frisco, TX",Target,Good & Gather,,"Target Good & Gather Coconut Pineapple Sparkling Water 8 pack of 12 oz. cans UPC can: 0 85239 04059 1, UPC outer carton (8 pack): 0 85239 03833 8 | 7UP Zero Sugar Lemon Lime Soda 12 pack of 12 oz. can UPC Cardboard Wrap Code: 7800001181 UPC Can Code: 0780790 | Polar Black Cherry Premium Seltzer 12 pack of 12oz cans UPC Cardboard Wrap Code: 7153700228, UPC Can Code: 7153700110 | Target Good & Gather Mixed Berry Sparkling Water 8 pack of 12 oz. cans UPC can: 0 85239 11516 9, UPC outer Carton (8 pack): 0 85239 11345 5"
,maker_linked,False,FDA,89116,2021-12-15,"Fischer & Wieser Specialty Foods, Inc.","Fredericksburg, TX",H-E-B,H-E-B,,H-E-B Creamy Tomato Basil Soup NET WT 32 oz. packaged in a clear glass jar UPC 4122070619
,maker_linked,False,FDA,89052,2021-12-29,GIVE AND GO,"Etobicoke, N/A",7-Eleven;Albertsons;Meijer;Target;Walmart,7 Select;Favorite Day;Freshness Guaranteed;Marketside;Meijer;Signature Select,,two-bite carrot cake cupcakes 10 oz. UPC 7 70981 05525 1  Kimberley's bakeshoppe carrot cake filled gourmet cupcakes 11.5 oz. UPC 7 70981 31026 8 | Kimberley's bakeshoppe vanilla mini Frosted soft Sugar Cookies 9.4 oz. UPC 7 70981 30310 9 | two-bite vanilla & chocolate cupcakes 20 oz. UPC 7 70981 03408 9  Favorite Day Bakery chocolate & vanilla mini cupcakes 10 oz. UPC 0 85239 12580 9 | two-bite  vanilla & chocolate cupcakes 10 oz. UPC 7 70981 04502 3 20 oz. UPC 7 70981 03107 1  meijer mini assorted cupcakes with Holiday inspired sprinkle blend 20 oz. UPC 7 08820 40243 0  Kimberley's bakeshoppe vanilla & chocolate cupcakes 22 oz. UPC 7 70981 31122 7 | Wondershop at Target Frosted Sugar Cookies 13.5 oz. UPC 0 85239 13621 8 | NL Vanilla Iced Assorted cupcakes 24PK 983352 15 lbs. case UPC 1 07 70981 03948 7 | Wondershop at Target vanilla mini cupcakes 10 oz. UPC 0 85239 03474 3 | Kimberley's bakeshoppe vanilla mini Frosted soft Sugar Cookies 9.4 oz. UPC 7 70981 30312 3 | Favorite Day Bakery madeleine & brownie tiny treats 11 oz. UPC 0 85239 16499 0 | Kimberley's Bakeshoppe vanilla cupcakes  11.2 oz. UPC 7 70981 31213 2 | Kimberley's bakeshoppe triple chocolate filled gourmet cupcakes 11.7 oz. UPC 7 70981 31001 5 and 7 70981 31116 6  Favorite Day Gourmet Triple Chocolate filled cupcakes  11.7 oz. UPC 0 85239 42017 1 | Kimberley's bakeshoppe Frosted soft Sugar Cookies 13.5 oz. UPC 7 70981 30102 0 | two-bite red velvet cupcakes 10 oz. UPC 7 70981 05520 6  Marketside red velvet cupc
,maker_linked,False,FDA,89148,2022-01-05,Frozen Food Development,"Rheems, PA",Ahold Delhaize,Giant Eagle,,"Giant Eagle, Diced Green Peppers, 10 oz. poly bags and 22# cases, also poly bags and cartons, 12/10 oz. bags per case and bulk 22 lbs. bags"
,maker_linked,False,FDA,89237,2022-01-12,"Sno Pac Foods, Inc","Caledonia, MN",Trader Joe's,Trader Joe's,,"Trader Joe's Soycutash, Item # 99319.  A mix of Sweet Corn, Shelled Edamame, and Red Bell Peppers.  Net Wt. 16 oz.  (1 lb.) 454g.  Keep Frozen.  UPC 0099-3197.  Dist & Sold Exclusively By:  Trader Joe's Monrovia, CA  91016"
,maker_linked,False,FDA,89319,2022-02-09,Poppies International INC,"Battleboro, NC",Ahold Delhaize,Taste of Inspirations,,"Delizza BELGIAN MINI CHOCOLATE CREAM PUFFS NET WT. 14.1 oz (400g) 30 CREAM PUFFS PRODUCED IN THE US BY DELIZZA INCORPORATED 6610 CORPORATION PARKWAY, BATTLEBORO, NC 27809 UPC  6 76670 00402 2 | Delizza BELGIAN MINI CREAM PUFFS WHIPPED FILLING MADE WITH FRESH CREAM NET WT 13.2 oz (375g) PRODUCED IN THE US BY DELIZZA INCORPORATED 6610 CORPORATION PARKWAY, BATTLEBORO, NC 27809 UPC: 6 76670 00107 6, and NET WT. 3lb 5 oz. (1.5kg) 120ct UPC: 6 76670 00800 6 | taste of Inspirations CREME PUFFS Whipped Cream Filled Pastry NET WT 13.2 OZ (375g)  30ct UPC: 7 25439 99597 9, DISTRIBUTED BY: DZA BRANDS, LLC SALISBURY, NC 28247"
,maker_linked,False,FDA,89491,2022-02-09,SunOpta Grains and Foods Inc.,"Eden Prairie, MN",Costco,Kirkland Signature,,"Kirkland Signature Organic Soy Non-Dairy Beverage Vanilla;  12- 32 oz. cartons (note- 12 count consumer display case)    SunOpta Item number 1243803  Individual Carton UPC:  0 96619 99861 6;   12 x 32 oz. container carton UPC: 096619 49000 4    Ambient, keep refrigerated after opening. Best if used within 7   10 days after opening, not to be used as infant formula.    Distributed by: Costco Wholesale Corporation  P.O. Box 34535  Seattle, WA 98124"
,maker_linked,False,FDA,89284,2022-02-16,Dole Fresh Vegetables Inc,"Monterey, CA",Ahold Delhaize;Aldi;Kroger;Walmart,Kroger;Little Salad Bar;Marketside;Nature's Promise;Simply Nature,,Dole 10.6oz Chopped Greek  Product UPC 071430000885 | Kroger 5oz Organic Power Greens Clamshell  Product UPC 111110917331 | Dole 13oz Southwest Kit  Product UPC 071430017012  Little Salad Bar 12oz Chopped Southwest Kit  Product UPC 4099100087031  Marketside 13.4oz Chopped Southwest Kit  Product UPC 681131305129 | Kroger 8oz Shredded Romaine  Product UPC 011110221483 | Dole 11oz Greener Selection  Product UPC 071430009659 | Dole 8oz Shredded Lettuce  Product UPC 071430010655  Lidl 8oz Shred Lettuce  Product UPC 4056489151272  Little Salad Bar 8oz Shredded Lettuce  Product UPC 4099100087963  Dole 8 oz Shredded Lettuce  Product UPC 0-71430-01065-5  Marketside 8 oz Shredded Lettuce  Product UPC 6-81131-32896-8  Kroger 8oz Shredded Lettuce  Product UPC 0-11110-91613-6 | Dole 9.8oz Chopped Teriyaki Pineapple Kit  Product UPC 071430001004 | Dole 10oz Angel Hair Coleslaw  Product UPC 071430009741  Marketside 10oz Angel Hair Coleslaw  Product UPC 681131387491 | Dole 14oz Southern Slaw  Product UPC 071430010365 | Dole 10oz Very Veggie  Product UPC 071430010082  Kroger 12oz Veggie Blend  Product UPC 011110910486 | Dole 10.7oz Chopped Fiesta Lime Kit  Product UPC 071430000991 | Dole 10.2oz Chopped Bacon Caesar  Product UPC 071430000892 | Marketside 10oz Premium Hearts of Romaine Salad  Product UPC 681131027830 | Natures Promise 5oz Organic Baby Spring Mix Clamshell  Product UPC 688267154546 | Dole 13oz Endless Summer Kit  Product UPC 071430010730 | Dole 15oz Family Classic Romaine  Produ
,maker_linked,False,FDA,89381,2022-03-02,Dole Fresh Vegetables Inc,"Monterey, CA",Aldi;Kroger;Walmart,Kroger;Little Salad Bar;Marketside,,Marketside 12oz Classic Salad  UPC:6-81131-32894-4  SKU: 3107 | Dole 9.8 oz  Chopped Teriyaki Pineapple Kit   UPC: 0-71430-00100-4  SKU: 791  Dole 9.8 oz  Chopped Teriyaki Pineapple Kit / Teriyaki A L'ananas  UPC: ¿0-71430-00182-0  SKU 1014 | Little Salad Bar 10.65 oz. Chopped Caesar Kit  UPC: 4099100263923  SKU: 3411 | Marketside 16 oz Shredded Lettuce  UPC: 6-81131-53209-9  SKU: 3118 | President's Choice 12oz Garden Salad / Le Choix du President Salade Jardiniere  UPC:0-60383-22268-0  SKU: 3234 | Presidents Choice 12 oz Mixed Greens / Le Choix du President Melange de Legumes-Feuilles  UPC: 0-60383-00188-9  SKU 3236 | Presidents Choice 12.25oz Ranch Kit / Le Choix du President Ranch Kit de Salade  UPC: 0-60383-00493-4  SKU: 3614 | Marketside 24oz Classic Salad  UPC:6-81131-32895-1  SKU: 3193 | HEB 9.5oz Premium Ranch Kit  UPC: 0-41220791569-0  SKU: 3349 | Little Salad Bar 8 oz Shredded Lettuce  UPC: 4099100087963  SKU: 3404 | Presidents Choice 12.25 oz  Ranch Kit / Le Choix du President Ranch Kit de Salade  UPC: 0-60383-00493-4  SKU 3614 | Presidents Choice 13 oz. Sesame Ginger Kit¿/ Le Choix du President Sesame et Gingembre  UPC: 0-60383-02320-1  SKU 3283 | Dole 13.25oz Country Ranch Kit  UPC:0-71430-01730-2  SKU: 761 | Dole 13 oz Southwest Salad Kit  UPC: 0-71430-01701-2  SKU: 2776 | Dole 13 oz Southwest Salad Kit / Salade du Sud-ouest  UPC: 0-71430-01711-1  SKU: 2976 | Dole 12 oz  Garden Salad / Salade du Jardin  UPC: 0-71430-01135-5  SKU: 2673  Dole 2 lb  Garden Salad   
,maker_linked,False,FDA,89648,2022-03-09,Shearer'S Snacks,"Massillon, OH",Walmart,Great Value,,"Great Value Restaurant Style White Corn Tortilla Chips, Net St. 13 oz.   UPC 78742-11453.  Distributed By:  Walmart, Inc. Bentonville, AR  72716."
,maker_linked,False,FDA,89593,2022-03-09,"J & M Foods, Inc.","Little Rock, AR",Target,Favorite Day,,Favorite Day Carrot cake soft bake cookies Net Wt 8 oz. (227g) UPC 0 885239 25803 3 packaged in gable top carton 6 units per case
,maker_linked,False,FDA,89741,2022-03-23,"RMJV, LP dba Fresh Creative Foods","Vista, CA",Kroger;Walmart,Freshness Guaranteed;Kroger,,"Fresh Creative Foods;  BASIL PESTO BOWTIE PASTA SALAD DIRECT KIT 2/5.15625 LB UPC: 10013454380922; Item # 404736 Perishable/ Keep Refrigerated Kit components: 2/3 lb. bags of Bowtie Pasta, 2/24 oz. bags of Sweet Basil Dressing, 2/8 oz. bags of diced sundried tomato, 2/2.5 bags of shredded parmesan Cheese,  BASIL PESTO BOWTIE PASTA SALAD KIT V 2/5.28125 LB UPC: 10013454380533 Item # 404637 Perishable/Keep refrigerated Kit Components: 2/3 lb. bags of Bowtie Pasta, 2/24 oz. bags of Sweet Basil Dressing, 2/8 oz. bags of diced sundried tomato, 2/2.5 bags of shredded parmesan Cheese, 1/4 oz. bag of product kit (each bag contains 2/20 kits)  Distributed by: Fresh Creative Foods, Vista, CA | Freshness Guaranteed BROCCOLI CHEDDAR PASTA SALAD WM 6/14 OZ (397 g)  UPC: 0 78742 37256 3  Distributed by Walmart Inc., Bentonville, AR 72716 | Fresh Creative Foods LEMON CAPELLINI SALAD 2/4.5 LB Perishable/Keep refrigerated. UPC: 10013454373672 Item number: 403207 Distributed by: Fresh Creative Foods, Vista, CA 92081 | Fresh Creative Foods THAI PEANUT DRESSING R&G 80/2.5 OZ  UPC: 10013454378387 Item # 402464  Perishable/Keep refrigerated | Fresh Creative Foods AUTUMN COUSCOUS W/ BUTTERNUT SQUASH KIT V 2/3.1875 LB UPC: 1001345432377 Item # 406627 Perishable/Keep refrigerated  Kit Components: 2/2.75 lb. tubs of autumn couscous salad, 2/4 oz. bags of pecan cranberry blend, 1/6 oz. bags of product kit.,  distributed by: Fresh Creative Foods, Vista, CA 92081 | Fresh Creative Foods THAI NOODLE SALAD "
,maker_linked,False,FDA,89723,2022-03-30,"Torn & Glasser, Inc.","Pomona, CA",Sprouts,Sprouts Farmers Market,,"Sprouts Farmers Market Dark Chocolate Covered Cherries;  Dried Cherries covered in Rich Dark Chocolate.    Net Wt. 12 oz (340g)  Item # 638-011  UPC: 6 46670 46342 6    Processed in a facility that processes on shared equipment with peanuts, tree nuts, wheat and milk.    Distributed by Sprouts Farmers Market,  Phoenix, AZ"
,maker_linked,False,FDA,89865,2022-04-06,"Suntree Snack Foods, LLC","Phoenix, AZ",Target,Good & Gather,,"Good & Gather Dried Sweetened Strawberries.  Net Wt 4 oz (113g).  UPC 085239-182840  No Sulfites Added.  No Artificial Flavors.  No Synthetic Colors.  Distributed by Target Corporation, Minneapolis, MN  55403"
,maker_linked,False,FDA,89844,2022-04-13,"Fruit Fresh Up, Inc.","Depew, NY",Wegmans,Wegmans,,"1. Wegmans 10oz Watermelon Chunks	  2. Wegmans 32oz Watermelon Chunks  3.Fresh Harvest 18oz Watermelon Chunks  4. Tops Large Watermelon	BBD: 3/5/22 to	BBD: 3/22/22  5. Tops Small Watermelon 	BBD: 3/5/22 to	BBD: 3/22/22  6. Lexington Co-op 10oz Watermelon Chunks  7. Lexington Co-op 32oz Watermelon Chunks  8. Wegmans 24oz Mini Watermelon Hearts	  9. EDU Kids 2 oz. watermelon tidbits | All BBD 03/05/22 through 03/23/2022   1. Wegmans 32oz Cantaloupe Spears  2. Fresh Harvest 18oz Cantaloupe Spears  3. Tops Large Cantaloupe	  4. Tops Small Cantaloupe	  5. Lexington Co-op 10oz Cantaloupe Chunk (4/cs)	  6. EDU Kids 2 oz. Cantaloupe tidbits | Doodlebugs 12 # Tidbits Mix (cantaloupe, honeydew, pineapple, watermelon ) | 1. Wegmans 32oz Pineapple Spears  2. Fresh Harvest 18oz Pineapple Spears  3. Fresh Harvest 6# Pine Bucket  4. Tops Small Pineapple  5. Lexington Co-op 10oz Pineapple chunks  6. Lexington Co-op 32oz Pineapple Spears  7. EDU Kids 2 oz. Pineapple tidbits | Fresh Harvest Small veggie platter w/ranch	64779300337 | 1. Fresh Harvest Small fruit platter w/raspberry dip | Eden Valley Bulk Fruit Salad | Tops Dill Dip Bulk | Fruit Fresh Up Raspberry Dip (7oz) | MapleVale   18# Wet Salad Bucket   Cut Cantaloupe, Honeydew, Pineapple, Grapes in Watermelon Juice with Potassium sorbate added. | 1. Wegmans 32oz Melon Trio  2.Fresh Harvest 18oz Melon Trio	64779300400  3. Lexington Co-op 32oz Melon Trios	64779300403  4. Lexington Co-op 10oz Melon Combo	64779300370  5. Tops Large Mixed Mel"
,maker_linked,False,FDA,89789,2022-04-20,Continental Mills (Corporate Office),"Tukwila, WA",Kroger;Walmart,Great Value;Kroger,,"Item # 721-1000, Krusteaz Belgian Waffle Mix.  Product is shelf stable and packaged in a box. net wt. 28 oz., UPC 0 41449 00186 9. | Item # 744-4930, Gordon Choice Southern Style Fish Breader.  Product is shelf stable and packaged in a box. net wt. 5 lbs., UPC 0 93901 75622 0. | Item # 714-5000, Great Value Buttermilk Pancake & Waffle Mix.  Product is shelf stable and packaged in a box. net wt. 32 oz., UPC 0 78742 37082 8. | Item # 721-0200, Krusteaz Buttermilk Pancake Mix.  Product is shelf stable and packaged in a box. net wt. 2 lbs., UPC 0 41449 00110 4. | Item # 722-0105, Krusteaz Cinnamon Crumb Cake.  Product is shelf stable and packaged in a box. net wt. 21 oz., UPC 0 41449 11140 7. | Item # 714-0706, Kroger Buttermilk Pancake & Waffle Mix.  Product is shelf stable and packaged in a box. net wt. 2 lbs., UPC 0 11110 88219 6. | Item # 731-0120, Krusteaz Pro Buttermilk Pancake Mix.  Product is shelf stable and packaged in a box. net wt. 5 lbs., UPC 0 41449 10180 4. | Item # 744-4875, Gordon Choice Yellow Cake Mix.  Product is shelf stable and packaged in a box. net wt. 5 lbs., UPC 0 93901 24575 5 | Item # 743-0278, IHOP Pancake.  Product is shelf stable and packaged in a box. net wt. 5 lbs., UPC 0 41449 47540 0."
,maker_linked,False,FDA,89955,2022-04-27,"Vanlaw Food Products, Inc","Fullerton, CA",Whole Foods,Whole Foods Market,,"WFM 365 Organic Creamy Caesar, 12oz, UPC#99482490290, Keep Refrigerated. Bottled in USA. Distributed by: Whole Foods Market Austin, TX"
,maker_linked,False,FDA,90030,2022-05-04,World Variety Produce Inc dba Melissa's,"Vernon, CA",Walmart,Marketside,,"Organic Marketside Zucchini  2 Count packages/8 per case  Ingredients: Organic Zucchini  New WT. 6 oz. (170g)  UPC: 6-81131-22105-4  Perishable  Keep Refrigerated  Clear plastic overwrap tray  Use within 2-3 days of opening  Distributed by Walmart, Inc. Bentonville, AR 72716  Product of Mexico"
,maker_linked,False,FDA,90051,2022-05-11,Bakkavor Foods USA Inc.,"Charlotte, NC",Whole Foods,Whole Foods Market,,"WHOLE FOODS MARKET red lentil dal NET WT. 12 OZ (340g) DISTRIBUTED BY: WHOLE FOODS MARKET AUSTIN, TX 78703 UPC 1 95515 02394 8"
,maker_linked,False,FDA,90226,2022-06-01,"Old Chatham Sheepherding Creamery, LLC","Groton, NY",Wegmans,Wegmans,,"Wegmans Brand Fresh Goat Cheese, Classic Chevre, with Cranberries, 5.5lb; packaged in Cryovac Bags"
,maker_linked,False,FDA,90238,2022-06-15,Taylor Farms Retail Inc,"Salinas, CA",Trader Joe's,Trader Joe's,,"Trader Joe's Southwestern Chopped Salad Contains: Green Cabbage, Romaine, Cotija Cheese, Roasted Pepitas, Tortilla Strips, Green Onion, Cilantro, and a spicy Southwest Avocado Dressing Best if used by: May 26, 2022 Perishable, Keep Refrigerated Product of USA-Mexico Romaine: Salinas Contains Milk, Soy Dist. & Sold Exclusively by: Trader Joe's, Monrovia, CA 91016"
,maker_linked,False,FDA,90333,2022-06-15,Taylor Farms Retail Inc,"Salinas, CA",Trader Joe's,Trader Joe's,,"Trader Joe's Lemony Arugula Basil Salad Kit   Arugula, carrots, almonds, and parmesan cheese with a basil lemon vinaigrette   NET WT. 9.75 OZ (276g)"
,maker_linked,False,FDA,90291,2022-06-22,"Morski Brands, Inc.","Portage, WI",Walmart,Marketside,,"Dawn's Campfire BBQ Beans, #90125,  Net Wt 8 lb (3.63 kg)  Keep Refrigerated   UPC 0 32345 90125 4.   Mfg By Morski Brands, Inc., Portage, WI  53901 | Finest Traditions Smokey Baked Beans, #1038700,  Net Wt 8 lb (3.63 kg)  Keep Refrigerated   UPC 10 7 33147 10231 9.   Distributed By:  DBC Foods, St Cloud, MN  56302 | Steakhouse Potato Salad, Keep Refrigerated packaged in the following brands and plastic container sizes:    1.  Finest Traditions, Net Wt. 10 lb (4.54kg),  Item 1038364.  UPC 10-73314710773-4.    Mfg By Morski Brands, Inc., Portage, WI  53801.    2.  Finest Traditions, Net Wt. 6-16 oz (2.72kg),  Item 1059716.  UPC 7 33147 08357 4.    Distributed By:  DBC Foods, St. Cloud, MN  56302.    3.  Dawn's Net Wt. 10 lb (4.54kg).  Item # 10102.  UPC 0 32345 10102 9.      Mfg By Morski Brands, Inc., Portage, WI  53801. | Ranch BLT Pasta Salad, Keep Refrigerated packaged in the following brands and plastic container sizes:    1.  Finest Traditions, Net Wt. 2/5 lbs. (10 lbs) (4.54kg),  Item 10406332.  UPC   10 7 33147 11722 1.      Distributed By:  DBC Foods, St. Cloud, MN  56302.    2.   Dawn's Net Wt. 2/5 lbs. (10 lb) (4.54kg).  Item # 40108.  UPC 0 32345 40108 2.      Mfg By Morski Brands, Inc., Portage, WI  53801. | Dawn's Smoked Gouda & Bacon Potato Salad, #10079,  Net Wt 8 lb (3.63 kg)  Keep Refrigerated.  UPC 10032345130019.   Mfg By Morski Brands, Inc., Portage, WI  53901 | Marketside Gouda Bacon Green Chile Dip,  Net Wt 12 oz. (340 g)  Keep Refrigerated   UPC 6 81131"
,maker_linked,False,FDA,90349,2022-06-29,Taylor Farms Retail Inc,"Salinas, CA",Trader Joe's,Trader Joe's,,"Trader Joe's BBQ & Black Pepper Toscano Chopped Salad 11 oz. Contains Milk, Soy, Wheat Dist. & Sold Exclusively By: Trader Joe's, Monrovia, CA 91016"
,maker_linked,False,FDA,90282,2022-07-06,Fudgeamentals LLC,"Melville, NY",Walmart,Marketside,,PEANUT BUTTER CHOCOLATE FUDGE BITES (24-8 OZ) FUDGEAMENTALS | VARIETY TRAY (16 OZ) (C-CNC-PBC) FUDGEAMENTALS | PEANUT BUTTER FUDGE BITES (24-8 OZ) FUDGEAMENTALS | PEANUT BUTTER CHOCOLATE FUDGE BAR - 8 oz. | PEANUT BUTTER FUDGE BAR (24-8OZ) FUDGEAMENTALS | 1. Marketside FUDGE TRIO HOLIDAY FUDGE TRAY - 16 oz.    2. WALMART MKT FUDGE TRIO (6-16 OZ) HOLIDAY FUDGE TRAY FUDGEAMENTALS | Fudgeamentals TIGER BUTTER FUDGE BAR (8 OZ)
,maker_linked,False,FDA,90461,2022-07-20,"J & M Foods, Inc.","Little Rock, AR",Target,Favorite Day,,"Favorite Day Lavender Shortbread Cookie Bites Net Wt  7oz (198g) packaged in a purple bag and an inside silver flexible bag UPC 085239286098, 6 units per case"
,maker_linked,False,FDA,90556,2022-08-03,Dole Fresh Vegetables Inc,"Monterey, CA",Aldi;Walmart,Marketside;Simply Nature,,Simply Nature Organic Spring Mix 16 oz.  Marketside Spring Mix 11 oz. and 5 oz.
,maker_linked,False,FDA,90568,2022-08-31,"Enjoy Life Natural Brands, LLC","Jeffersonville, IN",Trader Joe's,Trader Joe's,,"Enjoy Life Chewy Bars   Caramel Blondie (Chocolate Chip and Caramel), 5.75 oz (165g) UPC 819597011258 and 819597011333 | Enjoy Life Brownie Bites   Rich Chocolate, 4.76 oz UPC 819597013290 | Enjoy Life Soft Baked Fruit & Oat Breakfast Ovals - Apple Cinnamon, 8.8 oz. UPC 819597012569 | Enjoy Life Chewy Bars   Sunseed Crunch, 5.75 oz UPC 853522000627 | Enjoy Life   Soft Baked Cookies   Snickerdoodle, 6 oz .(170g) UPC 853522000184 Trader Joe's Soft-Baked Snickerdoodles, 6 oz. UPC 0094 0757 | Enjoy Life Soft Baked Fruit & Oat Breakfast Ovals   Chocolate Chip Banana, 8.8 oz (250g) UPC 819597012576 and 819597012705 | Enjoy Life Soft Baked Fruit & Oat Breakfast Ovals   Berry Medley, 8.8 oz (250g) UPC 819597012583 and 819597012712 | Enjoy Life   Soft Baked Cookies   Monster, 6 oz. UPC 819597013818 | Enjoy Life Soft Baked Cookies - 36 oz. Amazon Variety Pack - (2SND,1CC,1OAT,1SBCC,1MSTR; 6oz. each) UPC 819597014518 | Enjoy Life   Soft Baked Cookies   Sunseed Butter Chocolate Chip, 6 oz. UPC 819597013801 | Enjoy Life Brownie Bites   Salted Caamel, 4.76 oz UPC 819597013313 | Enjoy Life   Soft Baked Cookies   Chocolate Chip, 6 oz. (170g) UPC 853522000191 | Enjoy Life   Soft Baked Cookies   Double Chocolate Brownie, 6 oz (170g) UPC 853522000214"
,maker_linked,False,FDA,90767,2022-09-07,Epicurean Butter Co.,"Thornton, CO",Wegmans,Wegmans,,"Wegmans Lemon Dill Finishing Butter, NET WT 3.5 OZ (99g), black plastic cup with a sealed lidding film under the lid. Best By and Lot # printed with blue ink by the label around the cup. UPC 0 77890 44324 8. Distributed By: Wegman Food Markets Inc. Rochester, NY 14603  Keep Refrigerated. Note: There are 8 cups in a mastercase."
,maker_linked,False,FDA,90770,2022-09-07,South Georgia Pecan Company,"Valdosta, GA",Walmart,Great Value,,"Great Value Chopped Walnuts, NET WT 4oz  (113g); Ingredients: Walnuts DISTRIBUTED BY: Wal-Mart Stores, Inc., Bentonville, AR 72716; UPC 0 78742 20134 4"
,maker_linked,False,FDA,90746,2022-10-05,Lamb Weston Sales,"Kennewick, WA",Meijer;Sprouts;Walmart,Great Value;Meijer;Sprouts Farmers Market;True Goodness,,"Item SP204, Sprouts Organic Hash Browns Shredded Potatoes, 16 oz. bag, 12/16 oz. bags per case.  Product contains Organic Potatoes and is frozen and it's not ready to eat and labeled with cooking instructions.  Manufactured For Sprouts Farmers Market Phoenix, Arizona 85054.  UPC 6 46670 51111 0.   Item TG124, True Goodness by Meijer Organic Hash Brown Shredded Potatoes. 16 oz. bag, 12/16 oz. bags per case. Product contains Organic Potatoes and is frozen and it's not ready to eat and labeled with cooking instructions.  Distributed by Meijer Distribution, Inc.	 Grand Rapids, MI 49544. UPC 7 13733 14355 4. | Item GV020, Great Value Shredded Hash Browns, 4 lbs. bag, 6/4 lbs. bags per case.  Product is frozen and it's not ready to eat.  Distributed By: Walmart Inc. Bentonville, AR 72716. UPC 0 78742 15557 9.  Product contains Potatoes, Disodium Dihydrogen Pyrophosphate, Dextrose. | Item AX058, Alexia Organic Seasoned Hashed Browns Yukon Select Potatoes, 16 oz. bag, 12/16 oz. bags per case.  Product is frozen and it's not ready to eat and labeled with cooking instructions.  Produced by Lamb Weston, Kennewick, WA.  UPC 8 34183 00303 5.  Product contains Organic Potatoes, Organic Seasoning (Sea Salt, Organic Dehydrated Onion, Organic Dehydrated Garlic, Organic White Pepper, Organic Autolyzed Yeast Extract, and Organic Sunflower Oil)."
,maker_linked,False,FDA,90822,2022-10-05,Toufayan Bakery of Plant City,"Plant City, FL",Publix,GreenWise,,"Organic GreenWise Animal Crackers, NET WT 8 OZ (227 g)"
,maker_linked,False,FDA,90806,2022-10-12,"Vanlaw Food Products, Inc","Fullerton, CA",Whole Foods,Whole Foods Market,,"WFM 365 Organic Creamy Caesar, 12oz, UPC#: 99482490029, Keep Refrigerated. Bottled in USA. Distributed by: Whole Foods Market: Austin, TX  Expanded recall to include the best if used by date of SEP 21 22 through JUN 06 23 and UPC Code 99482-49027"
,maker_linked,False,FDA,90786,2022-10-26,"D. F. Stauffer Biscuit Co, Inc.","York, PA",Target,Market Pantry,,"White frosted animal cookies with multi-colored non-pareils in a 44oz plastic jug labeled ""Market Pantry White Fudge Animal Cookies"""
,maker_linked,False,FDA,90933,2022-10-26,Snak King Corporation,"City Of Industry, CA",Trader Joe's,Trader Joe's,,"16 oz. bags of Trader Joe's Organic Yellow Tortilla Chip Rounds.   UPC: 0074-0449  Distributed and Sold exclusively by: Trader Joe's, Monrovia, CA 91016 Distributed and sold exclusively by: Trader Joe's, Monrovia, CA 91016  Distributed and Sold Exclusively By: Trader Joe's, Monrovia, CA 91016"
,maker_linked,False,FDA,91053,2022-11-09,HP Hood LLC,"Lynnfield, MA",Ahold Delhaize,Hannaford,,"Food Club Cottage Cheese with Pineapple, 16 oz; Hannaford Cottage Cheese with Pineapple, 16 oz; Hood Cottage Cheese with Pineapple, 16 oz and 24 oz; Market Basket Cottage Cheese with Pineapple, 16 oz; Penn Maid Cottage Cheese with Pineapple, 16 oz; | Hood Fat Free Cottage Cheese with Pineapple, 16 oz | Hood Cottage Cheese with Pineapple & Cherry, 16 oz; Penn Maid Cottage Cheese with Pineapple & Cherry, 16 oz | Hood Cottage Cheese with Blueberries, 16 oz | Lactaid Cottage Cheese, 16 oz | Hood Lowfat Cottage Cheese, 16 oz and 24 oz | Hood Cottage Cheese with Strawberries; 16 oz | Hood Everything Bagel Cottage Cheese, 16 oz | Hannaford Fat Free Cottage Cheese, 16 oz and 24 oz; Hood Fat Free Cottage Cheese, 16 oz; Market Basket Fat Free Cottage Cheese, 16 oz and 24 oz;  Weis Fat Free Cottage Cheese, 24 oz | Hood Cottage Cheese with Cucumber & Dill, 16 oz | Food Club Chive Cottage Cheese, 16 oz; Hannaford Chive Cottage Cheese, 16 oz; Hood Chive Cottage Cheese, 16 oz and 24 oz; Price Chopper Chive Cottage Cheese, 16 oz; Market Basket CChive Cottage Cheese, 16 oz | Hannaford Cottage Cheese, 16oz and 24 oz; Hood Country Style Cottage Cheese, 16 oz, 24 oz., 32 oz.; Hood Large Curd Cottage Cheese, 16 oz; IGA Cottage Cheese, 16 oz; IGA Large Curd Cottage Cheese, 16 oz; Market Basket Cottage Cheese, 16 oz, 24 oz; Weis Cottage Cheese, 16 oz and 24 oz; Weis Large Curd Cottage Cheese, 16 oz and 24 oz | Hood Lowfat Cottage Cheese with Peaches"
,maker_linked,False,FDA,90944,2022-11-09,"Old Europe Cheese, Inc.","Benton Harbor, MI",Albertsons;Target,Good and Gather;Primo Taglio,,"Reny Picot	8 oz	Baked Brie, Plain	UPC	033421050088 Mexideli	12 oz	Baked Brie, Plain	no UPC	N/A LA BONNE VIE	8 oz	Baked Brie, Plain	UPC	820581678814 PRIMO TAGLIO	8 oz	Baked Brie, Plain	UPC	021130098460 | LA BONNE VIE	7 oz Brie - dbl cr¿me w/Herbs, wedges, foil wrapped 	UPC	820581678661 JOAN OF ARC	2.2 lb Joan of Arc Herb and Garlic Wheel	no UPC	 MARKET 32	8 oz Brie-dbl cr¿me w/Herbs, wedges, saran wrapped 	UPC	41735052889 PRIMO TAGLIO	6.5 lb Brie - w/Herbs, whole wheel 	no UPC	 PRIMO TAGLIO	8 oz - w/Herbs, wedges 	UPC	21004900002 Reny Picot	14 oz Brie - double cr¿me w/Herbs, rounds	UPC	033421022764 Reny Picot	6.5 lb Brie - double cr¿me w/Herbs, whole wheel	no UPC	 Reny Picot	7 oz Brie - double cr¿me w/Herbs, wedges, foil wrapped 	UPC	033421022429 Reny Picot	8 oz Brie - double cr¿me w/Herbs, wedges, saran wrapped	no UPC	 ST RANDEAUX	8 oz Brie - dbl cr¿me w/Herbs, wedges, saran wrpd RW	no UPC | Reny Picot	11 oz Fig Baked Brie	UPC 033421053119 | LA BONNE VIE	11 oz Cranberry Baked Brie	UPC 820581678821; Reny Picot	11 oz Cranberry Baked Brie	UPC 033421051115 | FREDERICKS	8 oz Brie - triple cr¿me, rounds 	UPC	708820301214 FRESH THYME	8 oz Brie - triple cr¿me, rounds  	UPC	841330111987 HEINEN	8 oz Brie - triple cr¿me, rounds	UPC	020601418028 JOAN OF ARC	6.5 lb Joan of Arc Triple Creme Wheel	no UPC	 JOAN OF ARC	8 oz Joan of Arc Triple Creme Wheel	UPC	711565129104 LA BONNE VIE	8 oz Brie - triple cr¿me, rounds 	UPC	820581678746 MARKET 32	8 oz Brie - triple cr¿me, rounds 	UPC	41735052858"
,maker_linked,False,FDA,90961,2022-11-16,"Bakkavor USA, Inc","Jessup, PA",H-E-B,H-E-B;Meal Simple,,"H-E-B Meal Simple Tomato Basil Soup 32 oz. Plastic containers, 6 containers per case Keep Refrigerated."
,maker_linked,False,FDA,91358,2023-01-11,Sublime Desserts Inc.,"Saint-Laurent, N/A",Sam's Club,Member's Mark;Members Mark,,"Members Mark Holiday Macarons 540g units in plastic trays, 10 units per case Keep frozen, refrigerate after opening UPC: 193968321123 Distributed by: Sam's West, Inc. Bentonville, AR 72716 Product of Canada"
,maker_linked,False,FDA,91230,2023-01-18,Dole Fresh Vegetables Inc,"Monterey, CA",Aldi;Walmart,Little Salad Bar;Marketside;Simply Nature,,"Dole Chopped Kit Buffalo Ranch Green Cabbage, Green Leaf Lettuce, Kale, Carrots, Red Cabbage, Green Onions, Blue Cheese Crumbles, Fried Onions, Buffalo Ranch Dressing Thoroughly Washed Perishable/Keep Refrigerated Salad & Toppings NET WT: 9.6 OZ (272 g) Dressing NET: 2.4 FL OZ (71 mL) Total NET WT: 12.1 OZ (343 g) UPC 7143000094 | Dole Chopped Kit BBQ Ranch Green Cabbage, Green Leaf Lettuce, Kale, Carrots, Red Cabbage, Green Onions, Fried Onions, Smoky BBQ Ranch Dressing, Tortilla Strips Thoroughly Washed Perishable/Keep Refrigerated Salad & Toppings NET WT 9.5 OZ (269 g) Dressing NET: 3.1 FL OZ (93 mL) Total NET WT: 13.0 OZ (368 g) UPC 7143000029 | Peak Harvest by Lidl Bacon Avocado Ranch Chopped Salad Kit Green cabbage, green leaf lettuce, kale, red cabbage, carrots, green onion, shredded cheddar cheese, corn, bacon with avocado ranch dressing Thoroughly Washed Perishable/Keep Refrigerated NET WT 11.3 OZ (320g) Salad & Toppings 9 OZ (255g) Dressing 2.5 FL OZ (74mL) UPC 405648959045 | Peak Harvest by Lidl Bacon Sunflower Crunch Chopped Salad Kit green cabbage, green leaf lettuce, kale, red cabbage, carrots, green onion, sunflower seeds, bacon with dressing Perishable Keep Refrigerated NET WT 12.2 OZ (346g) Salad & Toppings 9.5 OZ (269g) Dressing 2.4 FL OZ (71mL) UPC 4056489651222 | Dole Chopped Kit Bacon & Bleu Green Cabbage, Green Leaf Lettuce, Carrots, Bleu Cheese Dressing, Bacon Crumbles, Green Onions, Red Cabbage, with Kale Thoroughly Washed Perishable/Keep Refrigerated "
,maker_linked,True,FDA,91554,2023-02-15,United States Bakery dba Franz Bakery,"Portland, OR",Costco,Kirkland Signature,,"Kirkland Signature 18 Sandwich Rolls Ideal for Hot Dogs, net wt. 54 oz. UPC 0 96619 49013 4. Product is ambient does not require special storage."
,maker_linked,False,FDA,91524,2023-02-22,"Taylor Farms Maryland, Inc.","Annapolis Junction, MD",Wegmans,Wegmans,,Wegmans Asian Chop Salad Kit Net Wt. 13 OZ (368 g) Bag code date: TFMD013A5B. UPC: 077890512838.
,maker_linked,False,FDA,91619,2023-03-15,4 Earth Farms formerly Mcl Fresh Inc,"Commerce, CA",Albertsons;Kroger,Kroger;O Organics,,"Brussel Sprouts 98.5% of product was packaged for retail and 110 cases were bulk Brands: 4 Earth Farms, Trader Joe s, Wegman s, O Organics, STO Kroger.   Unit size: 2lbs (plastic bag), 1lbs (mesh bag and plastic bag), 14 oz (plastic bag), 12 oz (plastic bag), 10 oz (plastic bag), 10 lbs (carton box), 25 lbs (carton box).  Containers:Plastic bag, mesh bag, and carton box."
,maker_linked,False,FDA,91864,2023-03-29,Sprout's Farmers Market,"Phoenix, AZ",Sprouts,Sprouts Farmers Market,,"Sprouts Farmers Market Saltine Crackers Sea Salt Tops NET WT 16 OZ (1 LB) 454g UPC 646670310164 packaged in slug wrapper in a cardboard carton, 12 packages per case"
,maker_linked,False,FDA,91742,2023-03-29,Berner Foods Inc.,"Dakota, IL",Costco,Kirkland Signature,,"Kirkland Signature Colombian Cold Brew Coffee  ready-to-drink, 12 fl oz in aluminum can, 12 cans per case"
,maker_linked,False,FDA,91910,2023-04-19,"Scenic Fruit Company, LLC","Gresham, OR",Aldi;Costco;Trader Joe's,Kirkland Signature;Simply Nature;Trader Joe's;Trader Joes,,"Frozen Organic Strawberries, Kirkland Signature, frozen, net wt. 4lb., 9 packages per case, Costco Item 904984. UPC 096619140404. Distributed by Costco Warehouse Corporation, Seattle, WA. Product of Mexico. | Simply Nature Organic Strawberries, frozen, net wt. 24 oz., 8 packages per case. UPC 4099100256222. Product of Mexico.  Distributed by Aldi Batavia, IL  Vital Choice Organic Strawberries, frozen, net wt. 16 oz., 20 packages per case. UPC 834297005024. Product of Mexico. Distributed by Vital Choice Wild Seafood & Organics Bellingham, WA.  PCC Community Markets Organic Strawberries, frozen, net wt. 32 oz., 12 packages per case. UPC 22827109469. Product of Mexico. Distributed by PCC Community Markets Seattle, WA.  Made With Organic Strawberries, frozen, net wt. 10 oz., 12 packages per case. UPC 814343021390. Product of Mexico. Distributed by Plentiful Planet Brands Boulder, CO.  Cadia Organic Strawberries, frozen, Food Service packed in pillow bag net wt. 5 lb., 4 packages per case. UPC 815369014410.  Product of Mexico, distributed by KeHE Distributors LLC Naperville, IL.  Scenic Fruit Company Organic Strawberries, frozen, Food Service item packed in 30 lbs. case. UPC 813678314245.  Product of Mexico.  This product was distributed in the original California Splendor box and label (Date Code 07522OCO219) and Scenic label. | Trader Joes Organic Tropical Fruit Blend, frozen, net wt. 16 oz., 24 bags per case, SKU 051191. UPC 00511919.  This product contains strawberries from Me"
,maker_linked,False,FDA,91907,2023-04-19,"California Splendor, Inc.","San Diego, CA",Costco,Kirkland Signature,,400-lb. drums of 39+1 Organic Sliced Strawberries Refrigerated | 4-lb. bags of Kirkland Signature Frozen Organic Strawberries 9 bags per carton - 36 lbs. per carton | 30 lb. cases of Organic IQF Whole Strawberries
,maker_linked,False,FDA,92011,2023-04-19,B.C. Frozen Foods,"Mission, N/A",Ahold Delhaize,Nature's Promise,,1. Nature's Promise Organic Raspberries 10oz; Stand up plastic pouch in corrugated box; Product of Chile; 8x12 oz bags per case;  2. Stater Bros. Red Raspberries 12oz; Stand up plastic pouch in corrugated box; Product of USA; 12x12 oz bags per case;  3. SB Raspberries 12 oz; Stand up plastic pouch in corrugated box; 8x12 oz bags per case;  4. Sunny Select Red Raspberries 12 oz; Stand up plastic pouch in corrugated box
,maker_linked,False,FDA,91924,2023-04-26,NORTERA FOODS USA,"Rochester, NY",Wegmans,Wegmans,,WEGMANS  STEAM CHOPPED SPINACH 12/12OZ Poly steam bags
,maker_linked,False,FDA,92069,2023-04-26,Dr. Praeger's Sensible Foods Inc.,"Elmwood Park, NJ",Trader Joe's,Trader Joe's,,"Trader Joe's Chickenless Crispy Tenders Net Wt, 8.1 OZ (230g) UPC 0097 8996 Packaged in a plastic bag"
,maker_linked,False,FDA,92068,2023-05-03,Fresh Express Incorpated,"Windermere, FL",Publix,Publix,,"Fresh EXPRESS Chopped Kit Caesar Romaine Lettuce TOTAL NET WT. 9.4 OZ (266g) SALAD & TOPPINGS: NET WT. 6.9 OZ (196g) DRESSING 2.5 fl. oz. (74 mL)/NET WT 2.5 oz. (71g) fresh express incorporated P.O. BOX 80599, SALINAS, CA 93912 UPC 0 71279 30919 4 | PREMIUM MAKOTO HONEY GINGER SALAD KIT TOTAL NET WT 8.75 OZ (248g) DRESSING 2.03 FL OZ (60 mL) SALAD & TOPPING 6.5 OZ (184g) DISTRIBUTED BY PUBLIX SUPER MARKETS, INC., LAKELAND, FL 33802 UPC 0 41415 18386 5 | Fresh Express Chopped Kit Chipotle Cheddar TOTAL NET WT. 11.3 oz (320G) SALAD TOPPINGS NET WT 9.1 oz (258Gg) DRESSING 2.3 fl. oz. (68 mL)/NET WT 2.2oz (62g) FRESH EXPRESS INCORPORATED P.O. BOX 80599, SALINAS, CA 93912 UPC 0 71279 30604 9"
,maker_linked,False,FDA,92116,2023-05-10,Give & Go Prepared Foods,Etobicoke,H-E-B,H-E-B,,H-E-B Bakery Two-Bite   Brownies Net Wt. 12 Oz (340g) UPC 041220109517 packaged in a clear clam shell plastic container
,maker_linked,False,FDA,92246,2023-05-24,Bakkavor Foods USA Inc.,"Charlotte, NC",Trader Joe's,Trader Joe's,,"Top Label: TRADER JOE'S GENOVA PESTO NET WT. 7 OZ. (198g) Side Label: TRADER JOE'S HUMMUS DIP NET WT. 7 OZ (98g) CONTAINS: SESAME. DIST. & SOLD EXCLUSIVELY BY: TRADER JOE'S, MONROVIA, CA 91016 UPC 0015 7353"
,maker_linked,False,FDA,92185,2023-05-31,Litehouse Inc.,"Lowell, MI",Kroger,Simple Truth,,Simple Truth Plant Based Ranch Dressing 12floz bottle UPC 01110609779.  6 retail bottle per wholesale case.
,maker_linked,False,FDA,92130,2023-05-31,"Shearer's Foods, LLC","Massillon, OH",Walmart,Great Value,,Great Value Kettle Cooked Lightly Salted Potato Chips packaged in 8oz individual plastic bags - 8 bags per case
,maker_linked,False,FDA,92326,2023-06-07,"Regal Trading, Inc.","Totowa, NJ",Trader Joe's,Trader Joe's;Trader Joes,,"Trader Joes Instant Cold Brew Coffee, 3.5 oz.(99g), 24 jars per case."
,maker_linked,False,FDA,92417,2023-06-28,ASK Foods Inc,"Palmyra, PA",Wegmans,Wegmans,,Wegmans Penne Rigate Mozzarella Salad Net Wt 30 OZ (1 LB 14 OZ) 850 g. Packaged in a plastic container.
,maker_linked,False,FDA,92354,2023-06-28,"LiDestri Foods, Inc.","Fairport, NY",Wegmans,Wegmans,,Wegmans Italian Classics Diavolo Pasta Sauce 24 OZ
,maker_linked,False,FDA,92566,2023-07-12,"Stellex/CF Houston, LLC","Houston, TX",Wegmans,Wegmans,,"Wegmans single serve snack tray (5.7oz)  packaged in a clear square plastic packaging with fruit, almonds and cheese 6 trays per case | Wegmans single serve snack tray (4.1oz) packaged in a clear square plastic packaging with apples, cheese, pretzels, and peanut butter 6 trays per case"
,maker_linked,False,FDA,92487,2023-07-19,Oregon Potato Company,"Salem, OR",Walmart,Great Value,,"Rader Farms Organic Fresh Start Smoothie Blueberry, Strawberry, Raspberry, Kale, Spinach. Item # 1399671. Frozen, packed into 8oz. flexible plastic pouches and six 8oz pouches are packed into one flexible plastic bag. Net Wt. 48oz.  UPC on retail bag: 8 84038 08326 2.    A total of 10 bags (48oz. each) are placed into a case for distribution to retailer.  DISTRIBUTED BY: Rader Farms Lynden, WA. | Great Value Sliced Strawberries. Item # 107356. Frozen, packaged flexible plastic bags. Net wt. 4 lbs (64oz). UPC on retail bag: 0 78742 25387 9.    A total of 6 sellable units (4lbs. each) are placed into a case for distribution to retailer. DISTRIBUTED BY: Walmart Inc. Bentonville, AR. | Great Value Mixed Fruit Pineapple, Strawberries, Peaches and Mango. Item # 107355. Frozen, packed into flexible plastic bags. Net wt. 4lbs (64oz).  UPC on retail bag: 0 78742 12423 0.    A total of 6 sellable units (4lbs. each) are placed into a case for distribution to retailer.  DISTRIBUTED BY: Walmart Inc. Bentonville, AR. | Rader Farms Organic Berry Trio Strawberry, Blackberry, Raspberry. Item # 105872. Frozen, packed into flexible plastic bags. Net wt. 3lbs. UPC on retail bag: 8 84038 85143 4.  A total of 6 sellable units (3lbs. each) are placed into a case for distribution to retailer.  DISTRIBUTED BY: Rader Farms Lynden, WA. | Great Value Antioxidant Fruit Blend Strawberries, Blueberries, Raspberries, Pitted Dark Sweet Cherries and Pomegranate Arils. Item # 111097. Frozen, packed into flexib"
,maker_linked,False,FDA,92127,2023-07-19,"Dakota Style, Inc","Clark, SD",Hy-Vee,Hy-Vee,,"Gelson's Sea Salt Pretzels, 4.5oz poly bags, UPC: 23631-11185, 12 pack | 1. Hy-Vee Salt & Vinegar Braided Pretzels, 10 oz poly bags, UPC: UPC: 75450-27706, 12 pack;  2. Dakota Style Salt & Vinegar Pretzel Kravings, 4.5 oz poly bags, UPC: 84872-60030, 6 pack;  3. Dakota Style Salt & Vinegar Pretzel Kravings, 10 oz poly bags, UPC 84872-60018, 12 pack, 4 pack, and 6 pack;  4. Four Brothers Salt & Vinegar Pretzels, 10 oz poly bags, UPC: 33147-89146, 12 pack | 1. Hy-Vee Dill Pickle Braided Pretzels, 10oz poly bags, UPC: UPC: 75450-24308, 12 pack;  2. Schnucks Dill Pickle Pretzel Schticks, 10oz poly bags, UPC: 41318-25268, 12 pack;  3. Best Choice Dill Pickle Pretzel Twists, 10oz poly bags, UPC: 700038-66480, 12 pack; 4. Gelson's Dill Pickle Pretzels, 4.5oz poly bags, UPC: 23631-11187, 12 pack | 1. Hy-Vee Honey Mustard Braided Pretzels, 10oz poly bags, UPC: 75450-24309, 12 pack;  2. Dakota Style Honey Mustard Pretzel Kravings, 10oz poly bags, UPC 84872-60031, 12 pack and 6 pack;  3. Four Brothers Honey Mustard Pretzels, 10oz poly bags, UPC: 33147-89145, 12 pack;  4. Schnucks Honey Mustard Pretzels Schticks, 10oz poly bag, UPC: 41318-25266, 12 pack;  5. Best Choice Honey Mustard Pretzel Twists, 10oz poly bags, UPC: 70038-66479, 12 pack;  6. Gelson's Honey Mustard Pretzels, 4.5oz poly bags, UPC: 23621-11186, 12 pack;  7. PICS / Price Chopper Honey Mustard Pretzel Twists, 10oz poly bag, UPC: 41735-05739, 12 pack; 8. Stadium Honey Mustard Pretzels, 2oz. poly bags, UPC: 60003-51999, 80 "
,maker_linked,False,FDA,92573,2023-07-26,SunOpta Grains and Foods Inc.,"Eden Prairie, MN",Aldi;Target;Trader Joe's;Walmart;Whole Foods,Good & Gather;Great Value;Season's Choice;Trader Joe's;Whole Foods Market,,"Cherries packaged under the following brands and sizes:   1.  Great Value Dark Sweet Cherries, Pitted.  Net Wt 16 oz (1 lb) 454g, UPC 	0 78742-11209 1.  Keep Frozen.  Distributed by:  Walmart Inc., Bentonville, AR  72716   2.  Good & Gather Dark Sweet Whole Pitted Cherries.  Net Wt 12 oz (340 g), UPC 0 85239-04816 0.  Keep Frozen.  Distributed By  Target Corporation Minneapolis, MN  55403   3.  Best Choice Superior Selections Pitted Red Tart Cherries, unsweetened.  Net Wt 12 oz (340 g), UPC 0 70038-65496 4.  Keep Frozen.  Proudly Distributed By:  Asociated Wholesale Grocers, Inc., Kansas City, Kansas  66106 | Good & Gather Organic cherries & berries fruit blend.  Blueberries, dark sweet pitted cherries, tart pitted cherries & Strawberry slices.  	Net Wt 32 oz (2 lb) 907g, UPC 0 85239-04782 8.  Keep Frozen.  Distributed by Target Corporation Minneapolis, MN  55403 | Seasons Choice Mixed Fruit, Strawberries, Pinneapple, Peaches & Mango, Net Wt 32 oz (2lb) 907g.  Dist & Sold Exclusively By:  Aldi, Batavia, IL 60510. | Good & Gather Mixed Fruit Blend  Pineapple Chunks, Sliced Strawberries, Mango Chunks & Sliced Peaches.  Net Wt 48 oz (3lb) 1.36kg.  UPC 	0 85239-04821 4.  Keep Frozen.  Dist. By Target Corp, Minneapolis, MN  55403 | 365 Whole Foods Market Organic Blackberries.  Net Wt 10 oz (284g), UPC 0 99482-40605 9.  Keep Frozen.  Distributed by:  Whole Foods Market, Austin, TX  78703 | Good & Gather Triple Berry Blend.  Blueberries, Blackberries, & Red Raspberries.  Net Wt 48 o"
,maker_linked,False,FDA,92684,2023-07-26,Braga Fresh Foods,"Salinas, CA",Whole Foods,365 by Whole Foods;Whole Foods Market,,365 by Whole Foods Market Organic Asian Inspired Chopped Salad Kits 12 oz plastic bags 9 bags per case UPC: 9948246932 Item#: 9770522
,maker_linked,False,FDA,92623,2023-07-26,Townsend Farms Inc,"Fairview, OR",Kroger,Kroger;Private Selection,,"Private Selection 48oz Tropical Mango Chunks, frozen product, 8/48 oz bags per case. UPC 0 11110 84663 1.  Distributed by The Kroger Co. Cincinnati, OH | Private Selection 16oz Strawberry, Mango & Pineapple Blend for Smoothie, frozen product, 10/16oz. bags per case. UPC 0 11110 87853 3.  Distributed by The Kroger Co. Cincinnati, OH | Private Selection 48oz Classic Fruit Medley, frozen product, 8/48 oz bags per case. UPC 0 11110 82026 6. Distributed by The Kroger Co. Cincinnati, OH | Private Selection 48oz Blueberries, Strawberries & Mangoes, frozen product, 8/48 oz bags per case.  UPC 0 11110 89623 0.  Distributed by The Kroger Co. Cincinnati, OH"
,maker_linked,False,FDA,92712,2023-08-02,"Winter Gardens Quality Foods, Inc.","New Oxford, PA",Trader Joe's,Trader Joe's;Trader Joes,,"Trader Joes Unexpected Broccoli Cheddar Soup ( Sharp Cheddar Cheese & Unexpected Cheddar Cheese )Keep Refrigerated, NET WT. 20 OZ (1 LB 4 OZ ) 567g, 12 in a Case"
,maker_linked,False,FDA,92632,2023-08-02,Trinidad Benham Corp,"Denver, CO",Sprouts,Sprouts Farmers Market,,"GARBANZO BEANS, SPROUTS FARMERS MARKET, Net Wt 16oz (1 LB) 454g units, 12 units / case.  UPC 6 46670-51757 0.  Distributed by Sprouts Farmers Market, Phoenix, AZ 85054."
,maker_linked,False,FDA,92766,2023-08-16,Rich Products Corp,"Buffalo, NY",Sam's Club,Member's Mark,,Member's Mark brand BREADED MOZZARELLA STICKS; 72 STICKS; 2 RESEALABLE BAGS INCLUDED; NET WT 5 LB (2.26 kg); UPC 078742226880
,maker_linked,False,FDA,92780,2023-08-23,"California Ranch Food Company, Inc.","Vernon, CA",Trader Joe's,Trader Joe's,,"Trader Joe's Fully Cooked Falafel Heat & Eat NET WT. 12 OZ (340g) Distributed and Sold Exclusively By: Trader Joe's Monrovia, CA 91016  UPC 0093 9355"
,maker_linked,False,FDA,92773,2023-08-23,Commercial Bakeries,North York,Trader Joe's,Trader Joe's,,"Ruxton Chocolates Manning Brand Pumpkin Creme Cookies 19.5 oz. Bulk product packaged in bags, 12 bags per case. | Trader Joe's Tiniest Chocolate Chip Cookies Net Wt. 8 oz (227 g) UPC: 0076 3691 Packaged in bags. 24 bags per case. | Annie's Homegrown Gluten Free Bunny Grahams Cocoa & Vanilla Flavored With Other Natural Flavors Graham-Style Snacks Net Wt 6.75 oz (191g) UPC: 13562 00019 Packaged in cartons, 7 and 12 retails cartons per case | Trader Joe's  Joe-Joe's Chocolate Vanilla Creme Flavored With Other Natural Flavors Net Wt.13.4 oz (380g) UPC: 0076 5725 Packaged in trays. 26 units per case. | Simply MI-Delicious MI-DEL Swedish Style Ginger Snaps Net Wt. 10 oz (284g)UPC:3068403502. Packaged in plastic bags, 12 bags per case. | Benton's 100 Calorie Snack Packs Baked Chocolate Wafer Snacks 6-0.81 OZ (23g) Packs Net Wt. 4.86 oz UPC: 4 099100 040416 Packaged in a paper carton, 16 cartons per case. | Trader Joe's Gluten Free  Joe-Joe's Chocolate Vanilla Creme Sandwich Cookies Net Wt.12.5 oz (354g) UPC: 0050 7547 Packaged in paper cartons. 25 retail units per case. | Gluten Free MI-DEL Swedish Style Ginger Snaps Net Wt. 8 oz (227g) & 10 oz UPC:3068476890. Packaged in plastic bags, 12 bags per case."
,maker_linked,True,FDA,92757,2023-09-06,C & S Wholesale Grocers Inc.,"Keene, NH",Ahold Delhaize,Nature's Promise;Stop & Shop,,The following items sold at Stop & Shop stores located in the New York Metro Region:  Tofurky Holiday Ham Roast Nasoya Tofu X-Firm Twin Pack Field Roast Apple Vegan Sausage Field Roast Veggie Burger Lightlife Jackfruit Nasoya Thai Basil Dumpling Field Roast Italian Sausage Field Roast Apple Sausage BBQ Jackfruit Tex Mex Jackfruit Lightlife Sausage Chorizo  Nasoya Organic Tofu Firm Nasoya Zesty Mex Skillet Field Roast Chipotle Sausage Nasoya Super Firm Sprouted Tofu Lightlife Smart Sausage Italian Lightlife Smart Slice Turkey Nasoya Extra Firm Tofu Lightlife Smart Bacon Upton's Naturals Jackfruit Thai Curry Smart Dogs Plant Based Hot Dogs Nasoya Organic Super Firm Tofu Tofurky Italian Sausage Lightlife Smart Ground Crumbles Lightlife Smart Ground Mexican Crumbles Tofurky Oven Roasted Deli Slices | The following items sold at Stop & Shop stores located in the New York Metro Region:  Bolthouse Avocado Goddess Dressing Bolthouse Blue Cheese Dressing Bolthouse Caesar Dressing Bolthouse Cucumber Ranch Dressing Marzetti Light Ranch Veg Dip Marzetti French Onion Veg Dip Marzetti Spinach Veg Dip Marzetti Simply Dressed Lemon Vinagrete Marzetti Simply Dressed Ranch Dressing Marzetti Simply Dressed Caesar Makoto Ginger Dressing Bolthouse Chunky Blue Cheese Dressing Maries Chunky Blue Cheese Dressing Maries Creamy Ranch Dressing Maries White Balsamic Vinagret Maries Garlic Parm Italian Vinagret Maries Coleslaw Dressing Maries Super Blue Cheese Dressing Maries Chunky Blue Cheese Dressing 
,maker_linked,False,FDA,92905,2023-09-06,Treehouse Foods,"Oak Brook, IL",Trader Joe's,Trader Joe's,,"Trader Joe's Multigrain Crackers with Sunflower and Flax Seeds, 10oz (283g) box, UPC 000000761567, 24 retail boxes per wholesale case"
,maker_linked,False,FDA,92907,2023-09-20,"Twin City Foods, Inc.","Stanwood, WA",Ahold Delhaize;Albertsons;Kroger,Food Lion;Kroger;Signature Select,,"Individually Quick Frozen (IQF) Corn, distributed in bulk cases (1kg, 10kg, 12kg, 15kg, 25kg) to consignees for further processing.  Cases are read in parts: Product of U.S.A. Packed By Twin City Foods, Inc. Stanwood, Washington.  Super Sweet Grade A Cut Corn Blanched Vegetables, net wt. 12kg (12/1kg bags per case). Super Sweet Grade A Cut Corn Blanched Vegetable, net wt. 10kg Super Sweet Cut Corn Blanched Vegetables, net wt. 12kg Super Sweet Cut Corn Blanched Vegetables, LARGE, net wt. 12kg Super Sweet Grade A Cut Corn Blanched Vegetables, net wt. 15kg Super Sweet Grade A Triple Clean Cut Corn Blanched Vegetables, net wt. 15kg Super Sweet Grade A Cut Corn Blanched Vegetables, net wt. 25kg Super Sweet Grade A Triple Clean Cut Corn, net wt. 25kg | Mixed Vegetables BEST PRICE TOPVALU, net per bag 500g. Label is in foreign language. 4549414484120  Food Lion Mixed Vegetables Carrots, Corn, Green Beans & Peas. Product of USA, net wt. per bag 16oz, 12 bags per case. Distributed by Food Lion, LLC Salisbury, NC. UPC 35826005090  Kroger Mixed Vegetables Carrots, Super Sweet Corn, Green Beans & Green Peas. Product of USA, net wt. per bag 12oz, 14 bags per case. Distributed by The Kroger C. Cincinnati, OH. UPC 11110849625  Kroger Mixed Vegetables Carrots, Super Sweet Corn, Green Beans & Green Peas. Product of USA, net wt. per bag 32oz, 6 bags per case. Distributed by The Kroger C. Cincinnati, OH. UPC 11110865854 | Kernel Corn, BEST PRICE TOPVALU, net wt. per bag 300g. Label is in foreig"
,maker_linked,False,FDA,92762,2023-09-20,Fantasy Cookie Corporation,"Sylmar, CA",Trader Joe's,Trader Joe's,,"Trader Joe's Almond Windmill Cookies Buttery, tender cookies topped with crunchy almonds. Net Wt. 15 oz. | Trader Joe's Dark Chocolate Chunk and Almond Cookies Net Wt. 13 oz."
,maker_linked,False,FDA,92844,2023-09-27,Mount Franklin Foods LLC DBA Azar Nut Co.,"El Paso, TX",7-Eleven,7 Select,,"Power Snacks Honey Roasted Sunflower Kernels, Net Wt 1 oz; UPC 076500722025 | 1. 7 Select Cashews Halves & Pieces Honey Roasted, Net Wt 3 oz, UPC 00052548723804 2. 7 Select Cashews Halves & Pieces Honey Roasted, Net Wt 5 oz, UPC 00052548723811 3. Circle K Honey Roasted Cashews, Net Wt 2 oz, UPC 194283102749 | Circle K Honey Roasted Peanuts, Net Wt 2.5 oz, UPC 194283102596 | 1. Circle K Get Up Trail Mix, Net Wt 2 oz, UPC 194283102893 2. Circle K Get Up Trail Mix, Net Wt 6 oz, UPC 194283104262 3. 7 Select Go! Smart Rise & Shine, Net Wt 2.5 oz, UPC 00052548681500 | Circle K Sweet & Spicy Mix, Net Wt 7 oz; UPC 194283104613"
,maker_linked,False,FDA,92858,2023-09-27,"Great Lakes Cheese, Inc.","La Crosse, WI",Ahold Delhaize;Aldi;H-E-B;Meijer;UNFI/SuperValu;Wakefern/ShopRite;Walmart,Bowl & Basket;Clancy's;Essential Everyday;Food Lion;Giant Eagle;Great Value;H-E-B;Hill Country Fare;Meijer;ShopRite,,"Pasteurized Prepared Cheese Product packaged under the following brands and sizes:   1.	Great Value Original Melt'n Dip Easy Melt Cheese,  Net Wt 16 oz (1 lb) 453g.   UPC 0 78742-01512 5.  Refrigerate after Opening.   Distributed By:  Walmart Inc., Bentonville, AR  72716 2.	Great Value Original Melt'n Dip Easy Melt Cheese, Net Wt 32 oz (2 lbs) 907g.  UPC 0 78742-35328 9.  Refrigerate after Opening.  Distributed By:  Walmart Inc., Bentonville, AR  72716 3.	SE Grocers Melting American Style Cheese,  Net Wt 32 oz (2 lbs) 907g.  UPC 0 38259-11152 9.  Refrigerated after Opening.   Disbributed BY:  Southeastern Grocers, 8928 Prominence Pkwy, Bldg 200, Jacksonville, FL  32256 | HEB Easy Melt Salsa Queso, with Tomatoes, Jalapeno Peppers & Onions, Net Wt 32 oz (2 lbs) 907g.  UPC 0 41220-33063 8.  Refrigerate after Opening.  Made with Pride and Care for H-E-B, San Antonio, Texas 78204 | Cheese Spread Pasteurized Process packaged under the following brands and sizes:    1.	bowl & Basket, A Shoprite Brand, Net Wt 32 oz (2lb)907g.  UPC 0 41190-46935 2.  Refrigerate after Opening.  Distributed by:  Wakeforn Food Corp, 5000 Riverside Drive, Keasbey, NJ  08832 2.	Lucerne Dairy Farms, Family Size, American Style , Net Wt 32 oz (2lb)907g.  UPC 0 21130-04365 1.  Refrigerate after Opening.  Distributed By Lucerne Foods, Inc., P.O. Box 99, Pleasanton, CA  94566-00009.   3.	meijer Tasty Melt, Net Wt 32 oz (2lb)907g.   UPC 7 19283-54822 1.  Refrigerated after Opening.  , Dist. By Meijer Distributio"
,maker_linked,False,FDA,93120,2023-10-11,Otis McAllister,"Orinda, CA",Target,Good & Gather,,"Good & Gather Organic Jasmine Rice, 30 oz, stand up pouch"
,maker_linked,False,FDA,93177,2023-11-08,"Rise Baking Company, LLC dba The New French Bakery Inc.","Minneapolis, MN",Target,Favorite Day,,"Favorite Day Bakery demi French bread.  Net Wt. 8 oz (227g)  UPC 0 85239-13232 6.  Distributed by Target Corporation, Minneapolis, MN  55403."
,maker_linked,False,FDA,93287,2023-11-22,GIVE AND GO PREPARED FOODS CORP,"Etobicoke, N/A",Amazon,Amazon Fresh,,"Item 19858, Amazon Fresh, Frosted Mini Brownie with yellow and purple icing with sprinkles, 12 count per pack, packaged in a plastic clear clamshell container, net wt. 14oz. Case UPC 1 08 42379 19858 5; Retail package UPC 8 42379 19858 8."
,maker_linked,False,FDA,93271,2023-11-29,Treehouse Foods,"Oak Brook, IL",Ahold Delhaize,Giant Eagle,,"HEB Central Market Blueberry Buckwheat Gluten Free Waffle, 8.25oz, UPC 004122025365 Giant Eagle Blueberry Gluten Free Waffle, 11.3oz, UPC 030034944940 Topco Full Circle Market Gluten Free Waffles - Blueberry, 11.3oz, UPC 036800486980"
,maker_linked,False,FDA,93480,2023-12-13,Seneca Foods Corporation,"Janesville, WI",Hy-Vee,Hy-Vee,,"HyVee Turkey Gravy, Net Wt 12 oz (340g).  UPC 0 75450-03608 4.  Distributed by Hy-Vee, Inc., West Des Moines, IA  50266"
,maker_linked,False,FDA,93457,2023-12-13,Market Cuts LLC,"Chicago, IL",Aldi,Little Salad Bar,,"Market Cuts	40 oz Combo Tray Fruit Small	40	Ounce tray UPC 092538001611; (No brand)	80 oz Combo Tray Fruit Large	80	Ounce tray UPC 092538001604; (No brand)	40 oz Combo Tray Fruit Small	40	Ounce tray UPC 092538001611; Market Cuts	80 oz Combo Tray Fruit Large	80	Ounce tray UPC 092538001604 | (No brand)	10 oz Mix Pico de Gallo w/Pineapple 3/8""	10	Ounce clamshell UPC 092538003233; Freshly Made	Pico de Gallo w/Pineapple Mix	10	Ounce clamshell UPC 092538003233; Market Cuts	10 oz Mix Pico de Gallo w/Pineapple 3/8""	10	Ounce clamshell UPC 092538003233 | Market Cuts	1 lb Pineapple Spear	1	Pound clamshell UPC 092538001239; Market Cuts	1 lb Pineapple Chunk 1""x1"" 	1	Pound clamshell UPC 092538001284; Market Cuts	Pineapple Chunk 1"" 2/5lb Tray	 5	Pound tray; Market Cuts	Pineapple Chunk 1"" 1/5lb Tray	5	Pound tray; Market Cuts	6 oz Pineapple Chunk Grab n Go	6	Ounce cup UPC 092538002779; Freshly Made	Pineapple Chunk	28	Ounce bowl UPC 092538002243; (No brand)	10 oz Pineapple Chunk Grab n Go	10	Ounce cup UPC 092538002052; (No brand)	1 lb Pineapple Chunk 1""x1"" 	1	Pound tray UPC 092538001284; (No brand)	1 lb Pineapple Spear	1	Pound tray UPC 092538001239; Market Cuts	1 ea Pineapple Peeled/Cored	1	Count cup UPC 092538002205; Market Cuts	Pineapple Chunk 3/4"" 1/5lb Tray U S Foods	5	Pound tray Little Salad Bar Pineapple Spears	1lb clamshell UPC 4099100210736 | Little Salad Bar Cantaloupe Chunks, 1lb clamshell UPC 4099100215885; Market Cuts Cantaloupe Chunk 1"" 1/5lb Tray, 5lb tray; Market Cuts1 lb Cantal"
,maker_linked,False,FDA,93502,2023-12-27,Renaissance Food Group,"Conley, GA",Sprouts;Trader Joe's,Sprouts Farmers Market;Trader Joe's,,"Sprouts Tropical Fruit Blend NET WT 10 OZ (283g) UPC 8 26766 89490 1 Manutfactured Exclusively for Sprouts Farmers Market Phoenix, Arizona 90504 | Mixed Melon NET WT 9 OZ (255 g) UPC 8 26766 13926 2 & 18 OZ (1 LB 2 OZ) 510 g Dist. By: Renaissance Food Group LLC 4322 Moreland Ave Corley, GA 30288 | Small Fruit Tray NET WT 1 LB 10 OZ (26 OZ) 737 g UPC 8 26766 19098 0 | Large Fruit Tray with Dip NET WT 73.5 OZ (4 LBS (.5 OZ) 2.08 kg UPC 8 26766 19101 7 Dist. By: Renaissance Food Group LLC Rancho Cordova, CA 95670 | Cantaloupe Chunks 9oz (255g) UPC 8 26766 13923 1 & 18 oz (1 LB 2 OZ) 5??g UPC 8 26766 13917 0 Dist By Renaissance Food Group, LLC 4322 Moreland Avenue, Conley, GA 30288 | Cantaloupe Chunks with Tajin 9 OZ (255 g) UPC 8 26766 13935 4 Dist By Reniassence Food Group LLC 4322 Moreland Avenue Conley GA 30288 | TRADER JOE'S FRESH CUT FRUIT FRUITFUL MEDLEY NET WT 16 OZ (1 LB) 453g UPC 0054 9912 DIST & SOLD EXCLUSIVELY BY TRADER JOE'S MONROVIA, CA 95013 | Sprouts Farmers Market Apple Fruit Medley 10 OZ (283g) UPC 8 26766 40543 5 & 20 OZ (1.25 LB) 566g UPC 8 26766 40544 2 Manufactured Exclusively for Sprouts Farmers Market, Phoenix, Arizona 85054 | Large Fruit Tray NET WT 73 OZ (4 LBS 9 OZ) 2.06 kg UPC 8 26766 19100 0 Dist. By: Renaissance Food Group, LLC Rancho Cordova, CA 95670 | Sprouts Farmers Market Assorted Fruit Spears NET WT 20 OZ (1.25 LB) 566g UPC 8 26766 40542 8 | Sprouts Farmers Fruit Tray NET WT 32 OZ (2 LB) 907g UPC 8 26766 89481 9 | Fruit Medley NET WT 9 OZ (255"
,maker_linked,False,FDA,93459,2023-12-27,The HMC Group Marketing Inc,"Kingsburg, CA",Albertsons,Signature Farms,,HMC Farms Nectarines 2lb Gusset Bag | HMC Farms Peaches 2lb Gusset Bag | HMC Farms White Nectarines 2lb Gusset Bag | HMC Farms White Peaches 4lb box | HMC Farms Nectarines 4lb bag | HMC Farms White Nectarines 4lb box | HMC Farms Nectarines Signature Farms 2lb bag | HMC Farms Peaches 4lb box | HMC Farms Plums 2lb Gusset Bag | HMC Farms White Peaches 2lb Gusset Bag | HMC Farms Peaches Signature Farms 2lb bag
,maker_linked,False,FDA,93484,2023-12-27,"Willamette Valley Pie Company, LLC","Silverton, OR",Whole Foods,Whole Foods Market,,"Bulk Frozen Cases: The 9"" Vegan Pumpkin Pie bulk case has UPC 22518 84081 and the label is read in parts: 9"" Vegan Pumpkin Pie WFM, BAKED BULK, 6 units/case. KEEP FROZEN - TRANSPORT AND STORE AT LESS THAN ZERO DEGREES F. Just Thaw and serve. Remove from freezer, removed plastic wrap, and let thaw in REFRIGERATOR overnight. Please keep refrigerated. NOT SHELF STABLE.  Willamette Valley Pie Company 1651 Eska Way, Silverton, OR 97381.    Individual Retail Packages: Whole Foods Market - Vegan Pumpkin Pie, net Wt. 1lb 12oz (794g) packaged in window box or plastic clamshell. Whole Foods Market - Vegan Pumpkin Pie Half, net wt. 13 oz. (369g); packaged  in plastic clamshell. Whole Foods Market - Vegan Pumpkin Pie Slice, net wt. 4 oz. (113g); packaged in plastic clamshell."
,maker_linked,False,FDA,93689,2024-01-10,Raw Seafoods Inc.,"Fall River, MA",Wegmans,Wegmans,,"Wegmans Seafood Medley, 1lb."
,maker_linked,False,FDA,93143,2024-01-24,"TreeHouse Foods, Inc.","Cambridge, MD",Ahold Delhaize;Albertsons;Aldi;CVS;H-E-B;Target;Trader Joe's;UNFI/SuperValu;Walmart;WinCo,Gold Emblem;Good & Gather;H-E-B;Nature's Promise;O Organics;Sam's Choice;Signature Select;Simply Nature;Trader Joe's;Wild Harvest;WinCo,,"Central Market 32oz Organic No Salt Added Chicken Broth | Central Market 16oz Organic Low Sodium Chicken Broth Concentrate | Reduced Sodium Chicken Broth labeled under:  WinCo, 32oz Reduced Sodium Chicken Broth HEB Select Ingredients, 32oz Reduced Sodium Chicken Broth  Signature Select, 48oz Reduced Sodium Chicken Broth Signature Select, 32oz Reduced Sodium Chicken Broth HEB Select Ingredients, 48oz Reduced Sodium Chicken Broth | Imagine, 32oz Bone Broth Chicken | Chicken Broth sold under Chef's Cupboard, 32oz Chicken Stock, UPC:  4099100067699, carton Gold Emblem, 32oz Chicken Broth, UPC:  50428430095, carton H-E-B, 48oz Chicken Broth, UPC:  41220610013, carton HEB Select Ingredients, 32oz Chicken Broth, UPC:  41220610006, 41220610075 (club pack), carton Signature Select, 32oz Chicken Broth, UPC:  21130370184, carton Signature Select, 48oz Chicken Broth, UPC:  21130370023, carton WinCo 3,2oz Chicken Broth, UPC:  70552607279, carton | Full Circle, 32oz Organic Chai Tea Latte | Rise Brewing 32oz Organic Oatmilk | Organic Chicken Bone Broth sold under:  Culinary Treasures 32oz Organic Chicken Bone Broth  Natures Promise 32oz Organic Chicken Bone Broth	 Sam's Choice 32oz Organic Chicken Bone Broth	 Simply Nature 32oz Organic Chicken Bone Broth  Wild Harvest 32oz Organic Bone Broth Chicken  O Organics 32oz Organic Chicken Bone Broth | Rise Brewing 32oz Organic Vanilla Oatmilk | Sprouts, 32oz Organic Low Sodium Vegetable Broth | Vegetable Broth sold under:  Essential Every day, 32"
,maker_linked,False,FDA,93674,2024-01-24,Biery Cheese Company,"Louisville, OH",Sam's Club,Member's Mark,,"Member's Mark - Mild Cheddar Fancy (Fine) Shredded Cheese packaged in 5lbs, 8 packages per case"
,maker_linked,False,FDA,93633,2024-01-24,Fresh Express Incorpated,"Windermere, FL",Publix,Publix,,"Lettuce in clear plastic 2lb bags. | Spinach sold under the brand names of Fresh Express NET WT. 8 OZ (227G) UPC 0 71279 13204 4 FRESH EXPRESS INCORPORATED PO BOX 80399, SALINAS, CA 93912 & Publix NET WT 9 OZ (255g) UPC 0 41415 00886 1 DISTRIBUTED BY PUBLIX SUPER MARKETS, INC., LAKELAND, FL 33802"
,maker_linked,False,FDA,93728,2024-01-31,"Richelieu Foods, Inc.","Wheeling, IL",Whole Foods,Whole Foods Market,,"365 Whole Foods Vegan Ultimate Veggie, Thin Cust Pizza. Item # 999209512   Topped with Vegan Mozzarella-Style Cheese, Green and Red Bell Peppers, Mushrooms, Black Olives and Red Onions.  Net Wt 13.7 oz (388g) UPC 0 99482-51870 7.  Keep Frozen.  Distributed by Whole Foods Market, Austin, TX  78703."
,maker_linked,False,FDA,93814,2024-02-07,"Rizo Lopez Foods, Inc. dba Don Francisco Cheese","Modesto, CA",Whole Foods,Whole Foods Market,,"365 Whole Foods Market Ricotta Part Skim 15 oz. UPC 9-94824-63052  365 Whole Foods Market Ricotta Whole Milk 15 oz. UPC 9-94824-96245  Ricotta Part Skim 65%, 70%, 75% Moisture (bulk) | Monterey Jack Conventional (bulk) | Tio Francisco Panela 14 oz. UPC 7-27242-00550-0  Food City Panela  16 oz. Tio Francisco, San Carlos, Dos Ranchitos, La Ordena, Campesino Panela Available to consumers at retail deli counters in various sizes  Tio Francisco Panela Barra Available to consumers at retail deli counters in various sizes.  Panela Regular and Barra (Bulk) | Paneer (bulk) | Rizo Bros. Oaxaca 8 oz. UPC 7-27242-00334-6  Tio Francisco Oaxaca 12 oz. UPC 7-27242-12332-7  Tio Francisco Oaxaca 14 oz. UPC 7-27242-00532-6  Food City Oaxaca 16 oz.  Tio Francisco, San Carlos Available to consumers at retail deli counters in various sizes  Tio Francisco Oaxaca (shred) Available to consumers at retail deli counters in various sizes  Oaxaca (bulk) | Tio Francisco Crema Centroamericana  16 oz. UPC 7-27242-00440-4  Tio Francisco, Campesino Crema Centroamericana Available to consumers at retail deli counters in various sizes  Tio Francisco Crema Latina 16 oz. UPC 7-27242-35445-5  Tio Francisco Crema Latina Available to consumers at retail deli counters in various sizes  Tio Francisco Crema La Deliciosa Available to consumers at retail deli counters in various sizes  Tio Francisco Crema La Suprema Available to consumers at retail deli counters in various sizes  Campesino Crema Menonita Available to co"
,maker_linked,False,FDA,93978,2024-03-06,Ready Pac Foods Inc,"Irwindale, CA",Walmart,Marketside,,Ready Pac Bistro Queso Crunch Salad Kit 24 oz. UPC 077745256139 | Marketside Southwest Chopped Kit 10.3 oz. UPC 681131305129 | Marketside Bacon Ranch Crunch Kit 9.8 oz. UPC 681131305440 | Ready Pac Bistro Fresh Mex Chopped Kit 10.5 oz. UPC 077745256108
,maker_linked,False,FDA,93984,2024-03-06,Braga Ranch INC.,"Soledad, CA",Walmart,Marketside,,Marketside Bacon Ranch Crunch Chopped Salad Kit 12.76 oz. UPC 6 8113130544 0
,maker_linked,False,FDA,93982,2024-03-13,Taylor Fresh Foods Inc,"Salinas, CA",Walmart,Marketside,,"Marketside Bacon Ranch Crunch Chopped Salad Kit  12.76oz UPC 681131305440 | COLD CASE, ROASTED STREET CORN SALAD 1/4.78# (KR) Separate Kit Items packed in sealed bag and placed in a plastic RPC container"
,maker_linked,False,FDA,93931,2024-03-13,Summer Fresh Salads Inc,Woodbridge,Wegmans,Wegmans,,"Wegmans Harissa Hummus Topped With Harrisa 10.5 ounce (298 g), clear plastic package with top, side and bottom labels."
,maker_linked,False,FDA,93980,2024-03-27,Dole Fresh Vegetables Inc,"Monterey, CA",Walmart,Marketside,,Dole Chopped Kit Avocado Ranch UPC 71430000915 | Dole Premium Kit Southwest Salad UPC 71430017012 | Marketside Chopped Salad Kit Bacon Crunch UPC 681131305440 | Dole Premium Kit Endless Summer UPC 71430010730 | Dole Cajun Ranch Chopped Kit UPC 71430002063
,maker_linked,False,FDA,94221,2024-04-03,John B. Sanfilippo & Son Inc.,"Elgin, IL",Walmart,Great Value,,"Great Value Honey Roasted Cashews, 8.25oz. plastic can, UPC 0 78742 13334 8"
,maker_linked,False,FDA,94095,2024-04-03,"Barsotti Juice Company, Inc.","Camino, CA",Trader Joe's,Trader Joe's,,"Barsotti Organic Carrot Juice 16 oz. and 64 oz. plastic bottles Perishable, Keep Refrigerated Ingredient: Fresh Pressed Organic Carrot Juice.  Flash Pasteurized.  Barsotti Juice Co., Camino, CA 95709 (530_ 622-4629 www.barsottijuice.com   Trader Joe's 100% Juice Organic Carrot Juice 16 oz. and 32 oz. plastic bottles Flash Pasteurized Perishable, Keep Refrigerated Use within 5 days after opening Shake well before using Ingredients: Organic Carrot Juice Dist. & Sold Exclusively By: Trader Joe's, Monrovia, CA 91016 SKU #12598 and 12599"
,maker_linked,False,FDA,94249,2024-04-03,Wenders LLC,"Dublin, CA",Trader Joe's,Trader Joe's,,"Trader Joe's 50% Less Sodium Roasted & Salted Whole Cashews Net Wt. 15 oz (1 LB) 454g Dist. & Sold Exclusively By: Trader Joe's, Monrovia, CA 91016 Cashews Product of India and Vietnam"
,maker_linked,False,FDA,94283,2024-04-24,"Shearer's Foods, LLC","Massillon, OH",Walmart,Great Value,,"Great Value Twist & Shout Strawberry Creme Sandwich Cookies, Net WT 15.35 oz. box containing film wrapped trays of stacked cookies. 12 boxes per case."
,maker_linked,False,FDA,94397,2024-05-22,"Hiland Dairy Foods Company, LLC","Kansas City, MO",Target;Walmart,Good & Gather;Great Value,,"1. Country Club, Price Chopper, Good & Gather, Hiland, Belfonte, Great Value, Hen House Vitamin D Whole Milk, 1 gallon. 2. Country Club, Price Chopper, Good & Gather, Best Choice, Good Nature Family Farms Vitamin D Whole Milk, Half Gallon. 3. Belfonte, Hiland Vitamin D Whole Milk, Quart"
,maker_linked,False,FDA,94666,2024-05-29,BAKERLY BARN LLC,"Easton, PA",Walmart,Marketside,,"Marketside Brioche Rolls, Authentic French Recipe, Net Wt. (.88 OZ (280g)"
,maker_linked,False,FDA,94548,2024-06-12,Rise Baking Company dba South Coast Baking,"Springdale, AR",Sam's Club,Member's Mark,,"Panera Oatmeal Raisin with Berries Cookie, Net Wt. 41.25 lb (18.71kg), 220/3 oz cookie dough pucks/case | Costco Chocolate Chunk Frozen Cookie Dough, Net Wt. 33lb (14.97kg), 1.6 oz dough pucks  Member's Mark Chocolate Chunk, Net Wt. 14.85lb (6.74kg), 144/1.65 oz dough pucks/case Panera Chocolate Chipper Cookie, Net Wt. 41.25 lb (18.71kg), 220/3 oz dough pucks/case Rise Baking Jumbo Chocolate Chunk, Net Wt. 37.5 lb (17.01 kg), 240/2.5 oz dough pucks/case Mini Chocolate Chip Cookie, Net Wt.  16.87 lb (7.65 kg), 600/0.45 oz dough pucks/case | Rise Baking Company Cowboy Cookie, Net Wt. 18.75 lb (8.5 kg), 300/ 1.0 oz dough pucks/case | Panera Kitchen Sink Cookie, Net Wt. 45 lb (20.41 kg), 120/6 oz dough pucks/case"
,maker_linked,False,FDA,94578,2024-06-12,Schreiber Foods Inc,"Green Bay, WI",Aldi;Hy-Vee;Kroger;UNFI/SuperValu,Essential Everyday;Happy Farms;Hy-Vee;Kroger,,"Chive and Onion Cream Cheese Spread, Net Wt. 8 oz. (226g). Keep Refrigerated, packaged under the following brands: 1.	Fareway, UPC 0 21333-83066 9. Packed for Fareway Store, Inc. Boone, Iowa 50036. 2.	Happy Farms, UPC 4099100 101751. Dist & Sold Exclusively by Aldi, Batavia, IL  60510. 3.	Hy Vee, UPC 0 75450-09607 1. Distributed by Hy-Vee Inc. West Des Moines, IA  50266. | Whipped Cream Cheese Spread.  Net Wt 8 oz. (226g)  Keep Refrigerated, packaged under the following brands:   1.	Dutch Farms, Net, UPC 0 919145-67990 1.  Distribured By:  Dutch Farms, Chicago, IL  60628.   2.	Fareway, UPC 0 21333-83051 5.  Packed for Fareway Store, Inc. Boone, Iowa  50036.   3.	Happy Farms, UPC 4099100101881, Dist & Sold Exclusively by Aldi, Batavia, IL  60510 4.	Hy Vee , UPC 0 75450-09613 2.  Distributed by Hy-Vee Inc. West Des Moines, IA  50266.   5.	Kroger, UPC 0 11110-58088 7.  Distributed By The Kroger Co., Cincinnati, OH  45202.   6.	Our Family, UPC 0 70253-50994 0.  Distributed by Pique Brands, Inc. Grand Rapids, MI  49518.   7.	Schnuck, UPC 0 41318-58005 1.  Distributed By Schnuck Markets, Inc., St. Louis, MO  63146-6928. | Blueberry Cream Cheese Spread, Net Wt. 8 oz. (226g). Keep Refrigerated, packaged under the brand Essential Everyday, UPC 0 41303-04876 4.  Distributed By UNFI, Providence, RI 02908. | Ranch Garlic Cream Cheese Spread, Net Wt. 5 lbs. Manufactured By Schreiber Foods, Inc., Green Bay, WI 54301. | Strawberry Cream Cheese Spread, Net Wt 8 oz. (226g). Keep Refrigerated,"
,maker_linked,False,FDA,94402,2024-07-03,The James Skinner Co.,"Omaha, NE",Walmart,Marketside,,"Marketside Cinnamon Pecan Braid, Triple-Filled Danish, Filled with Cinnamon Filling, Topped with Pecans, Sweet Icing and Streusel. Net Wt. 18 oz (1 lb 2 oz) 510g. UPC 7874202922. 6 units per case."
,maker_linked,False,FDA,94458,2024-07-10,"NATURAL SOURCING INTERNATIONAL,LLC","Encino, CA",Walmart,Great Value,,Walmart Great Value Organic Black Chia Seeds 32 oz.
,maker_linked,False,FDA,94307,2024-07-24,NORTERA FOODS USA,"Rochester, NY",Wegmans,Wegmans,,Wegmans brand Frozen Cut Green Beans; 16oz bags
,maker_linked,False,FDA,94927,2024-08-07,"Reser's Fine Foods, Inc.","Beaverton, OR",H-E-B,H-E-B;Hill Country Fare,,"Hill Country Fare Mustard Potato Salad refrigerated product is packaged in clear square plastic container with printed white plastic lid, net 48oz (3lb) 1.36 KG. UPC 4122003165. Distributed by H-E-B, San Antonio, TX 78204.  There are 6 containers per case."
,maker_linked,False,FDA,94571,2024-08-14,Palmer & Company,"Sioux City, IA",Meijer;Target;Walmart,Favorite Day;Freshness Guaranteed;Meijer,,"1. Palmer Candy Drizzled Caramel Corn, Item 19271, Net Wt. 16/5oz tubs, UPC 77343 19271 2. Meijer Drizzled Caramel Popcorn Snack Bowl, Net Wt. 12oz, UPC 60236 18830, 8/12oz case | Palmer Patriotic Munchy Medley, Net Wt 15oz, UPC 7723237060, 12/15oz case | 1. Freshness Guaranteed Peanut Butter Snack Mix, Net Wt 12oz, UPC 78742 03912, 8/12oz case 2. Peanut Butter Snack Mix, Net Wt 4.5oz to go container, Distributed by: Kwik Trip Inc; UPC 39779 00424, 12/4.5oz case | Palmer Candy Vanilla Chocolatey Swirl Enrobed Pretzel Rods, Crunchy Salted Pretzel Coated with White Fudge and a Fancy Chocolatey Swirl, Net Wt. 8oz, UPC 77232 17011, 12/8oz case | 1. Palmer Candy Munchy Medley, Item 38004, Net Wt. 16/6oz bulk case, UPC 77232 38004 2. Palmer Candy Munch Medley, Item 10737, Net Wt. 15 lbs, UPC 77232 10737 3. Casey's Munchy Medley, Sweet & Salty Crunch Mix, Net Wt. 4.25 oz, UPC 98437 26083 6/case 4. Snackin' with the Crew! Mizzou Munchy Medley, Net Wt. 7oz, UPC 77232 22300, 16/7oz case 5. Palmer Munchy Medley, Net Wt. 4oz, UPC 77232 16224, 12/4oz case | Sunny Select Strawberry Yogurt Coated Pretzels, Net Wt. 10 oz, UPC 9848796055, 12/10oz case | Favorite Day Bakery White Fudge Mini Cookies, Net Wt 7oz, UPC 85239 92319, 16/7oz case | Palmer Patriotic Snack Mix, A Seasonal Mix of Sweet & Salty Favorites, Net Wt. 13 oz., UPC 77232 37061, 12/13oz case | 1. Palmer Patriotic White Fudge Cookies, Net Wt. 7oz, UPC 7723237084, 16/7oz case 2. Palmer Patriotic White Fudge Cookies, Net Wt. 13.5 o"
,maker_linked,True,FDA,95170,2024-08-28,Refresco Beverages US Inc,"Tampa, FL",Walmart,Great Value,,Great Value; 8oz Apple Juice in 6 pack; 100% Juice; packaged in 8 oz. PET plastic bottles; UPC 0-78742-29655-5
,maker_linked,False,FDA,95088,2024-09-11,"Reser's Fine Foods, Inc.","Beaverton, OR",Aldi;UNFI/SuperValu,Essential Everyday;Stonemill,,"Item 41303.82013, Reser's Essential Everyday Original Potato Salad, refrigerated product, net wt. 16oz. There are 6 packs per case. | Item 71117.14459, Gravy Homestyle, refrigerated product, net wt. 4lb. There are 3 packs per case. | Item 71117.02123, Reser's American Classics Macaroni & Cheese, refrigerated product, net wt. 12oz. There are 6 packs per case. | Item 71117.15207, Reser's Raspberry Parfait Desserts, refrigerated product, net wt. 8lb. There are 2 packs per case. | Item 71117.03034, Reser's Kit HF Pudding Banana, refrigerated product, net wt. 4.81lb. There are 2 packs per case. | Item 71117.10923, Reser's Smokehouse Potato Salad, refrigerated product, net wt. 5lbs. There are 2 packs per case. | Item 71117.56013, Reser's Sweet Corn with Butter, refrigerated product, net wt. 4lb. There are 4 packs per case. | Item 71117.02009, Reser's American Classics Macaroni & Cheese White Cheddar, refrigerated product, net wt. 12oz. There are 6 packs per case. | Item 71117.02008, Reser's American Classics Scalloped Potatoes, refrigerated product, net wt. 12oz. There are 6 packs per case. | Item 71117.18531, Stonemill Kitchens Green Goddess Pasta Salad, refrigerated product, net wt. 5lb. There are 2 packs per case. | Item 71117.02126, Reser's American Classics Asiago Creamed Spinach, refrigerated product, net wt. 12oz. There are 6 packs per case. | Item 71117.11356, Reser's American Classics Egg Salad, refrigerated product, net wt. 12oz. There are 6 packs per case. | Item 71117.1"
,maker_linked,True,FDA,95257,2024-09-11,Refresco Beverages US Inc,"Tampa, FL",Dollar General;Walmart,Clover Valley;Great Value,,a.) Great Value 8oz Apple Juice in 6pack; PET plastic bottle  b.) Great Value 96oz Apple Juice; PET plastic bottle  c.) Market Basket 100% apple juice; 64 oz; PET plastic bottle  d.) Nice! 100% apple juice ; 64 oz; PET plastic bottle  e.) Weis 100% apple juice; 64 oz; PET plastic bottle  f.) Urban Meadow 100% apple juice; 64 oz; PET plastic bottle  g.) Natures Nectar 100% apple juice; 64 oz; PET plastic bottle  h.) Wellsley Farms 100% apple juice; 96 oz; PET plastic bottle  i.) Solevita 100% apple juice; 64 oz; PET plastic bottle  j.) Clover Valley 100% apple juice; 64 oz; PET plastic bottle  k.) Tropical Delight 100% apple juice; 64 oz; PET plastic bottle
,maker_linked,False,FDA,95096,2024-09-18,"Reser's Fine Foods, Inc.","Topeka, KS",Amazon;Walmart,Amazon Fresh;Freshness Guaranteed,,"UPC 71117 14743, Reser s Rotisserie Chicken Salad Base 2lb. (32oz), refrigerated, packaged in an opaque plastic tub with a white printed plastic lid. There are 6 tubs per case. | UPC 71117 19063, Reser's American Classics Garden Pasta Salad 16oz, refrigerated, packaged in an opaque printed plastic tub with a plastic red printed lid. There are 6 tubs per case. | UPC 78742 12653, Walmart Original Freshness Guaranteed Macaroni Salad 16oz, refrigerated, packaged in a clear plastic tub with printed labels on top, bottom and side. There are 12 tubs per case. | UPC 71117 19084, Reser's American Classics Spicy Pickle Potato Salad 16oz, refrigerated, packaged in an opaque printed plastic tub with a plastic red printed lid. There are 6 tubs per case. | UPC 78742 02670, Walmart Original Freshness Guaranteed Macaroni Salad 3lb. (48oz), refrigerated, packaged in an opaque printed plastic tub with a plastic white printed lid. There are 6 tubs per case. | UPC 95515 04502, Amazon Fresh Fresh Classic Macaroni Salad 16oz, refrigerated, packaged in a clear plastic tub with printed labels on top, bottom and side. There are 12 tubs per case."
,maker_linked,False,FDA,95187,2024-09-25,Flagstone Foods LLC,"Minneapolis, MN",Wegmans,Wegmans,,"Wegmans PECAN BLEND NET WT 16OZ (1LB) 453g Ingredients: Pecans, Cashews, Pistachios, Canola and/or Peanut and/or Cottonseed Oil, Salt. Distributed By: Wegmans Food Markets, Inc. Rochester, NY 14603 UPC 0 77890 31040 3"
,maker_linked,False,FDA,95556,2024-11-13,CONTINENTAL DAIRY FACILITIES SOUTHWEST LLC,"Littlefield, TX",Costco,Kirkland Signature,,"Kirkland Signature Unsalted Sweet Cream Butter, Net Wt 16 oz (1 lb) 453g, Four 4 oz (113g) sticks UPC 96619-38496. | Kirkland Signature Salted Sweet Cream Butter, Net Wt 16 oz (1 lb) 453g, Four 4 oz (113g) sticks UPC 96619-38488."
,maker_linked,False,FDA,95724,2024-11-27,The JM Smucker Company LLC,"Orrville, OH",Walmart,Great Value,,"Great Value Cinnamon Rolls 16.5oz UPC 078742201160, 12 retail units per case | Great Value Cheese Danish 16.5 oz UPC 078742201177, 12 retail units per case"
,maker_linked,False,FDA,95578,2024-12-04,Treehouse Foods,"Oak Brook, IL",Ahold Delhaize;Albertsons;Dollar General;H-E-B;Kroger;Publix;Target;Trader Joe's;UNFI/SuperValu;Walmart;Wegmans;Western Family;WinCo,Clover Valley;Culinary Tours;Food Lion;Giant Eagle;Good & Gather;Great Value;GreenWise;H-E-B;Hannaford;Kroger;Nature's Promise;O Organics;Private Selection;Publix;Signature Select;Simple Truth;Trader Joe's;Wegmans;Western Family;Wild Harvest;WinCo;WinCo Foods;bettergoods,,GOOD & GATHER	12/9oz GRDL WFL MINI HSTYLE ORG-GDGTR	UPC	085239343029 H-E-B	12/9oz GRDL WFL MINI HSTYLE ORG-HEBUT	UPC	041220708413 365 ORGANIC	12/9oz GRDL WFL MINI HSTYLE ORG - 365OR	UPC	099482436995 WEGMANS	12/9oz GRDL WFL MINI HSTYLE ORG - WEGMN	UPC	077890481448 | BREAKFAST BEST 8/33oz GRDL PNCK BDAY-BKBST UPC 4061459959116 | SIGNATURE SELECT	12/14.1oz GRDL PNCK MINI-SIGSL	UPC 021130095889 | H-E-B HIGHER HARVEST	12/10.72oz GRDL WFL BLBRY PRTN-HEBHH	UPC	041220708093 BETTERGOODS	12/10.72oz GRDL WFL BLBRY PRTN-BTRGD	UPC	194346252756 SIMPLE TRUTH	12/10.72oz  GRDL WFL BLBRY PRTN - SMPTR	UPC	011110108142 BREAKFAST BEST	12/13.4oz GRDL WFL BLBRY PRTN-BKBST	UPC	4099100312997 | NATURES PATH ORGANIC	12/7.4oz GRDL WFL CHIA ORG GF-NPTHO	UPC	058449590729 NATURES PATH ORGANIC	12/210g GRDL WFL CHIA ORG GF-NPOCN	UPC	058449590743 | GOOD & GATHER	12/9oz GRDL WFL MINI BLBRY ORG-GDGTR	UPC	085239343012 365 ORGANIC	12/9oz GRDL WFL MINI BLBRY ORG - 365OR	UPC	099482437008 | GIANT EAGLE	12/11.3oz GRDL WFL BCKWHE BLBRY GF-GT/EG	UPC 030034944940 H-E-B HIGHER HARVEST	12/11.3oz GRDL WFL BCKWHE BLBRY GF-HEBHH	UPC 041220708390 CENTRAL MARKET	12/11.3oz GRDL WFL BCKWHE BLBRY GF-CTMKT	UPC 041220253654 | WEGMANS 12/16.5oz GRDL PNCK BB-WEGMN UPC 077890481387 YELLOH 12/16.5oz GRDL PNCK BLBRY-YLLOH UPC 810038684680 GIANT EAGLE 12/16.5oz GRDL PNCK BLBRY-GT/EG UPC 030034011673 | WESTERN FAMILY	12/280g GRDL WFL CIN - WSTCN	UPC	062639310134 GREAT VALUE	12/280g GRDL WFL CIN - GRVLC	UPC	681131811712 SELECTION	12/280g G
,maker_linked,False,FDA,95657,2024-12-04,"R. Walters Foods, Limited Liability Corporation","Danvers, MA",Ahold Delhaize,Hannaford,,"Hannaford brand seafood salad; Net Wt. 12 oz. (340g); INGREDIENTS: SEAFOOD BLEND (FISH PROTEIN [ALASKA POLLOCK AND/OR PACIFIC WHITING], WATER, WHEAT STARCH, SUGAR, SORBITOL, MODIFIED POTATO STARCH, CONTAINS 2% OR LESS OF: NATURAL AND ARTIFICIAL CRAB FLAVORS [SWIMMING CRAB, SNOW CRAB], MIRIN WINE [SAKE, SUGAR, SALT, WATER, YEAST EXTRACT], EGG WHITES, SALT, SOYBEAN OIL, SODIUM TRIPOLYPHOSPHATE, TETRASODIUM PYROPHOSPHATE, CARMINE, PAPRIKA OLEORESIN, COLOR ADDED), MAYONNAISE (SOYBEAN OIL, EGG YOLK, VINEGAR, WATER, SUGAR, SALT, SPICES, NATURAL FLAVOR), CELERY, WATER, NATURAL FLAVORS, MODIFIED FOOD STARCH, NISIN, CITRIC ACID.; CONTAINS: EGGS, WHEAT, ALASKA POLLOCK, PACIFIC WHITING, SWIMMING CRAB, SNOW CRAB; DISTRIBUTED BY: HANNAFORD BROS. CO., LLC; UPC: 0 41268 25161 2"
,maker_linked,False,FDA,95752,2024-12-04,Gilster-Mary Lee Corporation Cake Plant,"Perryville, MO",Wakefern/ShopRite,Bowl & Basket,,"Bowl & Basket onion soup and dip mix, net wt 2 oz (2-1oz pouches), UPC 041190083947, Distributed by: Wakefern Food Corp, 5000 Riverside Drive, Keasbey, NJ 08832"
,maker_linked,False,FDA,95517,2024-12-11,"Cedar's Mediterranean Foods, Inc.","Ward Hill, MA",Sam's Club,Member's Mark,,Member's Mark brand Roasted Red Pepper Hummus; 32 oz (907 g) Plastic Container with UPC# 193968044268
,maker_linked,False,FDA,95761,2024-12-18,"House Of Flavors, Inc.","Ludington, MI",Ahold Delhaize,Giant Eagle,,"Giant Eagle churned Butter Pecan Reduced Fat 48FLOZ, UPC 030034940430; 6 retail units per case"
,maker_linked,False,FDA,95765,2024-12-25,"Rise Baking Company, LLC dba The New French Bakery Inc.","Minneapolis, MN",Aldi,L'oven Fresh,,"L'Oven Fresh KETO Friendly Original 6 Tortilla Wraps.  Net Wt. 7.8 oz(222g)  UPC 4099100271348.  Dist & Sold Exclusively By:  Aldi, Batavia, IL  60510.  Product of Canada | Bakestone Brothers Pita Bread, 6 White Pita.  Net Wt. 11.4 oz(325g)  UPC 0 57391-00001 0.  Manufactured by  PBF pita Bread Factory Ltd, 8000 Winston Street, Burnaby British Columbia  V5A 2H5.  Product of Canada | L'Oven Fresh KETO Friendly Multiseed 6 Tortilla Wraps.  Net Wt. 7.8 oz(222g)  UPC 4099100271355.  Dist & Sold Exclusively By:  Aldi, Batavia, IL  60510.  Product of Canada | Bakestone Brothers Pita Bread, 6 Whole Wheat Pitas.  Net Wt. 11.4 oz(325g)  UPC 0 57391-01002 6.  Manufactured by  PBF pita Bread Factory Ltd, 8000 Winston Street, Burnaby British Columbia  V5A 2H5.  Product of Canada"
,maker_linked,False,FDA,95812,2024-12-25,"F&S Fresh Foods, Inc.","Vineland, NJ",Whole Foods,Whole Foods Market,,"WHOLE FOODS MARKET, Organic Carrots & Celery, NET WT. 15 oz (425 g), PERISHABLE KEEP REFRIGERATED, Packed For: Whole Foods Market Austin, TX 78703, Pre-washed and ready to eat | WHOLE FOODS MARKET, Organic Carrot Sticks, NET WT. 15 oz (425 g), PERISHABLE KEEP REFRIGERATED, Packed For: Whole Foods Market Austin, TX 78703, Pre-washed and ready to eat"
,maker_linked,False,FDA,95844,2025-01-01,"Handsome Brook Farms, LLC","New York, NY",Costco,Kirkland Signature,,"Kirkland Signature ORGANIC EGGS PASTURE-RAISED 24 EGGS, GRADE A LARGE, NET WEIGHT 48OZ (3 LB) 1.36 kg, UPC 0 96619 10680 6, DISTRIBUTED BY: COSTCO WHOLESALE CORPORATION 730 LAKE DRIVE, ISSAQUAH, WA 98027"
,maker_linked,False,FDA,95787,2025-01-08,"Grimmway Enterprises, Inc. dba Grimmway Farms","Arvin, CA",Ahold Delhaize;Albertsons;Kroger;Publix;Target;Trader Joe's;Wakefern/ShopRite;Walmart;Wegmans,Good & Gather;GreenWise;Kroger;Marketside;Nature's Promise;O Organics;Simple Truth;Trader Joe's;Wegmans;Wholesome Pantry,,--- Organic Baby Carrots --- Organic Baby Carrots 25 Grimmway Farms; Organic Baby Carrots 25 Lbs. Grimmway Farms --- Brand --- Grimmway Farms | --- Organic Whole Carrots ---  Organic Carrot 125/6 Cal-Organic Farms; Organic Carrot 150/5 Bunny Luv; Organic Carrots 10/5 Lb O-Organic; Organic Carrots 10/5 Simple Truth; Organic Carrots 10/5# 365 Organic;  Organic Carrots 10/5# 365 Organic RPC; Organic Carrots 10/5# Bunny Luv; Organic Carrots 10/5# Cal-Organic Farms; Organic Carrots 10/5# Cal-Organic Farms RPC; Organic Carrots 10/5# Full Circle; Organic Carrots 10/5# Nature's Promise; Organic Carrots 10/5# Wholesome Pantry; Organic Carrots 12/2# Wegmans Quick Lock; Organic Carrots 15 Lbs Cal Organic Farms; Organic Carrots 16/2 Simple Truth RPC; Organic Carrots 20/2# Marketside RPC; Organic Carrots 24/1 Lb Good & Gather; Organic Carrots 24/1# Wegmans Quick Lock; Organic Carrots 24/2 Bunny Luv; Organic Carrots 24/2 Lb. O-Organic; Organic Carrots 24/2 Simple Truth; Organic Carrots 24/2# Cal-Organic Farms; Organic Carrots 24/2# Compliments; Organic Carrots 24/2# Full Circle; Organic Carrots 24/2# President's Choice; Organic Carrots 24/2# Wholesome Pantry; Organic Carrots 24/2Lb 365 Organic; Organic Carrots 24/2Lb 365 RPC; Organic Carrots 25 Lbs Cal-Organic Farms; Organic Carrots 25 Lbs Jumbo Bunny Luv; Organic Carrots 25 Lbs Jumbo Cal-Organic Farms; Organic Carrots 25 Lbs Table Bunny Luv; Organic Carrots 25 Lbs Table Cal-Organic Farms; Organic Carrots 32/1 Lb Simple Truth RPC; Organic 
,maker_linked,False,FDA,95899,2025-01-08,Herr Foods Inc,"Nottingham, PA",Wegmans,Wegmans,,"Wegmans Jalapeno Baked  Cheese Puffs, Jalapeno flavored, 10oz, (283 g),  SKU #6877"
,maker_linked,False,FDA,96023,2025-01-15,TREE HOUSE FOODS INC,"Oak Brook, British Columbia",Walmart,Great Value,,"Great Value, Chicken Broth,  48 oz. , Aseptic paper cartons, 6 retail units per case, 120 cases/pallet ."
,maker_linked,False,FDA,95612,2025-01-29,Acme Smoked Fish Corp.,"Brooklyn, NY",Costco,Kirkland Signature,,"KIRKLAND Signature Smoked Salmon NET WT 340 g (12 oz) MUST KEEP REFRIGERATED. INGREDIENTS: Atlantic Salmon (Salmo Salar), Salt, and Natural Hardwood Smoke. Color Added. Distributed by: Costco Wholesale Corporation P.O. Box 34535 Seattle, WA 98124-1535 UPC 0 96619 25697 6"
,maker_linked,False,FDA,96081,2025-01-29,Braga Fresh Foods LLC,"Salinas, CA",Walmart,Marketside,,"Marketside, BROCCOLI FLORETS, 12oz, BEST IF USED BY DEC 10 2024, PRODUCT OF USA, MEXICO"
,maker_linked,False,FDA,95989,2025-02-05,Braga Fresh Foods LLC,"Salinas, CA",Kroger,Simple Truth,,"Simple Truth Organic, BROCCOLI FLORETS, STEAM IN BAG, 12oz, BEST IF USED BY NOV 08 2024, PRODUCT OF MEXICO"
,maker_linked,False,FDA,96084,2025-02-12,Pecan Star & Nut Corp.,"San Antonio, TX",Publix,GreenWise,,"Greenwise Organic Pecan Halves 8 ounce, plastic printed package marked with lot # 18228 and with a best by date of April.23.2025 stamped on front UPC: 041415212336"
,maker_linked,False,FDA,96228,2025-02-26,United Natural Trading Inc. dba Woodstock Farms,"Edison, NJ",Wegmans,Wegmans,,"Wegmans, Organic Almonds Dry Roasted Salted, 12oz clear bag, 12 bags per case."
,maker_linked,False,FDA,96258,2025-03-19,Chicken of the Sea; Thai Union,"El Segundo, CA",H-E-B;Trader Joe's,H-E-B;HEB;Trader Joe's,,"Genova branded Solid white Tuna; In Olive Oil; Wild Caught; NET WT. 5 OZ (142g) RD WT. 4 OZ (113g); Distributed by Tri-Union Seafoods, LLC.; El Sugundo, CA 90245 U.S.A. UPC# 48000 00215, | HEB branded Solid White Albacore Tuna in water; Wild Caught; NET WT. 5 OZ (142g) DR WT. 4 OZ (113g); Made with Pride and Care for H-E-B, San Antonio, TX 78204  UPC# 41220 14184 (can); UPC# 41220 43345 (4 pack shrink pack)  Chunk White Albacore Tuna in water; wild caught; NET WT. 5 OZ (142g) DR WT. 4 OZ (113g); Made with Pride and Care for H-E-B, San Antonio, TX 78204  UPC# 41220 14205 (can); UPC# 41220 24585 (4 pack shrink pack) | Trader Joe's branded Solid White Albacore Tuna in Water, no salt added; NET WT. 5 OZ (142g) DR WT. 4 OZ (113g); Dist & Sold Exclusively By: Trader Joe's, Monrovia, CA 91816;  UPC# 0099 2848 | Trader Joe's branded Solid White Albacore Tuna in olive oil; NET WT. 5 OZ (142g) DR WT. 4 OZ (113g); Dist & Sold Exclusively By: Trader Joe's, Monrovia, CA 91816;  UPC# 99287 | Genova branded Yellowfin Tuna; Genova; In Olive Oil; Wild Caught; NET WT. 5 OZ (142g) RD WT. 4 OZ (113g); Distributed by Tri-Union Seafoods, LLC.; El Sugundo, CA 90245 U.S.A.  UPC# 48000 73265 UPC# 48000 13265 UPC# 48000 63267   Product is packaged in several different configurations. shrink wrapped 4- 5 ounce can pack. flat of 24- 5 ounce individual cans. Shrink wrapped 6- 7 ounce can pack. | Genova branded Yellowfin Tuna in Extra Virgin Olive Oil and Sea Salt; NET WT. 5 OZ (142g) RD WT. 4 OZ (113g); "
,maker_linked,False,FDA,96389,2025-03-19,"Shearer's Foods, LLC","Massillon, OH",Ahold Delhaize;Target;Walmart,Giant Eagle;Great Value;Market Pantry,,"1.) Market Pantry Soup & Oyster Crackers, NET WT 9 OZ (255g), packaged in flexible plastic bags, 12 count per case, Distributed By: Target Corporation, Minneapolis, MN 55403   2.) Great Value Soup & Oyster Crackers, NET WT 9 OZ (255g), packaged in flexible plastic bags, 12 count per case, Distributed By: Walmart, Inc., Bentonville, AR 72716  3.) Giant Eagle Oyster Crackers, NET WT 9 OZ (255g), packaged in flexible plastic bags, 12 count per case, Distributed By: Giant Eagle, Inc., Pittsburgh, PA 15238  4.) VISTA Soup & Oyster Crackers, NET WT 12 OZ (340g), packaged in flexible plastic bags, 12 count per case, Manufactured By: Shearer's Foods LLC, 100 Lincoln Way East, Massillon, OH 44646   5.) 20lb. Bulk Oyster Crackers, NET WT. 20 LBS., packaged in 20 lb. bulk bag-in-box (not for sale at retail)"
,maker_linked,False,FDA,96336,2025-03-19,"Del Monte Foods, Inc","Walnut Creek, CA",Target,Good & Gather,,"Good & Gather Cut Green Beans.  Net Wt. 14.5 oz (411g).  UPC 0 85239-11628 9.  Dist. By Target Corporation, Minneapolis, MN  55403."
,maker_linked,False,FDA,96407,2025-03-19,Trinidad Benham Corp,"Denver, CO",WinCo,WinCo;WinCo Foods,,"Black Beans, Dried, net wt. 16 OZ (1 LB) 454g, packaged in plastic bag. Packaged in the U.S. UPC 0 70552 70412 1. DISTRIBUTED BY: WinCo Foods, LLC, BOISE, ID 83704"
,maker_linked,False,FDA,96341,2025-03-26,Great Lakes Cheese Co Inc,"Hiram, OH",Aldi,Happy Farms,,"Happy Farms by ALDI Colby Jack (a blend of Colby & Monterey Jack finely shredded cheeses), Net Wt. 12 OZ (340g), packaged in flexible plastic stand-up pouches, 12 pouches per case, UPC 4061463330840, with Best By dates of July 13, 2025 and July 14, 2025. Dist. & sold exclusively by ALDI, Batavia, IL 60510."
,maker_linked,False,FDA,96529,2025-04-02,Dessert Holdings Llc,"Kennesaw, GA",Target,Favorite Day,,"favorite day gourmet New York-Style CHEESECAKE 2 SLICES NET WT 6OZ (170 g) UPC 0 85239 09690 1 Target Brands, Inc."
,maker_linked,False,FDA,96501,2025-04-09,FRUSELVA USA,"Miami, FL",Target,Good & Gather,,"Good & Gather baby Pea, Zucchini, Kale & Thyme Vegetable Puree.  Net Wt 4 oz. (113g).  6+ months.  UPC 1 91907-99314 1.  Distributed by Target Corporation, Minneapolis, MN  55403.  Product of Colombia"
,maker_linked,False,FDA,96513,2025-04-16,C.H. Guenther & Son LLC,"San Antonio, TX",Whole Foods,Whole Foods Market,,"365 Whole Foods Market Small Bites Macaroni & Cheese.  Net Wt 8.5 oz (240g)  Keep Frozen.  UPC 99482499709.  Distributed by:  Whole Foods Market, Austin, TX"
,maker_linked,False,FDA,96608,2025-04-23,"Reser's Fine Foods, Inc.","Beaverton, OR",Trader Joe's,Trader Joe's,,"Trader Joe's Hot Honey Mustard Dressing (SKU #80152), packaged in glass bottle with tamper overwrap on plastic cap, net wt. 12 fl. oz. UPC 0080 1522. DIST. & SOLD Exclusively by: Trader Joe's Monrovia, CA.  These 12oz. bottles were sold directly to consumers.  The master cases were correctly labeled as Thai Style Peanut Dressing. Any 12oz. bottles labeled as Hot Honey Mustard Dressing with the use by date of 5/27/25, which contains Thai Style Peanut Dressing product inside, are subject to this recall.  Master cases were not sold to consumers."
,maker_linked,False,FDA,96654,2025-04-23,"Duda Farm Fresh Foods, Inc.","Oxnard, CA",Walmart,Marketside,,"Marketside brand celery stick. Net wt. 1.6 OZ. (45g); Rear panel: 1 serving per container; Distributed by Wal-Mart Stores, Inc. Bentonville, AR 72716 UPC# 6 81131 16151 0"
,maker_linked,False,FDA,96795,2025-05-14,Taylor Farms Illinois Inc.,"Chicago, IL",Trader Joe's,Trader Joe's,,"Trader Joe's Sesame Miso Salad with Salmon, net wt. 10.25oz., in clear plastic clamshell container, UPC 00773164"
,maker_linked,False,FDA,96923,2025-06-18,Sysco Corporation,"Houston, TX",Publix,Publix,,RTSALSA1LB	1#	EAST COAST FRESH	Salsa Cup - 1 lb	ALL LOT CODES SAL20	5#	EAST COAST FRESH	EC-Salsa- Fresh 5#	ALL LOT CODES SAL210	6/1#	EAST COAST FRESH	Salsa- Fresh Retail 6x1# (E)	ALL LOT CODES SAL45	20#	EAST COAST FRESH	EC-Salsa- Fresh 20#	ALL LOT CODES SAL48	7#	EAST COAST FRESH	EC-Salsa- Mild 7# (E)	ALL LOT CODES RTSALSA1LB	1#	EAST COAST FRESH	Salsa Cup - 1 lb	ALL LOT CODES SAL20	5#	EAST COAST FRESH	EC-Salsa- Fresh 5#	ALL LOT CODES SAL21	6/1#	EAST COAST FRESH	EC-Salsa- Fresh Retail 6x1#	ALL LOT CODES SAL210	6 / 1#	EAST COAST FRESH	SALSA RETAIL 1# CUP (6/CASE)	ALL LOT CODES SAL45	20#	EAST COAST FRESH	EC-Salsa- Fresh 20#	ALL LOT CODES SAL460	6 / 1#	EAST COAST FRESH	Salsa HOT 6/1#	ALL LOT CODES SAL519	6/1#	EAST COAST FRESH	Salsa HOT 6/1lb TOPS (E)	ALL LOT CODES SAL532	6/1#	TOPS	SALSA RETAIL 1lb CUP (6/CASE)- TOPS (E)	ALL LOT CODES SAL540	6/30oz	WELLSLEY FARMS	Wellsley Farms Mild Salsa 6/30oz (E)	ALL LOT CODES SALSA166WEIS	6/16 oz	WEIS	SALSA MILD 6/16oz WEIS	ALL LOT CODES SALSABUCKET20	20#	EAST COAST FRESH	Salsa Fresh Bucket 20#	ALL LOT CODES SALSAHOT1	1#	EAST COAST FRESH	Salsa Hot 1 lb	ALL LOT CODES SALSAHOT61	6/1#	EAST COAST FRESH	Salsa HOT 6/1#	ALL LOT CODES SALSAHOT61TOPS	6/1 #	TOPS	Salsa HOT 6/1# TOPS	ALL LOT CODES SALSAHOTAHOLD	6/1 #	AHOLD	Salsa HOT 6/1# - AHOLD	ALL LOT CODES SALSARET1	6/1#	EAST COAST FRESH	SALSA RETAIL 1# CUP (6/CASE)	ALL LOT CODES SALSARET121	12/1#	AHOLD	Salsa Retail 12/1#- AHOLD	ALL LOT CODES SALSARET1NL	6/1 #	EAST COAST FRESH	SALSA RETAIL 1# CUP (NL) (
,maker_linked,False,FDA,97040,2025-07-09,August Egg Company,"Hilmar, CA",Albertsons;Kroger;Walmart,Marketside;O Organics;Simple Truth,,"--- Shell Eggs; Brown; Various sizes - medium, large, and jumbo; Various pack sizes - 5, 12, 18, and Loose ----   Clover Organic Large Brown 12 eggs ---  First Street Cage Free Large Brown Loose (1 case = 150 eggs) ---  Nulaid Medium Brown Cage Free 12 eggs ---  Nulaid Jumbo Brown Cage Free 12 eggs ---  O Organics Cage Free Large Brown 6 eggs ---  O Organics Large Brown 12 eggs ---  O Organics Large Brown 18 eggs ---  Marketside Organic Large Cage Free Brown 12 eggs ---  Marketside Organic Large Cage Free Brown 18 eggs ---  Marketside Large Cage Free Brown 12 eggs ---  Marketside Large Cage Free Brown 18 eggs ---  Raley's Large Cage Free Brown 12 eggs ---  Raley's Large Cage Free Brown 18 eggs ---  Raley's Organic Large Cage Free Brown 12 eggs ---  Raley's Organic Large Cage Free Brown 18 eggs ---  Simple Truth Medium Brown Cage Free 18 eggs ---  Simple Truth Large Brown Cage Free 18 eggs ---  Sun Harvest Organic Cage Free Large Brown 12 eggs ---  Sun Harvest Organic Cage Free Large Brown 18 eggs ---  Sunnyside Large Brown Cage Free 12 eggs ---  Sunnyside Large Brown Cage Free 18 eggs ---  Sunnyside Organic Cage Free Large Brown 12 eggs ---  Sunnyside Organic Cage Free Large Brown 18 eggs ---  Loose Small Brown Cage Free (1 box = 6 flats; 1 flat= 30 eggs) ---  Loose Medium Brown Cage Free (1 box = 6 flats; 1 flat= 30 eggs) ---  Loose Medium Brown Organic (1 box = 6 flats; 1 flat= 30 eggs) ---  Loose Large Brown Organic (1 box = 6 flats; 1 flat = 30 eggs) ---  Loose Jumbo Brow"
,maker_linked,False,FDA,97101,2025-07-16,Mellace Family Brands California Inc,"Warren, OH",Wegmans,Wegmans,,"Wegmans Semi-Sweet Chocolate Nonpareils, NET WT 18.5 OZ (1 LB 2.5 OZ) (524 g), packaged in a plastic tub and packed 12 per case, Distributed by: Wegmans Food Markets, Inc. Rochester, NY 14603.  Ingredients: Sugar, Chocolate Liquor, Cacao Fat, Corn Starch, Soy Lecithin (emulsifier), Glazing Agent (Carnauba Wax), Natural Flavor.  Allergens: Contains Soy. May Contain: Milk, Peanuts, Sesame, Tree Nuts and Wheat."
,maker_linked,False,FDA,97212,2025-07-16,"SHANDONG JOYWIN INTERNATIONAL TRADING CO.,LTD.","Weifang, N/A",UNFI/SuperValu,Shoppers Value,,"SHOPPERS VALUE FRUIT COCKTAIL in HEAVY SYRUP, Net Wt. 22.5lbs, 24/15 OZ Cans per case."
,maker_linked,False,FDA,96988,2025-08-06,Camerican International Inc,"Paramus, NJ",Aldi,Casa Mamita,,"Casa Mamita, Churro Bites Filled with Chocolate Hazelnut Cream, 7.5 oz , Cardboard Box, 12 boxes per case, Keep Frozen Until Ready For Use"
,maker_linked,False,FDA,97340,2025-08-13,"Doehler North America, Inc.","Cartersville, GA",Sam's Club,Member's Mark,,Member's Mark FREEZE DRIED FRUIT VARIETY PACK 15 COUNT 5-0.35OZ (10g) STRAWBERRY POUCHES 5-0.42OZ (12g) BANANA POUCHES 5-0.25 OZ (10g) APPLE POUCHES NET WT 5.6OZ (160g) NO ADDED SWEETENERS ONE INGREDIENT ONLY PER PACK UPC 1 93968 50900 2
,maker_linked,False,FDA,97351,2025-08-13,Distinctive Foods LLC,"Wheeling, IL",Meijer,Frederik's by Meijer;Meijer,,Frederik's by Meijer Artisan Baked Sea Salt flatbread crackers net wt 5.5oz. UPC 7 13733 00048 2
,maker_linked,False,FDA,97337,2025-08-13,GIVE AND GO PREPARED FOODS CORP,"Etobicoke, N/A",Target,Favorite Day,,"Favorite Day Bakery Frosted Sugar Cookies, 10 count, Net Wt 13.5 oz (383g).  UPC - 85239-41250 3.  Dist. By Target Corporation, Minneapolis, MN  55403.  Product of Canada."
,maker_linked,False,FDA,97283,2025-08-20,"Reser's Fine Foods, Inc.","Beaverton, OR",Albertsons,Signature Cafe,,"Molly's Kitchens Tuna Salad, item 794599, net wt. 5lb. Foodservice item. Product is packaged in clear printed plastic tub with printed white lid. Keep Refrigerated.   Distributed by U.S. Foods, Inc, Rosemont, IL.  UPC on 5lb. TUB/Lid: 58108 76447 GTIN on Master Case (2/5# per case):  1007111711405 | Reser's Gourmet Tuna Salad, net wt. 5lb. Foodservice item. Product is packaged in clear printed plastic tub with white lid with white sticker. Keep Refrigerated.   Distributed by Reser's Fine Foods, Beaverton, OR.  UPC on 5lb. TUB: 71117 85506 GTIN on Master Case (2/5# per case): 1007111785506 | Reser's Tuna Salad, net wt. 5lb. Foodservice item. Product is packaged in white plastic tub and lid with sticker. Keep Refrigerated. This item contains ingredient Pickle Relish.  Distributed by Reser's Fine Foods, Incl, Beaverton, OR.  UPC on 5lb. TUB/Lid: 71117 11405 GTIN on Master Case (2/5# per case):  1007111711405 | Signature Cafe Premium Tuna Salad, net wt. 3lb (48oz). Foodservice item to be used by deli. Product is packaged in clear plastic tub with printed white lid. Keep Refrigerated.    Distributed by Lucerne Foods, PO Box 99, Pleasanton, CA.   UPC on 3lb. TUB: 71117 06036  GTIN on Master Case (2/3# per case): 10071117060369 | Sysco Imperial Deluxe Tuna Salad, Reorder #6526826, net wt. 5lb. Foodservice item. Product is packaged in clear printed plastic tub with printed white lid. Keep Refrigerated. Distributed by Sysco Corporation, Houston, TX 77077  UPC on 5lb. TUB: 74865 79721 "
,maker_linked,False,FDA,97352,2025-08-20,Superior Foods Company,"Kentwood, MI",Aldi,Park Street Deli,,Park Street Deli Cinnamon Bun Dessert Dip Net WT 7oz. in plastic tub UPC 4061462440151
,maker_linked,False,FDA,97473,2025-09-03,"Beaver Street Fisheries, Inc.","Jacksonville, FL",Walmart,Great Value,,"Great Value branded and Sea  Best branded raw frozen shrimp in bulk packaging, master cartons. Master carton case is 20 lbs (10 x 2lbs retail bags), and 18 lbs (12 x 1.5lbs retail bags) and (10x1lb retail bags), Product of Indonesia, Keep Frozen, Distributed by Beaver Street Fisheries, Inc 1741 West Beaver Street Jacksonville, FL 32209, UPC 78742133898 and UPC 7539101240, UPC 7539101339"
,maker_linked,False,FDA,97458,2025-09-10,"Dollins Pecan Co, Inc","Comanche, TX",H-E-B,HEB,,"Product Name: Blueberry Pretzels "" Brand Name: HEB "" Description: 8oz HEB Blueberry Flavored Yogurt Pretzels "" UPC Codes: 9787011400 "" Lot Numbers: 080226, 080326 "" Best By / Use By Dates: 080226 & 080326 "" Package Size: 8oz "" Establishment Number: 008046575"
,maker_linked,False,FDA,97493,2025-09-24,Admiralty Island Fisheries Inc dba AquaStar (USA) Corp.,"Seattle, WA",Kroger,Kroger,,"Frozen AquaStar Breaded Shrimp, Butterfly, Clean-Tail, 16/20 count/lb. 3 lbs. package. Net wt. per case 36lbs. (12x3lbs. packages per case). UPC 731149601192. Packed For: AquaStar Seattle, WA. Farm Raised Product of Indonesia. | Frozen Mercado Kroger Cooked Shrimp - Medium - Peeled - Tail-Off - Shrimp Pieces. 2 lbs. package.  Net wt. per case 10lbs. (5x2lb packages per case). UPC 011110626196. | AquaStar Cocktail Shrimp, 4oz. shrimp/2oz. cocktail sauce. Each case consists of 6x6 oz packages, UPC 19434612191. Distributed by Aqua Star, Seattle, WA. Farm Raised Product of Indonesia. Master cases distributed to distributors in frozen condition.  AquaStar Cocktail Shrimp, 4oz. shrimp/2oz. cocktail sauce, net wt. 6oz.  UPC 19434612191. Distributed by Aqua Star, Seattle, WA.  Farm Raised Product of Indonesia. 6oz packages sold to consumers at Walmart as refrigerated product."
,maker_linked,False,FDA,97644,2025-10-08,"WFM Purchasing, LP","Austin, TX",Whole Foods,Whole Foods Market,,"Whole Foods Market Blueberry Almond Granola, PLU 86032, packaged in a clear plastic container."
,maker_linked,False,FDA,97663,2025-10-15,Western United Fish Company Inc,"Kent, WA",Costco,Kirkland Signature,,"Kirkland Signature brand Ahi Tuna Wasabi Poke, Costco #17193, net wt. 1lb. Product is packaged in clear plastic clamshell container and sold to consumers."
,maker_linked,False,FDA,97563,2025-10-22,Pacific Coast Producers,"Lodi, CA",Wegmans,Wegmans,,"Halved Pears IN PEAR JUICE FROM CONCNETRATE; NET WT 15 OZ (425 g); Ingredients: Pears, Water, Pear Juice Concentrate; Distributed By: Wegmans Food Markets, Inc. Rochester, NY 14603 | Fruit Cocktail IN 100% JUICE WITH ADDED INGREDIENTS; NET WT 15 OZ (425 g); Ingredients: Diced Peaches, Diced Pears, Water, Grapes, Peach Pulp and Juice, Pineapple Sectors, Pear Juice Concentrate, Halved Cherries (colored red with Carmine), Ascorbic Acid (to protect color).; Distributed By: Wegmans Food Markets, Inc. Rochester, NY 14603 | Pears Halves in Pear Juice from Concentrate; NET WT 15 OZ (425 g); Ingredients: Pears, Water, Pear Juice Concentrate; Distributed By: Walmart Inc., Bentonville, AR 72716 | Pears SLICED in Organic Pear Juice from Concentrate; NET WT 15 OZ (425 g); Ingredients: Organic Pears, Water, Organic Pear Juice Concentrate; Distributed By: Wegmans Food Markets, Inc. Rochester, NY 14603"
,maker_linked,False,FDA,97572,2025-10-22,"ONE FROZEN, LLC","Rochester, NY",Target,Good and Gather,,"Good and Gather brand Southwest-Style Burrito Bowl Blend  Processed in a facility that also handles shellfish, egg, fish, milk, sesame, soy, tree nut and wheat ingredients"
,maker_linked,False,FDA,97723,2025-10-22,Eli's Cheesecake Company,"Chicago, IL",Wegmans,Wegmans,,"Wegmans Ultimate Plain Cheesecake Large Net Wt 3.13 lb (1.42kg), shrink wrapped in a collar, 8 cakes per wholesale case"
,maker_linked,False,FDA,97834,2025-11-05,"FreshRealm, Inc","Indianapolis, IN",Walmart,Marketside,,Marketside Cheesy Cauliflower Au Gratin 12 oz.; UPC: 10194346375445
,maker_linked,False,FDA,97667,2025-11-12,Admiralty Island Fisheries Inc dba AquaStar (USA) Corp.,"Seattle, WA",Albertsons;Kroger;Publix;WinCo,Kroger;Publix;Waterfront Bistro;WinCo,,"Kroger Mercado Cooked Medium Peeled Tail-Off Shrimp, net wt. 2lbs. UPC 011110626196. Product is packaged in clear plastic bag and has a white label with green stripes on top of each bag. | AquaStar 16/20 Frozen Raw EZ-Peel White Shrimp, net wt. 5 lbs. UPC 731149654075. Product was sold at WinCo. | Waterfront Bistro Frozen Raw EZ-Peel White Shrimp 21/25, net wt. 2lbs., UPC 021130123223. Product was sold at Shaw s and Star Market, Albertson's, Eagle, Carrs-Safeway, and Safeway. | AquaStar 13/15 Raw Shrimp Easy Peel Deveined, net wt. 2 lbs. UPC 731149654051. Product was sold at Publix. | Publix Large Shrimp Peeled & Deveined Tail On 31/40, net wt. 1.5 lbs. UPC 041415067455. Product was sold at Publix. | Publix Extra Large Shrimp Easy to Peel Deveined 21/25, net wt. 1.5 lbs. UPC 041415064454. Product was sold at Publix. | AquaStar Raw Peeled Tail-on Shrimp Skewers, net wt. 1.25lbs. UPC 731149390010. Product is packaged in a printed bag with a black top and blue bottom and printed pictures of the skewers inside. | Kroger Raw Colossal EZ Peel Shrimp, net wt. 2lbs., UPC 20011110643906. Product is packaged in transparent printed bag with a blue band on the top with yellow and red details. | Best Yet Frozen Raw EZ-Peel White Shrimp 16/20  (net wt. 1 lbs/pkg; 10 pkgs per case). UPC 04218700282  Best Yet Frozen Raw EZ-Peel White Shrimp 21/25  (net wt. 1 lbs/pkg; 10 pkgs per case). UPC 04218700286  Best Yet Frozen Raw EZ-Peel White Shrimp 26/30   (net wt. 1 lbs/pkg; 10 pkgs per case). UP"
,maker_linked,False,FDA,97813,2025-11-12,"Teasdale Foods, Inc.","Louisville, KY",Aldi,Casa Mamita,,"Casa Mamita Soft Taco Dinner Kit, Net Wt 13.4 OZ (379g), UPC: 4099100318715, DIST. & SOLD EXCLUSIVELY BY: ALDI BATAVIA, IL 60510  Product consists of 10 flour tortillas, 1 sauce packet, and 1 seasoning packet within a carton; 6 cartons are packed into a mixed case with 6 additional hard taco dinner kits | Giant/Martin's Crunchy Taco Dinner Kit, Net Wt 9.4 OZ (266g), UPC: 068826757516, DISTRIBUTED BY: ADUSA DISTRIBUTION, LLC SALISBURY, NC 28147  Product consists of 12 taco shells, 1 sauce packet, and 1 seasoning packet within a carton; packed 12 cartons per case"
,maker_linked,False,FDA,97907,2025-11-12,EGGS UNLIMITED LLC,"Irvine, CA",Kroger;Walmart,Marketside;Simple Truth,,Big Y Brown Jumbo A 12ct Eggs; UPC: 018894319146 Simple Truth Cage Free Brown Large AA 12ct; UPC: 011110797698 Stater Bros Cage Free Large AA 18ct; 074175001650 That's Smart Cage Free Large AA 60ct; 193476006192 Lindsey s Gold Free Range Brown Large A 12ct; 860011334408 Marketside Cage Free Brown Large A 12ct; 681131122764
,maker_linked,False,FDA,97885,2025-12-03,"MeriCal, LLC","Anaheim, CA",Sam's Club,Member's Mark,,Member's Mark Super Greens Dietary Supplement; 48 servings; Net Weight 18.28 oz (518.4g) UPC: 193968490775
,maker_linked,False,FDA,97827,2025-12-10,Great Lakes Cheese Co Inc,"Hiram, OH",Ahold Delhaize;Aldi;H-E-B;Publix;Sprouts;Target;Walmart,Food Lion;Good & Gather;Great Value;H-E-B;Happy Farms;Hill Country Fare;Publix;Sprouts Farmers Market,,"Happy Farms by Aldi Italian Style shredded cheese blend (containing low-moisture part-skim mozzarella, not-smoked provolone, romano, asiago & parmesan finely shredded cheeses), 12 oz., individually packaged in a plastic bag, UPC 4061463330949, 6/combo case also containing 6 bags of Taco Style product | Low-moisture part-skim mozzarella shredded cheese, individually packaged in a plastic bag, as:  1) Always Save - Shredded, 5 lb., UPC 7003865782, 4/case  2) Borden - Shredded, 8 oz., UPC 5300007162, 6 or 12/case - Thick Cut, 8 oz., UPC 5300007170, 6/case  3) Brookshire's - Finely Shredded, 8 oz., UPC 9282510119, 12/case - Shredded, 8 oz., UPC 9282510120, 12/case  - Shredded, 32 oz., UPC 9282510130, 6/case - Thick Cut, 8 oz., UPC 9282592197, 12/case  4) Cache Valley Creamery - Shredded, 8 oz., UPC 7495802553, 6 or 12/case  5) Chestnut Hill - Fancy Shredded, 8 oz., UPC 3225116742, 6/case  6) Coburn Farms - Shredded, 8 oz., UPC 5193331657, 12/case - Shredded, 12 oz., UPC 5193321820, 18/case - Shredded, 32 oz., UPC 5193334257, 6/case  7) Econo - Shredded, 8 oz., UPC 893800294, 12/case  8) Food Club - Finely Shredded, 8 oz., UPC 3680045573, 12/case - Shredded, 8 oz., UPC 3680005117, 12/case - Shredded, 16 oz., UPC 3680005144, 12/case  - Shredded, 32 oz., tube-style bag, UPC 3680012914, 6/case, case UPC 3680041215 - Shredded, 32 oz., square-style bag, UPC 3680038305, 6/case  9) Food Lion - Shredded, 8 oz., UPC 3582609008, 12/case  10) Gold Rush Creamery - Shredded, 8 oz., UPC 1401401"
,maker_linked,False,FDA,97955,2025-12-10,VENTURA FOODS LLC,"Irvine, CA",Publix,Publix,,"Publix Deli Carolina-Style Mustard BBQ Sauce; 96- 2OZ NET WT: 12 LB SKU: 10 026700 16964 6 | Italian Salad Dressing; Net 1 GAL (3.78L)  SKU: 7 67367 00518 4 Creamy Poblano Avocado Ranch Dressing and Dip; Net Contents 1 GAL93.78L) SKU: 7 34730 53243 1 Ventura Caesar Dressing; Net WT 2000LB (907.1kg) SKU: 00 026700 17360 8 Pepper Mill Regal Caesar Dressing; 1 GAL (128 FL OZ) 3.79 L SKU: 0 93901 72607 0 Pepper Mill Creamy Caesar Dressing; 1 GAL (128 FL OZ) 3.79 L SKU: 0 93901 78134 5 Ceasar Dressing (Costco Service Deli) NET WT: 23.62 LB (10.71 kg) SKU: 0 26700 19376 7 Ceasar Dressing (Costco Food Court) NET WT: 32 LB (14.51 kg) SKU: 0 26700 19376 7 Hidden Valley, Buttermilk Ranch; NET 1 GAL (3.79L) SKU: 0 26700 19192 3"
,maker_linked,False,FDA,97908,2025-12-17,Moonlight Packing Corporation,"Reedley, CA",Kroger,Kroger,,"Sticker label (for Loose Bulk - peppermint peaches): 4401 | UPC 8 98429 00266 4 Peppermint Peach PROUCE OF U.S.A. 4 COUNT MIN. WT. 2.25 LBS MOONLIGHT PACKING CORPORATION REEDLEY, CA 93654 | UPC 8 10248 03087 1 Peppermint Peach WHITE PEACHES READY TO EAT FROM CALIFORNIA PRODUCE OF U.S.A. NET WT. 4 LBS. MOONLIGHT PACKING CORP. REEDLEY, CALIFORNIA 93654  UPC 8 10248 03163 2 Peppermint Peaches WHITE PEACHES READY TO EAT FROM CALIFORNIA PRODUCE OF U.S.A. NET WT. 4 LBS. MOONLIGHT PACKING CORP. REEDLEY, CALIFORNIA 93654 | UPC 8 98429 00209 1 PEACHES PRODUCE OF U.S.A. NET WT 2 LB (32 OZ) 907 g DISTRIBUTED BY MOONLIGHT PACKING CORP. REEDLEY, CALIFORNIA 93654  UPC 0 11110 18174 9 PEACHES PRODUCE OF USA NET WT 32 OZ (2 LB) 907g DISTRIBUTED BY THE KROGER CO. CINCINNATI, OHIO 45202 | UPC 8 10248 03186 1 WHITE PEACHES CALIFORNIA FRUIT PRODUCE OF U.S.A. NET WT. 2 LBS. (907G) MOONLIGHT PACKING CORP. REEDLEY, CALIFORNIA 93654 | Sticker label (for Loose Bulk - white peaches): 4401 | UPC 8 10248 03165 6 YELLOW Peaches PRODUCE OF U.S.A. NET WT. 4 LBS. MOONLIGHT PACKING CORP. REEDLEY, CALIFORNIA 93654  UPC 8 98429 00220 6 YELLOW Peaches from California PRODUCE OF U.S.A. NET WT. 4 LBS. MOONLIGHT PACKING CORP. REEDLEY, CALIFORNIA 93654 | Sticker label (for Loose Bulk - yellow peaches): 4044 | Sticker label (for Loose Bulk - peppermint peaches): 4401 | UPC 8 10248 03186 1 Peppermint Peach PRODUCE OF U.S.A. NET WT. 2 LBS. (907G) MOONLIGHT PACKING CORPORATION REEDLEY, CA 93654 | Sticker label (for Loo"
,maker_linked,False,FDA,98083,2025-12-31,Mellace Family Brands California Inc,"Warren, OH",Wegmans,Wegmans,,"1) Wegmans Deluxe Mixed Nuts, Unsalted, Net Wt. 34 oz. (964g), packaged in a plastic tub with UPC 077890421314, packed 6 tubs per case  2) Wegmans Deluxe Mixed Nuts, Unsalted, Net Wt. 11.5 oz. (326g), packaged in a plastic bag with UPC 077890421352, packed 12 bags per case"
,maker_linked,False,FDA,98148,2025-12-31,The James Skinner LLC,"Omaha, NE",Publix,Publix,,"Publix Raspberry Coffee Cake, Net Wt. 15 oz. (425g), packaged in an aluminum foil tray and clear plastic clamshell lid with wraparound label, UPC 0-41415-54691-2, Distributed By Publix Supermarkets, Inc. Lakeland, FL 33802, packed 12 per case  Case label reads, in part: Maple Walnut Coffee Cake, 12 units/14 oz. each, Net Wt. 10.5 LB (4.6 kg), UPC 100 41415 54591 2"
,maker_linked,False,FDA,98174,2026-01-14,Rovira Biscuit Corporation,"Ponce, PR",Walmart,Great Value,,"Vanilla Econo, Galletas de Vainilla, 8 paquets per Net Wt. 9.6 oz box (272 g), 6 box per case. UPC 072981005022 | Tempting Crackers Tray, Rovira, 3 foil wrap trays per Net Wt. 8oz box (Net Wt 5 oz trays), 6 box per case. UPC 072981003127  Tempting Crackers, Rovira, 12 packets (Net Wt. 1.0 oz (30 g) bag) per box, 12/ 1.0 oz packets box, 6/ 12-1oz box per case. UPC 072981003127 | Vanilla Treats Crackers, Rovira, Net Wt. 31 oz (878.83 g) cans, 6/31oz cans per case.  Mini Vanilla Treats, Rovira, 12 to go packs (0.8oz (22.7g) each), Net Wt 9.6 oz (272g), 6/9.6oz boxes per case. UPC072981005374 | Snack Crackers 100to en boca (ciento en boca) Rovira, Net Wt. 1.5 oz, 12 pack Snack Crackers to go, 12 packets (Net Wt 1.5 oz bag) per box, 12/ 1.5 oz packets box, 6 box per case. UPC 072981023064  100to en boca (ciento en boca), Rovira, Net Wt. 7 oz, 7 pack Snack Crackers to go, 7 packets (Net Wt 1 oz bag) per box, 18/7oz box per case. UPC 072981003035  100to en boca (ciento en boca) Rovira, tray, Net Wt. 18 oz, 6 packets (Net Wt 1.5 oz tray) per box per case. UPC 072981003073 | Vainilla Crackers, Great Value (Galletas Vainilla)8 Foil Packets (17 g each), Net Wt.9.6 oz (272 g) box, 6 boxes per case. UPC 072981005022 | Tita Crackers Rovira, 3 (1/2 oz (15g) Foil Fresh Packets Net Wt.8 oz (226.8 g) boxes, 6/8oz boxes per case. UPC 072981005121  Tita Crackers Rovira, Net Wt. 24 oz (680 g) boxes, 6/24 oz boxes per case. UPC 072981005343  Tita Crackers Rovira, Net Wt 24 oz (680 g) cans, 6/24 oz"
,maker_linked,False,FDA,98182,2026-01-14,DIRECT SOURCE SEAFOOD LLC,"Bellevue, WA",Albertsons,Waterfront Bistro,,"waterfront BISTRO brand Frozen Raw Shrimp EZ PEEL SHELL & TAIL ON Colossal 8-12 Count per Lb. Net wt. 32oz (2LB). Product is packaged in white flexible plastic pouch with multicolored labeling. UPC is 0 21130 13224 9.   Product of Indonesia. DISTRIBUTED BY LUCERNE FOODS, INC. P.O. BOX 99 PLEASANTON, CA 94566. | MARKET 32 by Price Chopper brand, frozen RAW SHRIMP easy peel shell on 26/30 count per pound. Net 16oz. Product is packaged in a clear flexible plastic package with brown label and blue and green printing. UPC is 0 41735 01358 3.    Product of Indonesia. PROUDLY DISTRIBUTED BY PRICE CHOPPER, INC. SCHENECTADY, NY 12306."
,maker_linked,False,FDA,98190,2026-01-21,ASK Foods Inc,"Palmyra, PA",Publix,Publix,,"Publix Rice & Pigeon Peas, Net Wt 32 oz (2lb), Plastic tray with clear lid, black film, and a pre-printed label. 6 (2lb) containers per case ."
,maker_linked,False,FDA,98121,2026-01-28,Bakkavor,"Charlotte, NC",H-E-B,Meal Simple,,"MEAL SIMPLE RED LENTIL DAL SOUP NET WT. 16 OZ (1 LB) 454g UPC 1 97870 07333 0 MADE WITH PRIDE AND CARE FOR H-E-B-, SAN ANTONIO, TEXAS 78204"
,maker_linked,False,FDA,98173,2026-02-04,"Plant Based Innovations, LLC","Leominster, MA",H-E-B,H-E-B,,"HIGHER HARVEST by H-E-B brand; Dairy Free Coconut Based YOGURT; STRAWBERRY; YOGURT ALTERNATIVE; NET WT 5.3 OZ; INGREDIENTS: COCONUT MILK (WATER, COCONUT CREAM, MODIFIED TAPIOCA STARCH), STRAWBERRIES, CANE SUGAR, WATER, STARCH, NATURAL FLAVOR, FRUITS AND VEGETABLE JUICE (FOR COLOR) LOCUST BEAN GUM, LEMON JUICE CONCENTRATE, LIVE AND ACTIVE CULTURES, VITAMIN B12; CONTAINS: COCONUT"
,maker_linked,False,FDA,98259,2026-02-04,"Mount Olive Pickle Company, Inc.","Mount Olive, NC",Ahold Delhaize,Hannaford,,"Hannaford hamburger dill pickle chips 16 FL OZ (1 PT) 473mL glass jar. UPC 0 41268 14889 9 DISTRIBUTED BY: HANNAFORD BROS. CO. SCARBOROUGH, ME 04074"
,maker_linked,False,FDA,98479,2026-03-25,"SAPUTO CHEESE USA, INC","Milwaukee, WI",Walmart,Great Value,,"Great Value Fat Free Cottage Cheese Small Curd 0% Milkfat NET WT 24OZ UPC 0 78742 37339  3  DISTRIBUTED BY: Walmart Inc., Bentonville, AR 72716 | Great Value Lowfat Cottage Cheese Small Curd 2% Milkfat NET WT 24OZ UPC 0 78742 11673  0 DISTRIBUTED BY: Walmart Inc., Bentonville, AR 72716 | Great Value Cottage Cheese Small Curd 4% Milkfat NET WT 16oZ UPC 0 78742 37235 8; 24oz UPC 0 78742 37236 5 & 3lb UPC 0 78742 14797 0 DISTRIBUTED BY: Walmart Inc., Bentonville, AR 72716 | CLOVER SONOMA COTTAGE CHEESE LOW FAT 2% MILKFAT NET WT 16OZ UPC 0 70852 54400 7  & 32OZ UPC 0 70852 54200 3 DISTRIBUTED BY: CLOVER-STORNETTA FARMS LLC PETALUMA, CA 94952 | CLOVER SONOMA SOUR CREAM NET WT 8OZ UPC 0 70852 61800 5  & 16OZ UPC 0 70852 61500 4 DISTRIBUTED BY: CLOVER-STORNETTA FARMS LLC PETALUMA, CA 94952"
,maker_linked,False,FDA,98379,2026-03-25,Dr. Praeger's Sensible Foods Inc.,"Elmwood Park, NJ",Aldi,Simply Nature,,"Simply Nature, Spinach Bites, 12 oz retail unit, Plastic wrapped bites inside of a retail box. Keep Frozen."
,maker_linked,False,FDA,98535,2026-04-01,Ajinomoto Foods North America Inc.,"Ontario, CA",Kroger;Trader Joe's,Kroger;Trader Joe's,,"Item 6430093 Ajinomoto Green Gyoza Vegetable & Edamame Dumplings 12ct. Retail bag UPC: None.  Product packaging is flexible bags in a master case or flexible bags in cartons in a master case. There are 20/12ct. bags per case. Case UPC 10071757080246.  All products are intended to be stored frozen and fully cooked to 165F before eating. | Item 81097 Ajinomoto Ling Ling Restaurant Style Fried Rice Savory Vegetable - A Chinese Style Fried Rice with Edamame, Carrots, Fire Roasted Corn & Red Bell Peppers Prepared with Sweet Soy Sauce Infused Rice. Net wt. 17oz. Retail box UPC 010878810915.  Product packaging is flexible bags in a master case or flexible bags in cartons in a master case. There are 6/17oz. boxes per case. Case UPC 10010878810912.  All products are intended to be stored frozen and fully cooked to 165F before eating. | Item 6430143 Ajinomoto Vegetable Gyoza Dumplings 12ct. Net wt. 8.92oz. per package. Retail package UPC: 071757055483.  Product packaging is flexible bags in a master case or flexible bags in cartons in a master case. There are 20/8.92oz. packages or 11.15 lbs. per case. Carton UPC 10071757055480.   All products are intended to be stored frozen and fully cooked to 165F before eating. | Item 81146 Ajinomoto Tai Pei Shrimp Fried Rice - Shrimp, vegetables & fried rice with oyster flavored sauce. Net wt. 48oz or 3lbs. per box.  Retail box UPC 070077811465.  Product packaging is flexible bags in a master case or flexible bags in cartons in a master case. Ther"
,maker_linked,False,FDA,98311,2026-04-01,Bakkavor,"Charlotte, NC",Meijer;Trader Joe's,Frederik's by Meijer;Meijer;Trader Joe's,,"Roasted Tomato Parmesan Focaccia Bread sold under the brand names of FREDERIK'S by meijer SLOW-ROASTED TOMATO & SHREDDED PARMESAN CHEESE NET WT 13.75 OZ (390g) UPC 7 13733 88387 0 DIST. BY MEIJER DISTRIBUTION, INC. GRAND RAPIDS, MI 49544;   fresh & simple Roasted Tomato & Parmesan Focaccia NET WT. 13.75 oz (390g) UPC 8 50061 35318 4 Distributed By: Bakkavor Foods USA Inc., Charlotte, NC 28273;   HT Traders Roasted Tomato & Parmesan FOCACCIA NET WT. 13.75 oz (390g) UPC 0 72036 95631 6 PROUDLY DISTRIBUTED BY: HARRIS TEETER, LLC MATTHEWS, NC 28105  TRADER JOE'S FOCACCIA BREAD Roasted Tomato & Parmesan NET WT. 14 OZ (397g) UPC 0064 4358 DIST. & SOLD EXCLUSIVELY BY: TRADER JOE'S, MONROVIA, CA 91016 | Basil Pesto & Mozzarella Pizza NET WT. 13.90OZ (394g) UPC 8 57919 00785 5 Distributed by: Grocery Delivery E-Services New York, NY 10005"
,maker_linked,False,FDA,98771,2026-05-06,"LACTALIS CANADA, INC","Toronto, Quebec",Aldi,Specially Selected,,"Specially SELECTED brand Vanilla Creme Brulee; NET WT 3.6oz (103g); INGREDIENTS: CREAM (MILK, CREAM), FROZEN YOLK MIX (EGG YOLK, SUGAR) SUGAR, NATURAL VANILLA FLAVOR, TAPIOCA STARCH, CARRAGEENAN; TOPPING INGREDIENTS: CARAMEL FLAKES (SUGAR, GLUCOSE SYRUP); CONTAINS: MILK, EGGS. MAY CONTAIN: WHEAT, SOY; DIST.SOLD EXCLUSIVELY BY: ALDI BATAVIA, IL; packaged in glass jars"
,maker_linked,False,FDA,98784,2026-05-13,"Post Consumer Brands, LLC","Lakeville, MN",Publix,Publix,,"Publix Bran Flakes, Wheat Cereal.  Net Wt 18oz (1 lb 2 oz) 510g.  UPC 0 41415-24305 7.   Distributed by Publix Super Markets, Inc. Lakeland, FL 33802."
,maker_linked,False,FDA,98811,2026-05-20,"Ferris Coffee and Nut Company, Inc.","Grand Rapids, MI",Meijer,Frederik's by Meijer;Meijer,,"Frederik's by meijer Vanilla Bourbon Trail Mix, packed in plastic retail-sized black bag NET WT 9 OZ (255g). On the back of the bag is both lot number and a stamped expiration date. UPC 719283 357212; 12-9oz retail units per case."
,maker_linked,False,FDA,98839,2026-05-20,Sugar Foods LLC,"Villa Rica, GA",Kroger,Kroger,,"Kroger HOMESTYLE Cheese AND Garlic CROUTONS NET WT 5 OZ (141g) UPC 0 11110 81353 4 DISTRIBUTED BY THE KROGER CO., CINCINNATI, OHIO 45202"
,maker_linked,False,FDA,98919,2026-05-27,JOHN B SANFILIPPO & SONS INC,"Elgin, IL",Target,Good & Gather,,"Good & Gather Mexican Street Corn Trail Mix 8 oz bag UPC 085239270240, 8 bags per case | Fisher Tex Mex Trail Mix 30 oz plastic jar UPC 070690275941, 6 jars per case | Squirrel Brand Town & Country Mix 16 oz can UPC 07223805251 and 7.5 oz can UPC 07223805450.  16 oz 12 cans per case.  7.5 oz 6 cans per case | Southern Style Nuts Gourmet Hunter Mix 23 oz plastic jar UPC 085839073319 and 36 oz plastic jar UPC 085839071483.  23 oz 6 jars per case case and 96 jars per display.  36 oz 6 jars per case | Southern Style Nuts Hunter Mix 30 oz plastic jar UPC 085839916302, 4 jars per case | Squirrel Brand Travelers Mix 16 oz can UPC 07223899166, 12 cans per case"
,maker_linked,False,FDA,98928,2026-06-03,Legacy Bakehouse LLC,"Waukesha, WI",Ahold Delhaize,Giant Eagle,,"Butter Parsley Bagel Crisps, Item Number 18490, Net Weight:  10 lbs.  Legacy Bakehouse, LLC, N8W22100 Johnson Dr., Waukesha, WI  53166. | giant eagle Baked Pita Chips with Parmesan, Garlic & Herb Bagel Crisps,  Net Wt 7.33 oz.   Shipping Case:  12 ct - 7.33 oz Bags Net Weight:  5.49 lbs. Legacy Bakehouse, LLC, Waukesha WI  53186. | Parmesan & Herb Bagel Crisps, Item Number 18139, Net Weight:  10 lbs.  Legacy Bakehouse, LLC, N8W22100 Johnson Dr., Waukesha, WI  53166."
,maker_linked,False,FDA,99038,2026-06-17,"Kettle Cuisine, LLC","Lynn, MA",Whole Foods,Whole Foods Market,,"Individual Unit Label (both lid and front of cup): Whole Foods Market Kitchens Minestrone Soup, VEGETARIAN NET WT 24 OZ (1 Lb 8OZ) 680g.  Case Label: Whole Foods Global Minestrone Soup 702505, KEEP REFRIGERATED, Distributed by Whole Foods Market Austin, TX 78703. Eight (8)/ 24 oz. Cups (Net Wt. 12 LBS)/case."
,maker_linked,False,FDA,99020,2026-06-24,United States Bakery,"Eugene, OR",Walmart,Great Value,,"Great Value Hawaiian Roll 4pk, Item # F63384. Product is perishable dinner roll ready to eat, sold in a corrugated case of 18 packages (4.5oz net wt.) individually wrapped in laminated film.   This product was never sold in stores and was never available for consumer purchase. All affected product remained at wholesale distribution centers and has been accounted for."
,maker_linked,False,FDA,99479,2026-08-19,MIDWEST POULTRY SERVC C/O H & LELECTRIC,"N Manchester, IN",Kroger,Kroger;Simple Truth,,"Grade A White In-shell Chicken eggs packaged in the following configurations:   1.  Kroger, Medium, 12 Eggs, Net Wt 21 oz (1lb 5oz) 596g, UPC 0 11110-60902 1.  Distributed by The Kroger Co., Cincinnati, OH  45202.   2.  Kroger, Medium, 30 Eggs, Net Wt 52.5 oz (3lb 4.5oz) 596g, UPC 0 11110-60980 9.  Distributed by The Kroger Co., Cincinnati, OH  45202.   3.  Kroger, Large 12 Eggs, Net Wt 24 oz (1lb 8oz) 681g, UPC 0 11110-60903 8.  Distributed by The Kroger Co., Cincinnati, OH  45202.   4.  Kroger, Large 18 Eggs, Net Wt 36 oz (2lb 4oz) 1.03kg, UPC 0 11110-60933 5.  Distributed by The Kroger Co., Cincinnati, OH  45202.   5.  Kroger, Large 60 Eggs, Net Wt 7lb 8oz (3.40kg), UPC 0 11110-60933 5.  Distributed by The Kroger Co., Cincinnati, OH  45202.    6.  Kroger, Extra Large 12 Eggs, Net Wt 27 oz (1lb 11oz) 766g, UPC 0 11110-60904 5.  Distributed by The Kroger Co., Cincinnati, OH  45202.   7.  Kroger, Jumbo 12 Eggs, Net Wt 30 oz (1lb 14oz) 851g, UPC 0 11110-60905 2.  Distributed by The Kroger Co., Cincinnati, OH  45202.    Packed by Tx Lic #613171, 800 Wabash Rd, N. Manchester, IN  46962.    8.  Brookshire's farm fresh, Large 6 Eggs, Net Wt 12 oz (341g), UPC 0 92825-09564 4.  Distributed by:  Brookshire Grocery Company, P.O. Box 1411, Tyler, TX  75710-1411.   9.  Brookshire's farm fresh, Large 12 Eggs, Net Wt 24 oz (1lb 8oz) 681g, UPC 0 92825-09555 2.  Distributed by:  Brookshire Grocery Company, P.O. Box 1411, Tyler, TX  75710-1411.   10.   Brookshire's farm fresh, Large 18 Eggs,"
,maker_linked,False,FDA,99453,2026-08-19,Taylor Farms de Mexico S. de R.L. de C.V.,Doctor Mora,Walmart,Marketside,,"MARKON LETTUCE SALAD MIX 4/5# MARKON LETTUCE SALAD WITH SEP BAG 4/5# Iceberg, Carrots, Red Cabbage products. | Jack in the Box 1/8"" SHRED LETTUCE   4/5# Iceberg only products. | Cross Valley Farms BLEND LETT/ROM 80/20 WITH SEP BAGGIES 4/5# Iceberg, Romaine, Carrots, Red Cabbage products. | SUBWAY SHRED LETTUCE 1/4"" 4/5# Iceberg only products. | TAYLOR FARMS BLEND LETT/ROM BLEND WITH BAG 4/5# Iceberg, Romaine, Carrots, Red Cabbage products. | MARKON BLEND LETT/ROM 50/50 NOCLR  4/5# MARKON BLEND LETT/ROM 80/20 4/5# Iceberg, Romaine products. | PEAK LETTUCE SHRED 1/8"" 4/5# Iceberg only products. | TAYLOR FARMS BLEND GARDEN SALAD MIX W/ROM 6/5# NATIONAL TAYLOR FARMS BLEND GARDEN SALAD MIX W/ROM 6/5# ND TAYLOR FARMS BLEND LETT/ROM 50/50 NOCLR  4/5# TAYLOR FARMS BLEND LETT/ROM 70/30 NOCOLR 4/5# TAYLOR FARMS BLEND LETT/ROM 80/20 4/5# TAYLOR FARMS LETTUCE SALAD MIX 4/5# Iceberg, Romaine products. | Cross Valley Farms LETTUCE SALAD MIX 4/5# Cross Valley Farms LETTUCE SALAD WITH SEP BAG 4/5# Iceberg, Carrots, Red Cabbage products. | MARKON LETTUCE CHOP 4/5# MARKON LETTUCE SHRED 1/4"" 4/5# MARKON LETTUCE SHRED 1/8"" 4/5# MARKON LETTUCE SHRED 3/8"" 4/5# Iceberg only products. | TAYLOR FARMS LETTUCE CHOP 1X1"" 4/4# TAYLOR FARMS LETTUCE CHOP 1X1"" 8/2# TAYLOR FARMS LETTUCE CHOP 4/5# TAYLOR FARMS LETTUCE SHRED 1/4"" 4/5# TAYLOR FARMS LETTUCE SHRED 1/8"" 4/5# TF LETTUCE CHOP .5X.5"" 4/5 LB Iceberg only products. | Cross Valley Farms BLEND LETT/ROM 50/50 NOCLR 4/5# Cross Valley Farms BLEND LETT/ROM 8"
,maker_linked,False,FDA,99640,2026-08-26,"WFM Purchasing, LP","Austin, TX",Whole Foods,Whole Foods Market,,"Whole Foods Medium Pico de Gallo Guacamole Dip, Keep Refrigerated.  Packed in various sized clear plastic containers.   Product is weighed and a finished product label is applied.  Products contain the following PLU Cods located under label bar code:  29802800000.   Packed for Whole Foods Market, located at either 1745 W. Market Street, Akron, OH  44313 or 4301 W. William Cannon, Austin, TX  78749. | Whole Foods Spicy Guacamole Dip, Keep Refrigerated.  Packed in various sized clear plastic containers.   Product is weighed and a finished product label is applied.  Products contain the following PLU Cods located under label bar code:  21212000000, 21211900000, 25138200000.   Packed for Whole Foods Market, located at either 1745 W. Market Street, Akron, OH  44313 or 4301 W. William Cannon, Austin, TX  78749. | Whole Foods Pomegranate Guacamole Dip, Keep Refrigerated.  Packed in various sized clear plastic containers.   Product is weighed and a finished product label is applied.  Products contain the following PLU Cods located under label bar code:  27908100000, 27908500000.   Packed for Whole Foods Market, located at either 1745 W. Market Street, Akron, OH  44313 or 4301 W. William Cannon, Austin, TX  78749. | Whole Foods Mild Guacamole Dip No Tomatoes, Keep Refrigerated.  Packed in various sized clear plastic containers.   Product is weighed and a finished product label is applied.  Products contain the following PLU Cods located under label bar code:  24293900000, 25745000000,"
,retailer_self,False,FDA,62340,2012-07-11,Hannaford Bros.,"Scarborough, ME",Ahold Delhaize,Hannaford,,"Hannaford brand Mini Frosted Cookies, 10 oz   UPC # 4126872374"
,retailer_self,False,FDA,62548,2012-08-22,Hannaford Bros.,"Scarborough, ME",Ahold Delhaize,Hannaford,,"Hannaford Meatball Panini - cold, UPC # 941260723096  Hannaford Meatball Panini - hot, UPC # 94126072102  Packaged in 10 oz plastic clamshell"
,retailer_self,False,FDA,62731,2012-08-22,"Publix Super Markets, Inc.","Lakeland, FL",Publix,Publix,,NO LABEL.  Sub sandwiches are prepared fresh - made to order - wrapped in paper and then a generic label applied.  The scale label would only state 1/2 sub or whole sub and the price from the Publix Deli.     Publix does not have a mechanism to track sub sandwiches prepared with fresh onions.
,retailer_self,False,FDA,62734,2012-09-19,Ron Stockman Whole Foods,"Ft Lauderdale, FL",Whole Foods,Whole Foods Market,,"Gills Onions were used in this product.     The Tuna With Sun-Dried Cranberries & Lemon  is sold at the chef's case, self serve counter, or packaged.    Packaged product is labeled as listed below:    ""***WHOLE FOODS MARKET***TUNA WITH SUN-DRIED CRANBERRIES AND LEMON*** TUNA ( TUNA, WATER, VEGETABLE BROTH (CARROTS & PEAS), SALT), ONIONS....***"" | Gills Onions were used in this product.     The product listed below is prepared at Whole Foods Market and distributed in their retail chef's case or on the self-service bar. It was not sold labeled.    SHRIMP WITH SNOW PEAS | Gills Onions were used in this product.     The product listed below is prepared at Whole Foods Market and distributed in their retail chef's case or on the self-service bar. It was not sold labeled.    SOY & THE SEA | Gills Onions were used in this product.     The product listed below is prepared at Whole Foods Market and distributed in their retail chef's case or on the self-service bar. It was not sold labeled.    CHUNKY RANCH VEGETABLE SALAD NO OIL ADDED | Gills Onions were used in this product.     The product listed below is prepared at Whole Foods Market and distributed in their retail chef's case or on the self-service bar. It was not sold labeled.    RANCH ICEBERG SALAD WEDGE NO OIL ADDED | Gills Onions were used in this product.     The Thousand Island Potato Salad is sold at the chef's case, self serve counter, or packaged.It is also sold as ""Family Sized Savings Thousand Island Potato Salad"".    Pa"
,retailer_self,False,FDA,62890,2012-09-19,"Meijer Distribution, Inc","Grand Rapids, MI",Meijer,Meijer,,"Meijer Brand Mushrooms, imported from The Netherlands  Stems & Pieces, DR WT 4-oz and 8-oz sizes/Net Wt. 6.5-oz and 13.25-oz, UPC 7-1373337545-0 and UPC 7-1373337544-3"
,retailer_self,False,FDA,63046,2012-10-03,"Meijer Distribution, Inc","Grand Rapids, MI",Meijer,Meijer,,"Product Name: Walnuts 160z.  Brand Name: Markets of Meijer  Meijer Distribution, Inc. Grand Rapids, MI49544  UPC 8-8692619782-2"
,retailer_self,False,FDA,63216,2012-10-17,Kroger Co,"Cincinnati, OH",Kroger,Kroger,,"FRESH SELECTIONS by Kroger"" Tender Spinach NET WT 10 OZ (283g) BEST IF USED BY 09/16/12 Product of USA 10:09 HarvestMark.com, 1104 A244 0105 KN01 INGREDIENTS: SPINACH DISTRIBUTED BY THE KROGER COM. CINCINNATI OHIO 45202"
,retailer_self,False,FDA,63289,2012-10-24,Publix Super Markets,"Lakeland, FL",Publix,Publix,,***Publix***Hearts of Romaine***Chopped Hearts of Romaine***Triple Washed***& Ready to Eat***No Preservatives***NET WT 10 OZ (284g)***
,retailer_self,False,FDA,63184,2012-10-24,Whole Foods Market,"Austin, TX",Whole Foods,Whole Foods Market,,"Frescolina and Mitica brand Ricotta Salata cheeses were cut into wedges, packaged in clear plastic wrap and sold with a Whole Foods Market scale label using PLU 293427 and PLU 294413, respectively.  All ""sell by"" dates through Oct. 2 are affected."
,retailer_self,False,FDA,63441,2012-11-14,Hannaford Bros.,"Scarborough, ME",Ahold Delhaize,Hannaford,,"Hannaford Red Velvet Cake Truffle, 6 count  UPC #20335800000 | Hannaford Triple Chocolate Cake Truffle, 6 count  UPC # 20335700000"
,retailer_self,False,FDA,63493,2012-11-21,Publix Corporate Office,"Lakeland, FL",Publix,Publix,,"Frozen Publix Brand Premium Tempura Shrimp, 11 oz box packed 10 boxes per case."
,retailer_self,False,FDA,63673,2012-12-05,Kroger Co,"Cincinnati, OH",Kroger,Kroger,,"Kroger Deluxe French Vanilla Magnifique Ice Cream, 48 FL OZ laminated carton. INGREDIENTS: MILK, CREAM, SUGAR***CONTAINS: MILK, EGGS DISTRIBUTED BY THE KROGER CO. CINCINNATI, OHIO 45202***800-632-6900 or www.kroger.com."
,retailer_self,False,FDA,63727,2012-12-05,Whole Foods Market South Seafood Distribution,"Roswell, GA",Whole Foods,Whole Foods Market,,"Almondine Wedding Cookies sold by the pound. | Wedding Cookies (Baked Fresh In-Store), Whole Foods Market, sold by the pound."
,retailer_self,False,FDA,63425,2013-01-16,"Whole Foods Market Brand 365, Llc","Austin, TX",Whole Foods,Whole Foods Market,,"The Blue Kentucky Rose cheese sold in the Nashville, TN, Whole Foods Market store was cut and packaged in clear plastic wrap. It was sold with a Whole Foods Market scale label reading &amp;amp;amp;amp;amp;amp;amp;quot;Blue Kentucky Rose Kenny's&amp;amp;amp;amp;amp;amp;amp;quot;. | Kentucky Bleu cheese was sold in the Louisville, KY, Whole Foods Market store, and was cut and packaged in clear plastic wrap. It was sold with a Whole Foods Market scale label reading 'Kenny's Farmhouse Cheese KY BL&amp;amp;amp;amp;amp;amp;amp;quot;."
,retailer_self,False,FDA,63883,2013-01-16,"Meijer Distribution, Inc","Grand Rapids, MI",Meijer,Meijer,,Markets of Meijer 16oz Redskin Peanuts
,retailer_self,False,FDA,63893,2013-01-30,Wegmans Food Markets,"Rochester, NY",Wegmans,Wegmans,,Wegmans Organic Spinach & Spring Mix --- Product is packaged in clam shell in two sizes: 5oz and 11oz.
,retailer_self,False,FDA,64199,2013-03-06,Whole Foods Market,"Austin, TX",Whole Foods,Whole Foods Market,,"Whole Foods Market Whole Catch Wild Alaskan Sockeye Smoked Salmon, Cold Smoked Sliced, Net Wt. 4 oz, Distributed by Whole Foods Market, Austin, TX 78703"
,retailer_self,False,FDA,64347,2013-03-06,Whole Foods Market,"Austin, TX",Whole Foods,Whole Foods Market,,"Whole Foods Market Panettone Chocolate - 26.4 oz, 12 per case."
,retailer_self,False,FDA,64493,2013-03-20,"Publix Super Markets, Inc.","Lakeland, FL",Publix,Publix,,Publix 7 inch Cookies Cream Layer Cake  Scale ID Number * 002-16466-00000 *The last five digits of the scale ID number contain the unit price. For example $4.99 would have the last five digits ending 00499. | Publix 7 inch Chocolate with Chocolate butter cream layer cake  Scale ID Number * 002-95954-00000 *The last five digits of the scale ID number contain the unit price. For example $4.99 would have the last five digits ending 00499. | Publix Chocolate Ganache cake  Scale ID Number * 002-94078-00000 *The last five digits of the scale ID number contain the unit price. For example $4.99 would have the last five digits ending 00499. | Publix 7 inch Dec. Whip Topping with filling cake  Scale ID Number * 002-19734-00000 *The last five digits of the scale ID number contain the unit price. For example $4.99 would have the last five digits ending 00499. | Publix Peanut Butter Fudge Fix cake  Scale ID Number * 002-95628-00000 *The last five digits of the scale ID number contain the unit price. For example $4.99 would have the last five digits ending 00499. | Publix 7 inch Buttercream 1/2-1/2 cake  Scale ID Number * 002-94502-00000 *The last five digits of the scale ID number contain the unit price. For example $4.99 would have the last five digits ending 00499. | Publix 7 inch Chocolate with Buttercream layer cake  Scale ID Number * 002-95664-00000 *The last five digits of the scale ID number contain the unit price. For example $4.99 would have the last five digits ending 00499. | P
,retailer_self,True,FDA,63311,2013-03-20,Whole Foods Market,"Austin, TX",Whole Foods,Whole Foods Market,,"Treasure Trove Mix, sold from Whole Foods Market Bulk Bins PLU 6922 | Peanut Butter Power Chews sold as a bulk item through Whole Foods Market self serve bins, PLU 9663"
,retailer_self,False,FDA,64234,2013-03-27,Whole Foods Market Pacific NW Distribution Center (PDC),"Seattle, WA",Whole Foods,Whole Foods Market,,"Whole bagels and half bagels w/ cream cheese/cold smoked salmon spread wrapped in plastic.    An example of the whole bagel label (in part): ""0298437 003996  BAGEL FULL LOX CREAM CHEESE CAPERS  BAGEL (ORGANIC WHEAT FLOUR, ORGANIC WHITE WHOLE WHEAT FLOUR, ORGANIC SUGAR, ORGANIC WHEAT GLUTEN, ORGANIC WHOLE WHEAT FLOUR, ORGANIC OAT FLOUR, YEAST, SALT, ORGANIC OAT FIBER, ORGANIC HIGH***SELL BY: 02.02.13***PACK DATE: 01.30.13***Whole Foods Market Inc., Bellevue, WA 98005***""  There is a light blue water mark behind the ingredient statement that reads: ""WHOLE FOODS MARKET""    An example of the half bagel label (in part): ""0292811 001998  HALF BAGEL WITH LOX CAPERS AND CREAM CHEESE CAPERS  BAGEL (ORGANIC WHEAT FLOUR, ORGANIC WHITE WHOLE WHEAT FLOUR, ORGANIC SUGAR, ORGANIC WHEAT GLUTEN, ORGANIC WHOLE WHEAT FLOUR, ORGANIC OAT FLOUR, YEAST, SALT, ORGANIC OAT FIBER, ORGANIC HIGH OELIC SUNFLOWER OIL, ORGANIC RAISIN JUICE CONCENTRATE, ORGANIC BARLEY FLOUR, ORGANIC GUAR GUM, ORGANIC CULTURED WHEAT***SELL BY: 02.02.13***PACK DATE: 01.30.13***""  There is a light blue water mark behind the ingredient statement that reads: ""WHOLE FOODS MARKET"" | Cream cheese/cold smoked salmon (Gravlox) spread in plastic containers.     A sample of product label (SELL BY and PACK DATES may differ): ""0295307 014144  LOX & CREAM CHEESE WHOLE FOODS MARKET  CCOLD SMOKED SALMON (SALMON, SALT, SUGAR AND NATURAL HARDWOOD SMOKE).  CREAM CHEESE (PASTEURIZED MILK AND CREAM, CHEESE CULTURE, SALT.***SELL BY 02.06.13***PAC"
,retailer_self,False,FDA,64709,2013-04-03,"Meijer Distribution, Inc","Grand Rapids, MI",Meijer,Meijer,,"Meijer,  Spiced Jelly Beans, 32 oz, Product of Mexico, UPC 8-86926-50931-1."
,retailer_self,False,FDA,64599,2013-04-03,Whole Foods Market,"Austin, TX",Whole Foods,Whole Foods Market,,"Sonoma Mock Chix Salad  Ingredients:   Dist. by Whole Foods Market 525 N. Lamar Blvd, Austin, TX 78703.  Product is made in store and sold under the name of Sonma Mock Chix Salad. It comes in 6oz, 8oz, 16oz, and 24oz clear plastic hinged containers."
,retailer_self,False,FDA,64540,2013-04-10,Kroger Co,"Cincinnati, OH",Kroger,Kroger,,"Fred Meyer Tender Twist Honey Cracked Wheat Bread 24 oz (1 LB 8 OZ) 680g***INGREDIENTS: UNBLEACHED ENRICHED FLOUR***CONTAINS: WHEAT, SOY. DISTRIBUTED BY THE KROGER CO. CINCINNATI, OHIO 45202"" | Tender Twist 100% Whole Wheat Bread 24 oz (1 LB 8 OZ) 680g***INGREDIENTS: UNBLEACHED ENRICHED FLOUR***CONTAINS: WHEAT, SOY. DISTRIBUTED BY THE KROGER CO. CINCINNATI, OHIO 45202"" Sold under the following brand names: Fred Meyer & Goodyman | Kroger Value Wheat Bread, PAN DE TRIGO, net wt/peso neto 22.5 oz (1 lb 6.5 oz) 637g UNBLEACHED ENRICHED FLOUR***CONTAINS: WHEAT AND SOY.*** DISTRIBUTED BY/DISTRIBUIDO OR THE KROGER CO., CINCINNATI, OHIO 45202. | Tender Twist Wheat Bread NET WT 20 OZ (1 LB 4 OZ) 566G and 22.5 oz (1 LB 6.5 OZ) 637 g plastic bags ***INGREDIENTS: UNBLEACHED ENRICHED FLOUR***CONTAINS: WHEAT, SOY. DISTRIBUTED BY THE KROGER CO. CINCINNATI, OHIO 45202"" Sold under the following brands: QFC Quality Food Centers & Fred Meyer"
,retailer_self,False,FDA,60546,2013-04-17,Giant Eagle,"Pittsburgh, PA",Ahold Delhaize,Giant Eagle,,Giant Eagle Lotsa Chocolate Chip Cookies
,retailer_self,False,FDA,64738,2013-04-24,"Publix Super Markets, Inc.","Lakeland, FL",Publix,Publix,,"Publix Deli Tri Fruit and Grain Salad with red rice, red wheat, quinoa, apricots, cranberry and raisins 12oz. In a clear plastic container."
,retailer_self,False,FDA,64925,2013-05-01,"Meijer Distribution, Inc","Grand Rapids, MI",Meijer,Meijer,,"Meijer Essential M with Real Strawberries, 12 oz."
,retailer_self,False,FDA,64896,2013-05-08,Wegmans Food Markets,"Rochester, NY",Wegmans,Wegmans,,"Wegmans Food You Feel Good About Roasted Red Pepper Dip, Net Wt 8 oz. (227g) Product is packaged in plastic containers, 12 containers per case. UPC: 77890 23286 with a best-by date of 5/17/2013.  Commodity Code: 23286, Item #: DIPWG23286"
,retailer_self,False,FDA,63356,2013-05-29,Whole Foods Market,"Austin, TX",Whole Foods,Whole Foods Market,,"Peanut Sesame Noodles Dist. by Whole Foods Market, UPC 222099604192 | Chicken Spring Rolls Dist. by Whole Foods Market, UPC 225757203997"
,retailer_self,False,FDA,65079,2013-06-05,"Meijer Distribution, Inc","Grand Rapids, MI",Meijer,Meijer,,Meijer Mandarin Oranges in Fruit Juice  8oz cup | Meijer Diced Pears in Fruit Juice 8oz cup | Meijer Diced Peaches in Fruit Juice 8oz cup
,retailer_self,False,FDA,65151,2013-07-10,Delhaize America (Hannaford Bros),"South Portland, ME",Ahold Delhaize,Hannaford,,"Hanna ford Gourmet Cookie Platter (36 oz. package),  Includes oatmeal raisin cookies  UPC # 04126874662 | Hannaford Gourmet Oatmeal Raisin Cookies (9 oz. package) UPC # 0004126872715"
,retailer_self,False,FDA,64926,2013-07-31,Whole Foods Market,"Austin, TX",Whole Foods,Whole Foods Market,,"365 Organic 100% Apple Juice from concentrate with Vitamin C and Calcium in 6.75 fl oz (UPC 0 99482 42095 6) and 64 fl oz. (UPC 0 99482 42096 3) Distributed by:  Whole Foods Market, Austin, TX 78703; 8 units peer shipping case"
,retailer_self,False,FDA,65737,2013-08-07,Whole Foods Market Mid-Atlantic Kitchen,"Landover, MD",Whole Foods,Whole Foods Market,,"Pimento Cheese, packaged in 7 oz. plastic containers, and labeled in part ***Made by Whole Foods Market, Landover, MD 20785***UPC: 000000234801"
,retailer_self,False,FDA,65801,2013-08-14,Giant Eagle,"Pittsburgh, PA",Ahold Delhaize,Giant Eagle,,"Giant Eagle Candy Place Chocolate Covered Peanuts  NET WT. 5 OZ, UPC code 3003404313    This product was packaged in a facility that also processes peanuts, nuts, milk products, soy, wheat, sesame seeds, whey and eggs.  Distributed By: Giant Eagle, Inc.  Pittsburgh, PA 15328-2809"
,retailer_self,False,FDA,66001,2013-09-04,Whole Foods Market,"Emeryville, CA",Whole Foods,Whole Foods Market,,"Sour Cherry Crostata, 1 pie  Net. Wt. 1 lb. 6 oz (624 g)    Whole Foods Market Inc., Emeryville, CA 94608 | Blueberry Crostata, 1 pie  Net. Wt. 1 lb. 6 oz (624 g)    UPC: 0216733009993    Whole Foods Market Inc., Emeryville, CA 94608"
,retailer_self,False,FDA,65861,2013-09-04,Whole Foods Market,"Austin, TX",Whole Foods,Whole Foods Market,,"Trois Comtois Morbier Cheese labeled as follows:  Morbier Raw Milk PLU 293358; Morbier AOC Le Trois PLU 293608; Morbier Raw Milk French Cheese PLU 293358; and Morbier Les Trois Comtois PLU 293608, Whole Foods Market"
,retailer_self,False,FDA,66324,2013-10-23,Wegmans Food Markets,"Rochester, NY",Wegmans,Wegmans,,"Wegmans Bakery Mini Muffins APPLE CINNAMON, NET WT 14 OZ (397g) , UPC 77890 18951 --- Baked By Wegmans Food Markets Inc., Rochester, NY 14603"
,retailer_self,False,FDA,66426,2013-11-13,"Giant Eagle, Inc.","Pittsburgh, PA",Ahold Delhaize,Giant Eagle,,"Giant Eagle Candy Place Candy Corn Mix in a clear plastic container, net wt. 13 oz, Distributed by Giant Eagle Inc.  UPC#3003406974"
,retailer_self,False,FDA,67185,2014-01-29,Giant Eagle,"Pittsburgh, PA",Ahold Delhaize,Giant Eagle,,"Candy Place Chocolate Santas, in 11 oz  clear plastic bags, individually wrapped assortment of double chocolate, caramel, and peanut butter flavored chocolates, distributed by Giant Eagle, Pittsburgh, PA. Ingredients: Sugar, partially hydrogenated vegetable oil (Palm kernel, coconut, and/or palm), cocoa (processed with alkali) whey, lactose, skim milk, soy lecithin (emulsifier), vanillin (artificial flavor)."
,retailer_self,False,FDA,67268,2014-03-19,"Meijer Distribution, Inc","Grand Rapids, MI",Meijer,Meijer,,"Markets of Meijer  Pretzel Hamburger Bun, 4 count, NT.WT. 12.0 oz (0.75 lb), 16 oz ( 1 lb) UPC 412500558-2; Ingredients:   Enriched Wheat Flour( Wheat Flour, malted barley flour, niacin.....)water, sugar, canola oil, salt, .. , dough conditioner,  whey powder, yeast, dough conditioner...  soy oil, wheat gluten  Allergens: Contains wheat, soy    Pretzel Demi Roll 6"" , 4 count,12.0 oz (0.75 lb), 16 oz (1 lb) UPC  0-4125000560-2  Ingredients:  Wheat Flour...water, sugar, canola oil, salt, dough conditioner, cultured  , whey powder, yeast, dough conditioner...soy oil, wheat gluten  Allergens: Contains wheat, soy  Meijer Distribution, Inc.  Grand Rapids, MI 49544 | Markets of Meijer  Pretzel Dinner Roll,  8 count, 14.0 oz ( 0.87 lb) UPC 0-4125099036-9	  Ingredients: Enriched Flour ( Wheat Flour, Malted Barley Flour, niacin, iran, thiamine mononitrate....) water, sugar, canola oil, salt, why (milk) , yeast, wheat starch soy lecithin, wheat gluten  Allergens: Contains wheat, soy  Meijer Distribution, Inc.  Grand Rapids, MI 49544"
,retailer_self,False,FDA,67577,2014-04-09,Whole Foods Market Mid-Atlantic Kitchen,"Landover, MD",Whole Foods,Whole Foods Market,,"Tom Yom Soup, 24 oz. plastic cups, packed 6 cups\cardboard case, and labeled in part ***Manufactured by Whole Foods Market, Landover, MD 20785***UPC  00000601467***"
,retailer_self,False,FDA,68022,2014-05-14,Kroger Co,"Cincinnati, OH",Kroger,Kroger;Private Selection,,"PRIVATE SELECTION SWEET STRAWBERRY SORBET, Labeled in part: ""INGREDIENTS: WATER, SUGAR***DISTRIBUTED BY, THE KROGER CO., CINCINNATI, OHIO 45232***SELL BY AUG 11 15  3948 00:48 LIA"" 0 11110 52108 8"
,retailer_self,False,FDA,68163,2014-05-21,Kroger Co,"Cincinnati, OH",Kroger,Kroger;Private Selection,,"Private Selection Chocolate Hazelnut Mascarpone Ice Cream, 16 fl oz lamented carton.  Product labeled in part, ""PRIVATE SELECTION"" CHOCOLATE HAZELNUT MASCARPONE ICE CREAM chocolate covered hazelnuts folded into creamy mascarpone ice cream***INGREDIENTS: ICE CREAM  MILK, CREAM SUGAR***MASCARPONE CHEESE (MILK, CREAM, CITRIC ACID)***CONTAINS: MILK, SOY, HAZELNUT***DISTRIBUTED BY THE KROGER CO. CINCINNATI, OHIO 45202 UPC: 0 11110 52101 9 | Private Selection Caramel Hazelnut Fudge Truffle Ice Cream, 16 fl oz lamented carton.  Product labeled in part, ""PRIVATE SELECTION"" CARAMEL HAZELNUT FUDGE TRUFFLE ICE CREAM caramel, hazelnuts and fudge truffles folded into chocolate ganache ice cream***INGREDIENTS: ICE CREAM - MILK, CREAM SUGAR***CARAMEL VARIEGATE***CHOCOLATE TRUFFLES***CONTAINS: MILK, HAZELNUT, SOY. MAY ALSO CONTAIN: PEANUTS, WHEAT, TREE NUTS.***DISTRIBUTED BY THE KROGER CO. CINCINNATI, OHIO 45202 UPC: 0 11110 52100 2"""
,retailer_self,False,FDA,68551,2014-07-23,"Wegmans Food Markets, Inc.","Rochester, NY",Wegmans,Wegmans,,"Wegmans Cinnamon Raisin Buns, NET WT. 12 OZ (340g), UPC 77890 92218 ---Baked by Wegmans Food Markets Inc. - Rochester, NY 14603"
,retailer_self,False,FDA,68523,2014-07-30,"Wegmans Food Markets, Inc.","Rochester, NY",Wegmans,Wegmans,,"WEGMANS ICE in plastic bags; NET WT. 7 LBS (UPC 77890 29197) and NET WT 18 LBS (UPC 77890 29200) --- WEGMANS FOOD MARKETS INC. ROCHESTER, NEW YORK"
,retailer_self,False,FDA,68050,2014-10-15,"Whole Foods Market Brand 365, Llc","Austin, TX",Whole Foods,Whole Foods Market,,"Mini Butter Croissant 6 Pack  Ingredients: Wheat Flour (unbleached enriched wheat flour, malted barley flour, niacin, Iron, thiamin mononitrate, riboflavin, ascorbic acid, folic acid), Butter, Water, Sugar, Non Fat Dry Milk, Yeast, Salt, Dough Conditioner (dextrose, wheat flour, soybean oil, ascorbic acid, natural enzymes).  CONTAINS:  MILK, WHEAT, SOY.      NET WT 9.0 oz (0.56 lb)      COUNT/PACKAGES 1 SELL-BY DATE 04/22/2014 TOTAL PRICE $4.99      Dist. by Whole Foods Market 8190 Park Lane, Dallas, TX 75231"
,retailer_self,False,FDA,69198,2014-10-15,"Publix Super Markets, Inc.","Lakeland, FL",Publix,Publix,,"Publix brand Jalapeno Bagels, sold in self service bins and counter sales."
,retailer_self,False,FDA,69520,2014-11-19,Publix Bakery Plant,"Lakeland, FL",Publix,Publix,,"Publix Asian Mix, 14 oz. clamshell containers"
,retailer_self,False,FDA,68897,2014-12-17,Whole Foods Market,"Austin, TX",Whole Foods,Whole Foods Market,,"Whole Foods Market Balsamic Chicken Breast & Peaches, UPC/PLU 20254100000 | Whole Foods Market 4"" fresh fruit tart decorated with plums, UPC/PLU 0201189005002; Whole Foods Market 6"" fresh fruit tart decorated with plums, UPC/PLU 0201898022000; Whole Foods Market 9"" fresh fruit tart decorated with plums, UPC/PLU 0201897029000 | Whole Foods Market Upside Down Cake-Peach Blueberry, UPC/PLU 25715800000, Whole Foods Market Cake Small Upside Down Peach Blue, UPC/PLU 24632500000 | Whole Foods Market Pie Large Peach, UPC/PLU 21759600000;  Whole Foods Market Pie Small 6"" Peach, UPC/PLU 24032900000 | Whole Foods Market Scale-Yogurt Cup Peaches and Cream, UPC/PLU 96595 | Whole Foods Market Cake Large Chantilly Peach, UPC/PLU 21617800000;   Whole Foods Market Cake Small Chantilly Peach, UPC/PLU 21617900000;  Whole Foods Market Cake Slice Chantilly Peach, UPC/PLU 21623200000 | Whole Foods Market Tart Large Fresh Fruit, UPC/PLU 21633000000;   Whole Foods Market Tart Small Fresh Fruit, UPC/PLU 21633100000, Whole Foods Market Tart Small Fresh Fruit, UPC/PLU 24985200000; Whole Foods Market Tart Fresh Fruit Large, UPC/PLU 14450 | Whole Foods Market Tart Large Galette Seasonal Fruit, UPC/PLU 24987600000 | Whole Foods Market Ramekin Peach, UPC/PLU 20129300000 | Whole Foods Market Crispy BBQ Peach Tempeh, UPC/PLU 20253800000 | Whole Foods Market Grilled Spiced Peach and Kale Salad, UPC/PLU 20213300000 | Whole Foods Market WF Bakery Parfait-Seasonal Fruit, UPC/PLU 20690500000 | Whole Foods Market "
,retailer_self,False,FDA,68832,2014-12-24,"Wegmans Food Markets, Inc.","Rochester, NY",Wegmans,Wegmans,,"Lg. Fruit Crostata, 21 oz., UPC 20829300000;   Sm. Fruit Crostata, 7 oz., UPC 20829900000;   Lg. Nectarine Crostata, 21 oz., UPC 20823100000;   Sm. Nectarine Crostata, 6 oz.,  UPC 20832600000 | Sliced Yellow Peaches, made fresh in-store and packaged. Sold pre-packaged in random weights. | Lg. Fruit Strip ""Puff Pastry"", 11 oz., UPC 20829200000;  Sm. Fruit Strip ""Puff Pastry"", 3 oz., UPC 20829100000 | Wegmans Peach Salsa, made fresh in-store and packaged in random weights. | Fruit-Topped Short Cake, 1/4 sheet, 49 oz., UPC 7789032772;  Genoise Cake, 1/4 sheet, 64 oz., UPC 7789027385 | Peach Melba Whipped Cream Pie, 34 oz., UPC 7789033104 | Sliced Yellow Nectarines, made fresh in-store and packaged. Sold pre-packaged in random weights. | Small Fruit-Topped Cheese Cake, 18 oz., UPC 7789026441  Large Fruit-Topped Cheese Cake, 54 oz., UPC 7789026438  Fruit-Topped Cream Cheese Pie, 40 oz., UPC 7789018953 | Peach Melba Tart, 26 oz., UPC 7789098553;  Rectangular Fruit Tart, 37 oz., UPC 20823800000;   Mixed Fruit Tart, 30 oz., UPC 20819500000;   Square Fruit Tart, 48 oz., UPC 20823700000;   Frangipane Tart, 30 oz., UPC 7789091064 | Vanilla Trifle, 8 oz., UPC 7789080600"
,retailer_self,False,FDA,69869,2014-12-31,The Kroger Co,"Cincinnati, OH",Kroger,Private Selection,,"Private Selection Extreme Moose Tracks Ice Cream; packaged in plastic 48 fl oz containers, UPC Code: 11110-00456"
,retailer_self,False,FDA,69852,2015-01-28,"Giant Eagle, Inc.","Pittsburgh, PA",Ahold Delhaize,Giant Eagle,,"Jumbo Lump Crab Cakes    packed from bulk into clam shell containers with Giant Eagle scale label    100% Jumbo Lump Crab Cake  Sell by Date: any date  Net Wt. any weight    Giant Eagle  Market District  Distributed by Giant Eagle, Pittsburg, PA 15328"
,retailer_self,False,FDA,70152,2015-02-18,Whole Foods Market,"Austin, TX",Whole Foods,Whole Foods Market,,"Cheese sold under the brand name, Fat Bottom Girl, Ingredients:  Raw sheeps' milk, salt, cheese cultures  Contains Milk:  071612. Sold with a Whole Foods Market scale label in clear plastic wrap. Variable weight item. | Cheese sold under the brand name, MOOLICIOUS BLUE BLEATING HEART RAW COW MILK SALT CULTURES. Sold with a Whole Foods Market scale label in clear plastic wrap. Variable weight item. | Cheese sold unde the brand name, MIXTRESS BLEATING HEART NEW JERSEY COW MILK RAW SHEEPS MILK  SALT CULTURES.  Sold with a Whole Foods Market scale label in clear plastic wrap. Variable weight item. | Cheese sold unde the brand name, EWELICIOUS BLEATING HEART RAW SHEEPS MILK SALT CULTURES. Sold with a Whole Foods Market scale label in clear plastic wrap. Variable weight item. | Cheese sold under the brand name, Sheperdista Bleating Heart, Ingredients:  Raw sheep milk, cultures, salt.  Contains Milk:  080414. Sold with a Whole Foods Market scale label in clear plastic wrap. Variable weight item. | Cheese sold under the brand name, Goldette Tommette Bleating Heart, Ingredients:  Raw Jersey Cow Milk, Salt, Cultures Contains Milk:  032814. Sold with a Whole Foods Market scale label in clear plastic wrap. Variable weight item."
,retailer_self,False,FDA,70170,2015-02-18,Whole Foods Market,"Glendale, CA",Whole Foods,Whole Foods Market,,"Whole Foods Market  Small Cookie Platter 18oz.    UPC Code: 24386800000  Lot Code: All    Medium Cookie Platter 35oz.  UPC Code: 24387300000  Lot Code: All    Large Cookie Platter 55oz.  UPC Code: 24766100000  Lot Code: All    Whole Foods  From   Whole Foods Markets  Contains: Wheat, Eggs, Milk, and Soy    Cookie platters and packed within the retail grocery store.  The are variety packed cookie d plastic in clear plastic containers with a printed sticker label that are printed and placed on by the stores."
,retailer_self,False,FDA,70282,2015-03-11,H-E-B Corpus Christi Operations,"Corpus Christi, TX",H-E-B,H-E-B,,H-E-B Homestyle White Corn Tortillas 12ct. and 30 ct.
,retailer_self,False,FDA,70435,2015-03-11,Whole Foods Market,"Austin, TX",Whole Foods,Whole Foods Market,,Whole Foods Market Raw Macadamia Nuts packaged in 5.6 oz. clear plastic container with clear plastic lid; UPC: 7-23055-21415-3; 24 units per case
,retailer_self,False,FDA,70199,2015-04-15,H-E-B Houston Culinary Center,"Houston, TX",H-E-B,H-E-B,,H-E-B Single Serving Tortilla Soup 8 oz. and 16 oz. and purchased from the hot soup kettle at the Deli/Prepared Foods Counter purchased on or before 01/06/2015 | H-E-B Single Serving Gumbo 8 oz.; H-E-B Houston Culinary Center Gumbo - Bulk 2/10 lb poly bags | H-E-B Single Serving Texas Ranch Casserole 8 oz. and 16 oz.; H-E-B Houston Culinary Center Texas Ranch Casserole - Bulk 22.6 lb | H-E-B Single Serving Poblano Corn Chowder 8 oz. and 16 oz. and purchased from the hot soup kettle at the Deli/Prepared Foods Counter purchased on or before 01/06/2015
,retailer_self,False,FDA,70706,2015-04-15,"Giant Eagle, Inc.","Pittsburgh, PA",Ahold Delhaize,Giant Eagle,,"Giant Eagle Irish Soda Bread, 16oz loaf, in plastic wrap, one 16oz loaf per wrapped package"
,retailer_self,False,FDA,70803,2015-04-15,"Giant Eagle, Inc.","Pittsburgh, PA",Ahold Delhaize,Giant Eagle,,"Packed in rigid plastic clam shell container:  Giant Eagle Little Italy Panini Cold; Sell By: (all dates up to and including) 3/24/2015; PLU #97525; Net Wt 13oz; Contains Wheat, Milk, Fish (Anchovy); Keep Refrigerated  ;  Giant Eagle Little Italy Panini Hot; Sell By: (all dates up to and including) 3/22/2015; PLU: 7369; Net Wt 16oz; Contains Wheat, Milk, Fish (Anchovy)."
,retailer_self,False,FDA,70862,2015-04-29,"Giant Eagle, Inc.","Pittsburgh, PA",Ahold Delhaize,Giant Eagle,,"GETGO California Chix Cobb Salad  Sell By: (up to and including) 3/26/15  Net Wt: 14 oz.  Contains: Soy, Egg, Milk  GetGo Giant Eagle  Distributed by Giant Eagle, Inc., Pittsburgh, PA 15238 | GETGO Grilled Chicken Salad  Sell By: (up to and including 3/26/15)  Net Wt: 14 oz.  Contains: Soy, Milk, Egg  GetGo Giant Eagle  Distributed by Giant Eagle, Inc., Pittsburgh, PA 15238"
,retailer_self,False,FDA,70808,2015-04-29,"Giant Eagle, Inc.","Pittsburgh, PA",Ahold Delhaize,Giant Eagle,,"Giant Eagle Japanese Breaded Cod Fillet  various weights  Contains: Fish, Wheat, Milk, Egg  Dist. By: Giant Eagle Mkts. Co., Pittsburgh, PA 15238  Sell by: (up to and including) 3/26/2015    Sold on foam trays with flexible plastic overwrap."
,retailer_self,False,FDA,70861,2015-04-29,"Giant Eagle, Inc.","Pittsburgh, PA",Ahold Delhaize,Giant Eagle,,"GetGo Giant Eagle  Strawberry Yogurt Parfait  Sell By: (up to and including) 3/24/2015  Distributed by: Giant Eagle, Inc., Pittsburgh, PA 15238  Contains: Milk, Wheat, Almonds  Net Wt: 10 oz."
,retailer_self,False,FDA,70883,2015-04-29,"Giant Eagle, Inc.","Pittsburgh, PA",Ahold Delhaize,Giant Eagle,,"GetGo GNG 7 Inch Italian Sub Sell By: (up to and including) 04/02/15  Net Wt: 6.0 Oz.  Contains: Soy, Milk, Wheat  UPC: 25567 20399  GetGo from Giant Eagle  Distributed by Giant Eagle, Inc., Pittsburgh, PA 15238    Sandwich is wrapped in plastic. | GetGo GNG 7 Inch Turkey N Swiss Sell By: (up to and including) 04/02/15  Net Wt: 6.0 Oz.  Contains: Milk, Soy, Wheat;  UPC: 65567 20399  GetGo from Giant Eagle  Distributed by Giant Eagle, Inc., Pittsburgh, PA 15238    Sandwich is wrapped in plastic."
,retailer_self,False,FDA,70879,2015-05-06,"Giant Eagle, Inc.","Pittsburgh, PA",Ahold Delhaize,Giant Eagle,,"Giant Eagle P5 Buffalo Boneless Wings; PLU: 45511; Sell By: (up to and including) 03/30/2015; Contains: Wheat, Soy; Keep Refrigerated;  Distributed by: Giant Eagle, Inc., Pittsburgh, PA 15238    Packed in rigid plastic Clear/Black container  Prepared and packaged at retail store.  FINISHED PRODUCT IS NOT A USDA INSPECTED PRODUCT | Giant Eagle Heat and Serve Buffalo Chicken Tenders; PLU#66635; Sell By (up to and including) 3/30/15; Contains Soy, Wheat; Keep Refrigerated; Distributed by: Giant Eagle, Inc., Pittsburgh, PA 15238    Distributed by: Giant Eagle, Inc., Pittsburgh, PA 15238    Packed in rigid plastic Clear/Black container  Prepared and packaged at retail store.  FINISHED PRODUCT IS NOT A USDA INSPECTED PRODUCT | Giant Eagle Buffalo Chicken Salad; Sell By: (up to and including) 03/30/15; PLU#27461; Contains Wheat, Egg; Keep Refrigerated; Distributed by: Giant Eagle, Inc., Pittsburgh, PA 15238      Packed in rigid plastic Clear/Black container  Prepared and packaged at retail store.  FINISHED PRODUCT IS NOT A USDA INSPECTED PRODUCT | Giant Eagle    Buffalo Boneless Chicken Wings; PLU#: 27320; Sell By: (up to and including) 03/30/2015; Contains: Soy, Wheat; Keep Refrigerated;     Distributed by: Giant Eagle, Inc., Pittsburgh, PA 15238    Packed in rigid plastic Clear/Black container  Prepared and packaged at retail store.  FINISHED PRODUCT IS NOT A USDA INSPECTED PRODUCT | Giant Eagle Heat/Serve Hot BBQ Boneless Chicken Wings; PLU: 16589; Sell By: (up to and including) "
,retailer_self,False,FDA,70881,2015-05-06,"Giant Eagle, Inc.","Pittsburgh, PA",Ahold Delhaize,Giant Eagle,,"8"" Lemon Meringue Pie  Sell by: (up to and including) 04/02/15   PLU: 9971  Net Wt: 22oz.  Contains: Wheat, Soy, Egg | Heat & Serve Fried Fish   Sell By: (up to and including) 4/02/15    PLU: 37156   Contains Fish (Pangasus), Soy, Wheat   Giant Eagle   Distributed by: Giant Eagle, inc., Pittsburgh, PA 15238 | 8"" Coconut Meringue Pie  Sell By: 04/02/15  PLU: 9963  Net Wt: 25oz.  Contains: Wheat, Soy, Coconut, Egg"
,retailer_self,False,FDA,70816,2015-05-06,Supervalu,"Eden Prairie, MN",UNFI/SuperValu,Essential Everyday,,"Essential Everyday Chocolate Covered Raisins, Net Wt. 32 oz.  in Clear plastic tub with black lid. UPC Code 41303-05311 | Essential Everyday Chocolate Covered Peanuts, Net Wt. 32 oz.  in Clear plastic tub with black lid. UPC Code 41303-05312"
,retailer_self,False,FDA,70827,2015-05-13,"Giant Eagle, Inc.","Pittsburgh, PA",Ahold Delhaize,Giant Eagle,,"Giant Eagle Store cut Fontal Cheese wrapped in plastic wrap  Belgium Imported Fontal - CD;  Sell By: (up to and including) 04/23/2015  PLU: 16124  Giant Eagle  Distributed by: Giant Eagle, Inc., Pittsburgh, PA 15238"
,retailer_self,False,FDA,70499,2015-05-20,Whole Foods Market,"Austin, TX",Whole Foods,Whole Foods Market,,"Marinade Lime Chipotle 2 Gallon UPC/PLU: 48000024264; Marinade Lime Chipotle UPC/PLU: 48000024272 | Burrito, Shrimp UPC/PLU: 00000480432 | Salad, Papas con Remolachas UPC/PLU: 48000086479 | Quesadilla, Vegan Beef UPC/PLU: 27267700000 | Dip, Black Bean UPC/PLU: 00000484003 | Rub BBQ Dry 5LB UPC/PLU: 48000024279 | HotBar, Latin Comfort, Stewed Black Beans UPC/PLU: 48000088655 | Burrito, Black Bean UPC/PLU: 00000480430 | Burrito Black Bean and Cheese UPC/PLU: 26270400000 | Adobo Enchiladas & Dirty Rice Net Wt. 48 OZ. (3LB) (1.36kg) Whole Foods Market Kitchens UPC/PLU: 036406302561; Enchilada Adobo Bulk UPC/PLU: 26978700000 | Southwest Stuffed Sweets HSH CC UPC/PLU: 28634600000; Southwest Stuffed Sweets HSH FP UPC/PLU: 26066400000 | HotBar, NE Tofu Meatloaf UPC/PLU: 48000088750 | Quesadilla, Black Bean | Taco Salad Tofu Chipotle Lime UPC/PLU: 2-65294-00000 | Quesadilla Mushroom Goat Cheese UPC/PLU: 26405800000 | Slaw Kale Avocado HSH 14 oz. UPC/PLU code: 0-00000-68899 | Burrito Chipotle Lime Tofu UPC/PLU: 2-65293-00000; Burrito Chipotle Lime Tofu Tacos UPC/PLU: 2-83938-00000 | Rub Latin Spice 5 LB. UPC/PLU: 48000006317 | Red Beans and Rice UPC/PLU: 26193100000 | Sauce, Adobo UPC/PLU: 48000011103 | Tofu Grilled Lime Chipotle UPC/PLU code: 2-31090-00000 | Meatloaf, Tofu | Ceviche, Mushroom UPC/PLU: 26831100000 | Salsa Fresca Net Wt. 8 oz. (.5LB) Whole Foods Market; WFM Salsa Fresca PPK; UPC/PLU: 3640630306; Salsa Fresca Bulk CC UPC/PLU: 26206400000 | Enchilada, Adobo Black Bean UPC"
,retailer_self,False,FDA,70905,2015-05-20,"Giant Eagle, Inc.","Pittsburgh, PA",Ahold Delhaize,Giant Eagle,,"Lemon Almond Chicken Salad Wedge; Sell By: (up to and including) 04/01/15; UPC: 67093 20399; Net Wt 7.0oz; Keep Refrigerated; Giant Eagle; Distributed by Giant Eagle, Inc., Pittsburgh, PA 15238    Packed in rigid plastic. | Giant Eagle Maryland Style Crab Cake; Sell By: 04/04/2015; PLU#: 47538; Contains Wheat, Egg, Soy, Milk; Keep Refrigerated; Distributed by Giant Eagle, Inc., Pittsburgh, PA 15238 | Plain Bagels; Sell By: (up to and including) 04/02/15; UPC: 67785 30499; Net Wt 22oz; Contains: Wheat; Giant Eagle; Distributed by Giant Eagle, Inc., Pittsburgh, PA 15238;    Plastic bag contains 6 bagels. | Lemon Almond Chicken Salad Wrap; Sell By: (up to and including) 04/01/15; UPC: 47235 80499; Net Wt 9.0oz; Keep Refrigerated; Giant Eagle; Distributed by Giant Eagle, Inc., Pittsburgh, PA 15238    Packed in rigid plastic. | Dinner Sourdough Bread; Sell By: (up to and including) 04/02/15; UPC: 67657 00199; Net Wt 9.0oz; Contains: Wheat; Giant Eagle; Distributed by Giant Eagle, Inc., Pittsburgh, PA 15238;    Plastic bag contains 6 bagels. | Rotisserie Lemon Almond Chicken Salad; Sell By: (up to and including) 04/01/15; UPC: 55708 90899; Net Wt 16.0oz; Keep Refrigerated; Giant Eagle; Distributed by Giant Eagle, Inc., Pittsburgh, PA 15238    Rotisserie Lemon Almond Chicken Salad; Sell By: (up to and including) 04/01/15; UPC: 56839 60917; Net Wt 16.0oz; Keep Refrigerated; Giant Eagle; Distributed by Giant Eagle, Inc., Pittsburgh, PA 15238 | Starlight Candies  Giant Eagle  Bulk Cand"
,retailer_self,False,FDA,70751,2015-05-20,Trader Joes Company,"Monrovia, CA",Trader Joe's,Trader Joe's,,"Trader Joe's Nuts  Raw California Walnut Pieces  NET WT. 16oz. (1 LB) 454g  UPC 00373685    Trader Joe's Nuts  Raw California Walnut Halves & Pieces  NET WT. 16 OZ (1 LB) 454g  UPC 00943338    Trader Joe's Nuts  Raw California Walnut Baking Pieces  NET WT. 16 OZ (1 LB) 454g  UPC 00519342    Trader Joe's Nuts  Raw California Premium Walnut Halves  NET WT. 16 OZ (1 LB) 454g  UPC 00519328    Trader Joe's Organic  Raw Walnut Halves & Pieces  NET WT. 16 OZ (1 LB) 454g  UPC 00586627    The products are packaged in clear bags with UPC Codes printed on the back.  For Raw California Walnut products, the ""BEST BY"" dates and Lot Numbers can be found printed on the back of the packages.  For the Organic Raw Walnut products, the ""BEST BY"" dates can be found printed on the front of the packages."
,retailer_self,False,FDA,71020,2015-05-27,Whole Foods Market,"Austin, TX",Whole Foods,Whole Foods Market,,"WHOLE FOODS MARKET Raw MACADAMIA NUTS NET WT 11OZ (312g) Distributed by Whole Foods Market Austin, TX 78703"
,retailer_self,False,FDA,71188,2015-06-10,The Kroger Co,"Cincinnati, OH",Kroger,Kroger,,"Kroger Raw #4 Macadamia Nut, Dist. by the Kroger Company Cincinnati, Ohio 2 04192 50867 6"
,retailer_self,False,FDA,71338,2015-07-01,Whole Foods Market,"Emeryville, CA",Whole Foods,Whole Foods Market,,"Jivara Lactee Milk Chocolate Valrhona; 40%  Ingredients: Cocoa Butter, whole powdered milk, sugar, cocoa beans, brown sugar, natural vanilla extract, soya lecithin, malt extract, Natural Vanilla Flavor.  Contains: Soy,. May contain trace amounts of dairy, eggs, nuts and gluten as it produced on the same machinery.  UPC 2503044025508    Whole Foods Market, Emeryville, CA 95408"
,retailer_self,False,FDA,71586,2015-08-12,Whole Foods Market,"Austin, TX",Whole Foods,Whole Foods Market,,"Whole Foods Market Raw Macadamia Nuts NET WT 11 oz (312g).  UPC: 0-76958-62059-1, Distributed by Whole Foods Market Austin, TX 78703"
,retailer_self,False,FDA,71809,2015-09-02,The Kroger Co,"Cincinnati, OH",Kroger,Kroger,,Kroger Ground Cinnamon UPC 11110 70034 NEW WT. 18.3 oz Plastic container | Kroger Garlic Powder UPC 11110 70039 NEW WT 24.7 OZ Plastic Container | Kroger Bac'n Buds ARTIFICIAL BACON FLAVORED CHIPS 14.1oz plastic container UPC 0 11110 70025 4 | Kroger Black Pepper Coarse Ground UPC 11110 70041 NET WT 17.1 oz plastic container
,retailer_self,False,FDA,72410,2015-12-02,"Meijer Distribution, Inc","Grand Rapids, MI",Meijer,Meijer,,"Meijer Caramel Corn, packed in 10 oz. bags, ( 283 g), 12 bags per case"
,retailer_self,False,FDA,72581,2015-12-16,The Kroger Co,"Cincinnati, OH",Kroger,Kroger,,"Kroger 100% natural apple FROM CONCENTRATE 64FL OZ. INGREDIENTS: APPLE JUICE FROM CONCENTRATE (FILTERED WATER, APPLE JUICE CONCENTRATE, ASCORBIC ACID (VITAMIN C). DISTRIBUTED BY THE KROGER CO. CINCINNATI, OHIO 45202 UPC 0 11110 82161 0"
,retailer_self,False,FDA,72799,2016-01-13,The Kroger Co,"Cincinnati, OH",Kroger,Kroger,,"BAKERY FRESH GOODNESS Chocolate Brownie NET WT 16 OZ (1 LB) 453 g CONTAINS: MILK, EGGS, WHEAT, SOY. MAY CONTAIN: ALMONDS, PECANS, WALNUTS, CASHEWS, COCONUT. DISTRIBUTED BY THE KROGER CO. CINCINNATI, OHIO 45202 UPC 0 11110 09172 7"
,retailer_self,True,FDA,73040,2016-02-17,"Albertsons Companies, Inc.","Pleasanton, CA",Albertsons,Open Nature,,"Pantry Essentials Hot Dog Buns;  8 buns; NET WT 12 oz 340 g  UPC 0 21130 27084 2;  Distributed for: Lucerne Foods Inc.  Pleasanton, CA 94566    Contains: Wheat  May Contain eggs, milk. | Coast to Coast Parisian Style French 6 Hoagie Rolls;  6 Hoagie Rolls; NET WT 16.5 oz   468 g  UPC 0 21130 18090 5;  Distributed by Living Better Brands, LLC,  Pleasanton, CA 94566    Contains: Wheat  May Contain eggs, milk. | Pantry Essentials Hamburger Buns;  8 buns; NET WT 12 oz 340 g  UPC 0 21130 27085 9;  Distributed for: Lucerne Foods Inc.  Pleasanton, CA 94566    Contains: Wheat  May Contain eggs, milk. | Signature Kitchens Enriched  Hot Dog;  8 buns; NET WT 12 oz   340 g  UPC 0 21130 18501 6;  Distributed by Living Better Brands, LLC,  Pleasanton, CA 94566    Contains: Wheat  May Contain eggs, milk. | Coast to Coast Traditional Hawaiian Sweet 12 Dinner Rolls;  12 Dinner Rolls; NET WT 14 oz   397 g  UPC 0 21130 18580 1;  Distributed by Living Better Brands, LLC,  Pleasanton, CA 94566    Contains: Wheat. milk  May Contain eggs | Open Nature Seeded Sandwich Rolls;  8 buns; NET WT 21 oz (1 lb 5 oz) 595 g  UPC 0 79893 11439 2;  Distributed by: Lucerne Foods, inc.  Pleasanton, CA 94566    Contains: Wheat  May Contain egg, milk. | Signature Kitchens 100% Whole Wheat Hot Dog Buns;  8 buns; NET WT 16 oz   454 g  UPC 0 21130 15456 2;  Distributed by Living Better Brands, LLC,  Pleasanton, CA 94566    Contains: Wheat  May Contain eggs, milk. | Old Fashioned Wheat Diner Rolls 8 Count  Pack size 20"
,retailer_self,False,FDA,72662,2016-02-24,"Wegmans Food Markets, Inc.","Rochester, NY",Wegmans,Wegmans,,"Wegmans ITALIAN CLASSICS BUTTERNUT SQUASH RAVIOLI, NET WT 9 OZ, UPC #77890 36434, KEEP REFRIGERATED, PRODUCT OF ITALY"
,retailer_self,False,FDA,72793,2016-03-16,Whole Foods Market,"Emeryville, CA",Whole Foods,Whole Foods Market,,"Whole Foods Market Tart Key Lime Square  Net wt 16 oz.     Whole Foods, Emeryville, CA.    UPC - 0022263800000 | Whole Foods Market Crazy for Cream cheese Brownie;   Sold as single (4 oz.) and 4-pack (15 oz.)    Ingredients: unbleached wheat flour, cocoa, vanilla, sugar, butter (pasteurized cream, salt), eggs, cream cheese (pasteurized milk and cream cheese culture, salt, xanthan and or carob bean stabilizer) sugar, butter (cream, salt) baking soda and sea salt, non-stick spray (soy, soy lecithin). Contains wheat, milk, soy, eggs.     Whole Foods, Emeryville, CA.    UPC -  single: 0024044800000, 0024369200000,   UPC - 4-pack: 00243693000000; 0024369400000. | Whole Foods Market Salted Caramel Swirl Brownie;   Sold in 4-pack (15 oz.)    Ingredients: cane sugar, cage free eggs, expeller pressed canola oil, unbleached wheat flour (wheat flour, malted barley, flour, niacin, iron, folic acid) cocoa powder (processed with alkali), semisweet chocolate (unsweetened c chocolate, sugar, anhydrous dextrose, soy lecithin, vanilla) butter (milk, salt),  pure vanilla, salt, caramel (non GMO corn syrup, S,C, whole milk (milk, skim milk, sugar) evaporated milk (milk, dipotassium phosphate carrageenan, Vitamin D3) sugar, water, palm oil, cream monodiglycerides, salt, soy lecithin, disodium phosphate,  natural flavors, salt. Contains  eggs, milk, soy, wheat.     Whole Foods, Emeryville, CA.    UPC - 4-pack: 0024375100000; 0024829300000. | Whole Foods Market Brownie Double Trouble;   Sold as sin"
,retailer_self,False,FDA,73240,2016-03-16,"Giant Eagle, Inc.","Pittsburgh, PA",Ahold Delhaize,Giant Eagle,,"Refrigerated, fresh, Panko breaded cod fillet packed in blue foam tray with plastic overwrap. Label reading:  Giant Eagle Japanese Breaded Cod Fillet various weights.  Distributed by: Giant Eagle, Inc., Pittsburgh, PA 15238  Sold from August 2015 to present with various expiration dates."
,retailer_self,False,FDA,73356,2016-03-30,Wakefern Foods Corp.,"Keasbey, NJ",Wakefern/ShopRite,ShopRite,,"ShopRite Dry Roasted Unsalted Cashews 7 oz. (198 g)  Distributed by Wakefern Food Corp., Elizabeth, NJ 07207  UPC 4119001620"
,retailer_self,False,FDA,73408,2016-04-13,Whole Foods Market,"Austin, TX",Whole Foods,Whole Foods Market,,"Whole Foods Market Maytag Blue Cheese, Maytag Blue Raw Milk, Maytag Iowa Blue Cheese cut and wrapped in clear plastic wrap, Dist. by Whole Foods Market 550 Bowie Street Austin, TX 78703, PLU: 0293308"
,retailer_self,False,FDA,73576,2016-04-27,HEB Retail Support Center,"San Antonio, TX",H-E-B,Hill Country Fare,,Hill Country Fare Chunk Light Tuna in pure vegetable oil NET WT. 5 OZ (142g) packaged in a metal can.
,retailer_self,False,FDA,72417,2016-05-11,The Kroger Co,"Cincinnati, OH",Kroger,Kroger,,"Kroger Raw #4 Macadamia Nuts. UPC 2 04192 51053 2 Dist. by the Kroger Company Cincinnati, Ohio 45202"
,retailer_self,False,FDA,73950,2016-05-18,CVS Health,"Woonsocket, RI",CVS,Gold Emblem,,"Gold Emblem Abound Organic Spiced Herbal Tea, 20 TEA BAGS, NET WT 1.41 OZ (40g)"
,retailer_self,False,FDA,73975,2016-06-08,"Giant Eagle, Inc.","Pittsburgh, PA",Ahold Delhaize,Giant Eagle,,"Walnut Delights 6 Pack  Net Weight: 9 oz.  PLU #69690  UPC: 2 69690 20399 7  Giant Eagle, LLC, Pittsburgh, PA | Pecan Tassie - 6 Pack  PLU# 77997  Net Wt. 5 OZ.    Sell By (dates up to) May 03, 2016    Giant Eagle, Inc., Pittsburgh, PA | Small Cookie Tray, PLU # 9793  Net Wt. 45 oz; . and  Medium Cookie Tray, PLU #9794  Net Wt 90 oz.;  and   Large Cookie Tray, PLU #9795  Net Wt. 144 OZ.    Sell by: (dates up to 5/4/2016)    Giant Eagle, Inc., Pittsburgh, PA"
,retailer_self,False,FDA,74040,2016-06-08,The Kroger Co,"Cincinnati, OH",Kroger,Kroger,,"Kroger SALTED SUNFLOWER KERNELS 6 oz (170g) INGREDIENTS: SUNFLOWER KERNELS, COTTONSEED AND/OR SUNFLOWER OILS, SALT. DISTRIBUTED BY THE KROGER CO CINCINNATI, OHIO 45202 UPC 0 11110 61877 1 | Kroger CRANBERRY DELIGHT TRAIL MIX NET WT 14 OZ  INGREDIENTS: DRIED CRANBERRIES ***ALMONDS, SUNFLOWER SEEDS*** UPC 0 11110 89869 2 DISTRIBUTED BY THE KROGER CO., CINCINNATI, OHIO 45202 | Kroger SALAD TOPPERS Roasted & Salted Sunflower Kernels NET WT 3.5 OZ (99G) INGREDIENTS: SUNFLOWER KERNELS, COTTONSEED AND/OR SUNFLOWER OILS, SALT DISTRIBUTED BY THE KROGER CO. CINCINNATI, OHIO 45202 UPC 0 11110 02127 4"
,retailer_self,False,FDA,74141,2016-06-15,"Publix Super Markets, Inc.","Lakeland, FL",Publix,Publix,,"Publix Cranberry Nut & Seed Mix, 7.05 ounce plastic container.  Manufactured by Publix Supermarkets in Lakeland, FL."
,retailer_self,False,FDA,74088,2016-06-22,"Publix Super Markets, Inc.","Lakeland, FL",Publix,Publix,,"Publix Deli, Wheatberry Salad,  sold in 3.5 oz clamshell, 1 lb Grab and Go kit, and Chef Select custom order behind the deli counter.  Received at retail store as a 12.75 lbs kit.  Ingredients are combined at retail store.  Manufactured for Publix Supermarkets in Lakeland, FL"
,retailer_self,False,FDA,74110,2016-07-06,The Kroger Co,"Cincinnati, OH",Kroger,Simple Truth,,"simple truth organic Mixed Vegetables NET WT 10 OZ (283g) KEEP FROZEN INGREDIENTS: ORGANIC CARROTS, ORGANIC CORN ORGANIC PEAS, GREEN BEANS."
,retailer_self,False,FDA,74129,2016-07-13,"Wegmans Food Markets, Inc.","Rochester, NY",Wegmans,Wegmans,,"Frozen Round Brownie CC#016969 -  is not a retail item but instead is a component to the other items. | Wegmans Fudgy & Chewy Brownies with Chocolate Chips 14 oz.,  UPC#7789032990 | Wegmans Fudgy & Chewy Brownies with Walnuts 14 oz.,  UPC#7789075773 | Wegmans Brownie with Icing and Walnuts, Pan, 16 oz., UPC#7789037092 | Wegmans Chocolate Chip Brownie, 32 oz., UPC#7789098948 | Wegmans Chocolate Chip Brownie, 2 pack, UPC#7789098966 | Wegmans Brownie with Icing, Pan, 16 oz., UPC#7789082502"
,retailer_self,False,FDA,74412,2016-07-20,The Kroger Co,"Cincinnati, OH",Kroger,Kroger,,"Kroger SALAD TOPPERS Roasted & Salted Sunflower Kernels NET WT 3.5 OZ (99G) INGREDIENTS: SUNFLOWER KERNELS, COTTONSEED AND/OR SUNFLOWER OILS, SALT DISTRIBUTED BY THE KROGER CO. CINCINNATI, OHIO 45202 UPC 0 11110 02127 4 | Kroger SALTED SUNFLOWER KERNELS 6 oz (170g) INGREDIENTS: SUNFLOWER KERNELS, COTTONSEED AND/OR SUNFLOWER OILS, SALT. DISTRIBUTED BY THE KROGER CO CINCINNATI, OHIO 45202 UPC 0 11110 61877 1"
,retailer_self,False,FDA,74143,2016-07-27,Whole Foods Market,"Austin, TX",Whole Foods,Whole Foods Market,,Whole Foods Market Korean BBQ Sauce NET WT 12 OZ (340g) packaged in a glass bottle
,retailer_self,False,FDA,73309,2016-07-27,Whole Foods Market,"Austin, TX",Whole Foods,Whole Foods Market,,"Pecorino Aged in Walnut Leaves Mitica, PLU 0294239, Whole Foods, 95 Houston St. New York, NY 10002 wrapped in plastic wrap; Pecorino Aged in Walnut Leaves Product of Italy, PLU 290107, Dist. by Whole Foods Market 50 Bowie Street Austin, TX 78703, wrapped in plastic wrap.,"
,retailer_self,False,FDA,74023,2016-08-03,"Giant Eagle, Inc.","Pittsburgh, PA",Ahold Delhaize,Giant Eagle,,"Sunflower Seeds, PLU# 65167;   various weights; various sell by dates;  Market District;   Distributed by Giant Eagle, Pittsburgh, PA 15238"
,retailer_self,False,FDA,74630,2016-08-10,The Kroger Co,"Cincinnati, OH",Kroger,Kroger,,"Kroger DELUXE ICE CREAM S'MORES 48 FL OZ (1.5 QT) 1.4 ML INGREDIENTS: ICE CREAM***GRAHAM COOKIES***CHOCOLATE CHUNKS***CONTAINS: MILK, SOY, WHEAT, COCONUT. UPC 0 11110 01399 6 DISTRIBUTED BY THE KROGER CO. CINCINNATI, OHIO 45202"
,retailer_self,False,FDA,74804,2016-09-21,"Meijer Distribution, Inc","Grand Rapids, MI",Meijer,Meijer,,MEIJER MACARONI SALAD 1 LB. plastic retail container | MARKETS OF MEIJER SALAD SEASHELL MACARONI   Food service | MEIJER MACARONI SALAD 3 LB. plastic retail container | MEIJER CHICKEN SALAD SPREAD 12 OZ.    retail plastic container | MARKETS OF MEIJER EGG SALAD SANDWICH  8 OZ EA   individual packaged sandwich | MARKETS OF MEIJER TUNA SALAD SANDWICH WEDGE   7 OZ EA  individual packaged sandwich | MEIJER POTATO SALAD AMISH 3 LB  plastic retail container | MEIJER EGG SALAD SPREAD 12 OZ   retail plastic container
,retailer_self,False,FDA,74328,2016-09-21,"Publix Super Markets, Inc.","Lakeland, FL",Publix,Publix,,"Publix Nuts, Seeds and Raisins Mix in the following sizes: 16.2 oz. Plastic Clamshell Box, 5.06 oz. Plastic Go-cup and 25 lbs. Bags"
,retailer_self,False,FDA,74865,2016-09-21,Whole Foods Market Northeast Regional Office,"Englewood Cliffs, NJ",Whole Foods,Whole Foods Market,,Whole Food Market Thai Shrimp Salad Serving Size 8 oz.  Distributed by Whole Foods Market Englewood Cliffs NJ 07632 UPC 8-2510-00081
,retailer_self,False,FDA,71874,2016-09-28,Whole Foods Market,"Boulder, CO",Whole Foods,Whole Foods Market,,"Whole Foods Market, CC & FP HSH Coconut Curry Cauliflower Salad, SOLD BY THE POUND, CLEAR PLASTIC CONTAINERS."
,retailer_self,False,FDA,73508,2016-10-05,Whole Foods Market,"Austin, TX",Whole Foods,365 Everyday Value;Whole Foods Market,,"365 Everyday Value Mango Frozen Fruit Bars 4 Bars-4 fl. oz. (118 mL) each-Net 16 fl. oz. (472 mL) in a cardboard carton, UPC: 0-99482-41344-6, Distributed By: Whole Foods Market Austin, Texas 78703"
,retailer_self,False,FDA,74108,2016-10-12,The Kroger Co,"Cincinnati, OH",Kroger,Kroger,,"Kroger Broccoli Raisin Salad, INGREDIENTS: Broccoli, dressing***sugar,. contains less than 2% sunflower seeds, golden raisins, raisins, lime juice, xanthan gum. DIST BY THE KROGER COMPANY CINCINNATI, OHIO 45202 UPC  002871 58200 0."
,retailer_self,False,FDA,75099,2016-10-12,"Wegmans Food Markets, Inc.","Rochester, NY",Wegmans,Wegmans,,"Wegmans ITALIAN CLASSICS RICOTTA & SPINACH STRIPED JUMBO RAVIOLI, NET WT 9 OZ. (255g), UPC 0-77890-38934, KEEP REFRIGERATED -- Distributed By: Wegmans Foods Markets, Inc. Rochester, NY 14603, Product of Canada --- Packaged in a plastic tray and sold in a refrigerated case in the dairy department."
,retailer_self,False,FDA,73646,2016-11-16,Trader Joes Company,"Monrovia, CA",Trader Joe's,Trader Joe's,,"Trader Joe's Chocolate Orange Sticks, Net Wt. 18 oz (1lb 2oz) 510g, 36 units per case, UPC 00847162 | Trader Joe's Chocolate Raspberry Sticks, Net Wt. 18 oz (1lb 2oz) 510g, 36 units per case, UPC 00847122"
,retailer_self,False,FDA,75423,2016-11-30,"Publix Super Markets, Inc.","Lakeland, FL",Publix,Publix,,"Publix Premium Chocolate Cookie Dough Ice Cream, 1/2 gallon carton."
,retailer_self,False,FDA,75635,2016-12-14,"Meijer, Inc.","Grand Rapids, MI",Meijer,Meijer,,"Meijer Almonds Salted Caramel, 14 oz. packaged in plastic pouches"
,retailer_self,False,FDA,75147,2016-12-21,"Publix Super Markets, Inc.","Lakeland, FL",Publix,Publix,,"Publix Danish Apple Coffee Cake Strip, 15 oz.  UPC 002-19562-00000 | Publix Danish Cherry Coffee Cake Strip, 15 oz.  UPC 002-19562-00000 | Publix Danish Almond Coffee Cake Strip, 15 oz.  UPC 002-19562-00000 | Publix Danish Maple Walnut Coffee Cake Strip, 14 oz.  UPC 002-19562-00000 | Publix Danish Raspberry Coffee Cake Strip, 15 oz.  UPC 002-19562-00000 | Publix Danish Guava Coffee Cake Strip, 15 oz.  UPC 002-19562-00000"
,retailer_self,False,FDA,75899,2017-01-04,"Publix Super Markets, Inc.","Lakeland, FL",Publix,Publix,,"Publix Premium Banana-Flavored Chocolate Chip Pancake & Waffle Mix, 16 oz box. | Publix Premium Blueberry Flavored Pancake & Waffle Mix, 16 oz box. | Publix Premium Pumpkin Pancake & Waffle Mix, 16 oz box."
,retailer_self,False,FDA,76126,2017-02-08,Whole Foods Market Northeast Regional Office,"Englewood Cliffs, NJ",Whole Foods,Whole Foods Market,,"Whole Foods Markets Lobster Bisque Distributed by: Whole Foods Market, Englewood Cliffs, NJ 07652  UPC: 8-80632-00100"
,retailer_self,False,FDA,76157,2017-02-22,"Whole Foods Market Brand 365, Llc","Austin, TX",Whole Foods,Whole Foods Market,,"Whole Foods Market, TART LEMON SMALL | Whole Foods Market, TART FRESH FRUIT AMERO SHELL LARGE | Whole Foods Market, TART CHOCOLATE GANACHE SMALL, TART CHOCOLATE GANACHE LARGE | Whole Foods Market, TART FRUIT 4IN | Whole Foods Market, TART PEANUT BUTTER CHOCOLATE | Whole Foods Market, SMALLTART FRESH BERRY SMALL, TART FRESH BERRY LARGE | Whole Foods Market, TART KEY LIME 4IN  TART KEY LIME 4IN,TART KEY LIME 9IN | Whole Foods Market, TART FRENCH APPLE SMALL"
,retailer_self,False,FDA,69986,2017-02-22,"Giant Eagle, Inc.","Pittsburgh, PA",Ahold Delhaize,Giant Eagle,,"Giant Eagle Apple Pistachio Salad with Chicken, NET WT  15 oz. | Giant Eagle Apple Pistachio Salad, NET WT 13 oz."
,retailer_self,False,FDA,76247,2017-03-01,Hy-Vee Stores Inc,"West Des Moines, IA",Hy-Vee,Hy-Vee,,"Chocolate almond pretzels packaged in 4 oz. (UPC 026131900000) and 12 oz. (UPC 026131800000) plastic tray containers for retail sale, labeled with Hy-Vee scale ticket. The product was labeled HyVee West Des Moines, IA. | Chocolate almond bark packaged in 4 oz. (UPC 026133400000) and 12 oz. (UPC 021633300000) plastic tray containers for retail sale, labeled with Hy-Vee scale ticket. The product was labeled HyVee West Des Moines, IA. | Cookie & Candy packaged in a 9""/16oz. (UPC 026138600000), 12"" /32 oz. (UPC 026138700000),  and 16""/48 oz. (UPC 026138800000) plastic tray containers for retail sale, labeled with Hy-Vee scale ticket. The product was labeled HyVee West Des Moines, IA. | Candy packaged in a 9""/16oz. (UPC 026138000000), 12"" /32 oz. (UPC 026138100000),  and 16""/48 oz. (UPC 026138200000) plastic tray containers for retail sale, labeled with Hy-Vee scale ticket. The product was labeled HyVee West Des Moines, IA. | Cr¿me De Menthe Almond Bark packaged 12 oz. (UPC 026266300000) plastic tray containers for retail sale, labeled with Hy-Vee scale ticket. The product was labeled HyVee West Des Moines, IA. | Holiday Candy packaged in a 10""/16oz. (UPC 026139100000), 12"" /32 oz. (UPC 026139300000),  16""/48 oz. (UPC 026139500000), and 18""/64 oz. (UPC 026139700000) plastic tray containers for retail sale, labeled with Hy-Vee scale ticket. The product was labeled HyVee West Des Moines, IA. | Peppermint Bark packaged in 4oz. (UPC 026133800000),12 oz. (UPC 026133700000) plastic tray"
,retailer_self,False,FDA,76411,2017-03-08,The Kroger Co,"Cincinnati, OH",Kroger,Kroger,,"Fred Meyer 100% Whole Wheat Bread 16 oz plastic bag  DISTRIBUTED BY THE KROGER CO. CINCINNATI, OHIO 45202 UPC 0 11110 10294 2"
,retailer_self,False,FDA,76650,2017-04-05,"Meijer Distribution, Inc","Grand Rapids, MI",Meijer,Meijer,,"Meijer Colby and Colby Jack Deli Cheese   6lb horn; sold from the Meijer store Deli counter, by weight  Sold in plastic deli packaging with printed labels"
,retailer_self,False,FDA,76653,2017-04-05,"Meijer Distribution, Inc","Grand Rapids, MI",Meijer,Meijer,,Ham & Cheddar on White Baguette Sandwich  9.2oz retail  Plastic packaging   Ready to Eat sandwich  Keep Refrigerated | Meijer Artisan Made Natural Muenster Cheese  8oz retail  Plastic packaging   Keep Refrigerated
,retailer_self,False,FDA,76626,2017-04-05,Meijer Inc,"Grand Rapids, MI",Meijer,Meijer,,"Meijer Caesar Salad labeled as Meijer Greek Salad, Single serve salad, packed in plastic containers with printed labels,  Keep Refrigerated"
,retailer_self,False,FDA,77088,2017-06-14,HEB Retail Support Center,"San Antonio, TX",H-E-B,Hill Country Fare,,Hill Country Fare Wheat Sandwich UPC 4122078985; Good Bread Wheat UPC 4122018146; Clear Bag Wheat; all units 24 oz per bag | HEB Texas Toast UPC 4122062888 and HEB X-Thin UPC 4122084868  all units 24 oz per bag | Hill Country Fare Thin Sandwich UPC 4122046090; Hill Country Fare Extra Thin Sandwich UPC 4122063420; Good Thin Bread; Good Bread Texas Toast; Clear Prison This; Clear Prison X-Thin all units 24 oz per bag | White Wheat Bread and White Wheat Texas Toast all units 24 oz per bag | HEB White RT  UPC 4122035774 and HEB ST White UPC 4122088001 all units 24 oz per bag
,retailer_self,False,FDA,77359,2017-06-21,The Kroger Co,"Cincinnati, OH",Kroger,Kroger;Simple Truth,,"Simple truth Dry Roasted Macadamia Nuts SEA SALT 12 oz bag UPC 0 1111 00247 8 DISTRIBUTED BY THE KROGER CO. CINCINNATI, OHIO 45202"
,retailer_self,False,FDA,77229,2017-06-28,"Publix Super Markets, Inc.","Lakeland, FL",Publix,Publix,,"Publix Deli, Artichoke & Spinach dip, 16 oz., plastic clamshell, Manufactured and distributed by Publix Super Markets, Lakeland, FL."
,retailer_self,False,FDA,77355,2017-06-28,"Meijer, Inc #816 - Grand River Packaging","Grandville, MI",Meijer,Meijer,,"Meijer Honey Vanilla Bourbon Pecans, 8.5 oz., 6/case, packed in a stand-up pouch."
,retailer_self,False,FDA,77360,2017-07-05,The Kroger Co,"Cincinnati, OH",Kroger,Kroger,,"Kroger Dessert Cups yellow sponge cakes NET WT 6.5 oz (184g) INGREDIENTS: ***NONFAT M ILK***CONTAINS: WHEAT, EGGS, SOY. DISTRIBUTED BY THE KROGER CO. CINCINNATI, OHIO 45202 800-632-6900 www.kroger.com UPC 0 11110 18550 1"
,retailer_self,False,FDA,77550,2017-07-12,"Meijer Distribution, Inc","Grand Rapids, MI",Meijer,Meijer,,MEIJER ULTRA TRAIL MIX 18 OZ  plastic pouch | MEIJER CASHEWS TOASTED COCONUT 8.25 OZ  plastic pouch
,retailer_self,False,FDA,77510,2017-07-12,"Giant Eagle, Inc.","Pittsburgh, PA",Ahold Delhaize,Giant Eagle,,"Giant Eagle; Toasted Crumb Tilapia; various weights; Dist. By: Giant Eagle, Inc., Pittsburgh, PA    PLU #69123. UPC: 691237 0054548"
,retailer_self,False,FDA,77568,2017-07-19,Publix Bakery Plant,"Lakeland, FL",Publix,Publix,,"Publix Tropical Fruit Medley, NET WT. 5.7 OZ (161.6g), Packaged and Distributed by Publix Super Markets, Inc., Lakeland, FL 33802"
,retailer_self,False,FDA,77549,2017-07-19,Kroger Corporate Food Technology Laboratory,"Cincinnati, OH",Kroger,Kroger;Simple Truth,,"Simple truth Dry Roasted Macadamia Nuts 12 oz bags UPC 0 1111 00247 8 DISTRIBUTED BY THE KROGER CO. CINCINNATI, OHIO 45202"
,retailer_self,False,FDA,77769,2017-08-16,"Publix Supermarkets, Inc. (Deli Kitchen)","Lakeland, FL",Publix,GreenWise;Publix,,"Publix Greenwise Cashew Butter, NET WT 16 oz (1 lb) 454g, Distributed by Publix Super Markets, Inc, Lakeland, FL 33802"
,retailer_self,False,FDA,77938,2017-08-30,"Wegmans Food Markets, Inc.","Rochester, NY",Wegmans,Wegmans,,"Wegmans Apple Crostata, Large, Net Wt. 23 oz. and 6 oz.  (In-Store Bakery) | Wegmans Peach Crostata, Large, Net Wt. 23 oz. and 6 oz..  (In-Store Bakery) | Wegmans Nectarine Crostata, Large, Net Wt. 23 oz. and 6 oz..  (In-Store Bakery) | Wegmans Apple Cranberry Crostata, Large, Net Wt. 23 oz. and 6 oz..  (In-Store Bakery)"
,retailer_self,False,FDA,78080,2017-09-20,"Wegmans Food Markets, Inc.","Rochester, NY",Wegmans,Wegmans,,Wegmans Assorted Muffins 4-Pack-18 oz. (1 lb. 2 oz.) 510g  packaged in clear plastic shell.  UPC:    77890-22744    .
,retailer_self,False,FDA,78388,2017-11-08,"Wegmans Food Markets, Inc.","Rochester, NY",Wegmans,Wegmans,,"Wegmans Large Cheese Filled Cannoli, 2 Pack, 5 oz  UPC: 0-77890-37951  Wegmans Large Cheese Cannoli, 4 Pack, 10 oz  UPC: 0-77890-38014 | Wegmans Marshmellow Treats Tub,  6 Pack   UPC: 2-08032-00000 | Wegmans Single Cheese Cannoli, 2 oz.  UPC: 0-77890-17163 | Cheese Cannoli Tray, 34 oz.  UPC: 0-77890-38062 | Wegmans Marshmellow Treat sold by the pound  UPC: 2-08012-00000 | Wegmans Dark Bulk Penny Choc Coins,  Sold in the Bakery Only  UPC: 2-08016-00000 | Wegmans Mini Cheese Filled Cannolis 4pk,4 oz.  UPC: 0-77890-37952    Wegmans Mini Cheese Filled Cannolis 12 pack, 12 oz.  UPC: 0-77890-38013"
,retailer_self,False,FDA,78305,2017-11-08,"Wegmans Food Markets, Inc.","Rochester, NY",Wegmans,Wegmans,,"033710 - Wegmans Puff Fruit Dumplings, 2 Pack, 6 oz. UPC: 0 77890 33710 3 | 549815- Fruit Fillings Inc. PERFECT NATURAL LEMON TART FILLING Net Weight 24 lb (10.88 kg) 12-2 lb tubes | 038973 - Wegmans Half Cheese Danish Twist, 6 oz. UPC: 0 77890 38973 7 | 034208  Wegmans Round Danish, 6 pack. UPC: 0 77890 34208 4. | 038267 - Wegmans Cheese Danish Twist, 13 oz. UPC: 0 77890 38267 7 | 085194 - Wegmans Turnovers, Assorted, 2 Pack, 9 oz. UPC:  0 77890 85194 4"
,retailer_self,False,FDA,76785,2017-11-08,"Wegmans Food Markets, Inc.","Rochester, NY",Wegmans,Wegmans,,"Wegmans Peanut Butter Killer Brownie, UPC Number 2-08185-00000.  The product is sold pre-packaged by the pound in a plastic clamshell, or individually on the self-serve cookie bar, in the Bakery Department at Wegmans stores. | Wegmans Salted Caramel Killer Brownie with Pecans, UPC Number 2-08187-00000.  The product is sold pre-packaged by the pound in a plastic clamshell, or individually on the self-serve cookie bar, in the Bakery Department at Wegmans stores. | Wegmans Original Killer Brownies with Pecans, UPC Number 2-08184-00000.  The product is sold pre-packaged by the pound in a plastic clamshell, or individually on the self-serve cookie bar, in the Bakery Department at Wegmans stores. | Wegmans Cookie Dough Killer Brownie, UPC Number 2-08186-00000.  The product is sold pre-packaged by the pound in a plastic clamshell, or individually on the self-serve cookie bar, in the Bakery Department at Wegmans stores."
,retailer_self,False,FDA,78339,2017-11-08,HEB Grocery Company,"San Antonio, TX",H-E-B,H-E-B,,H-E-B Asian Noodle Cup Beef 24 oz. packaged in a plastic cup with a plastic insert and plastic lid. | H-E-B Asian Noodle Cup Chicken 24 oz. packaged in a plastic cup with a plastic insert and plastic lid.
,retailer_self,False,FDA,78423,2017-11-15,"Giant Eagle, Inc.","Pittsburgh, PA",Ahold Delhaize,Giant Eagle,,"Market District Coffee Beans covered in Dark Chocolate; Net Wt. 8 OZ.; Contains Soy; May Contain: Milk  Manufactured in a plant that processes wheat, peanuts, tree nuts and eggs.; Distributed by Giant Eagle, Inc., Pittsburgh, PA 15238-2809 | Market District  Powerberry Mix covered in Dark Chocolate; Net Wt. 8 OZ.; Contains Soy; May Contain: Milk  Manufactured in a plant that processes wheat, peanuts, tree nuts and eggs.; Distributed by Giant Eagle, Inc., Pittsburgh, PA 15238-2809 | Market District Almonds covered in Dark Chocolate; Net Wt. 8 OZ.; Contains Soy; May Contain: Milk  Manufactured in a plant that processes wheat, peanuts, tree nuts and eggs.; Distributed by Giant Eagle, Inc., Pittsburgh, PA 15238-2809"
,retailer_self,False,FDA,78344,2017-11-22,"Giant Eagle, Inc.","Pittsburgh, PA",Ahold Delhaize,Giant Eagle,,"Giant Eagle Breaded Shrimp  Pittsburgh, PA 15238  PLU # 86815    refrigerated, packed in plastic clam shell. Sell by dates: up to and including Oct 25 2017. Located in the Grab ""n Go refrigerated cases at Giant Eagle and Market District supermarkets."
,retailer_self,False,FDA,78333,2017-11-22,"Meijer Distribution, Inc","Grand Rapids, MI",Meijer,Meijer,,"Vegetable products including: ZUCCHINI AND SQUASH COMBO | Vegetable products including: ZUCCHINI SQUASH | Vegetable products including: Markets of Meijer SALAD ROTINI MOZZARELLA MEDLEY, Markets of Meijer SALAD ROTINI MOZZARELLA MEDLEY G&G | Vegetable products including:Large Veggie Tray  Medium Veggie Tray  Small Veggie Tray | Vegetable products including:   ASPARAGUS SPEARS &  ASPARAGUS SPEARS WITH GARLIC PARMESAN | Vegetable products including: MIXED PEPPER BLEND | Vegetable products including: Fresh Vegetable Tray with HUMMUS | Vegetable products including: BROCCOLI FLORETS 3 LB   BROCCOLI FLORETS LB   BROCCOLI FLORETS PLU 4548   PRE-PACKAGED BROCCOLI FLORETS   BROCCOLI FLORETS 3 LB BAG | Vegetable products including:   BRUSSELS SPROUTS SLICES | Vegetable products including: FIESTA TRAY WITH RED PEPPER HUMMUS | Vegetable products including: CAULIFLOWER FLORETS 3 LB BAG   CAULIFLOWER FLORETTS (EDI)   CAULIFLOWER FLORETTS   CAULIFLOWER FLORETS PLU 4566    PRE-PACKAGED CAULIFLOWER FLORETS   CAULI FLORETS 3 LB BAG   CAULIFLOWER FLORETTS LB"
,retailer_self,False,FDA,78408,2017-11-22,"Meijer Distribution, Inc","Grand Rapids, MI",Meijer,Meijer,,"MEIJER BULK DARK CHOCOLATE ALMONDS 18 OZ, Clear plastic clam-shell,12 packages per case | Dark chocolate covered coffee beans MEIJER BULK DARK CHOCOLATE COFFEE BEANS 18 OZ Clear plastic clam-shell, 12 packages per case | MEIJER BULK DARK CHOCOLATE CASHEWS	18 OZ Clear plastic clam-shell, 12 packages per case"
,retailer_self,False,FDA,78576,2017-12-06,Ahold Usa,"Quincy, MA",Ahold Delhaize,Giant;Stop & Shop,,"Ahold-Own Brands Whole Kernel Sweet Corn, 16 oz.  Plastic Bag :    Stop & Shop Brand Frozen Whole Kernel Sweet Corn, 16 oz.     GIANT/MARTIN S Brand Frozen Whole Kernel Sweet Corn, 16 oz.    Giant Brand Frozen Whole Kernel Sweet Corn, 16 oz."
,retailer_self,False,FDA,78593,2017-12-13,The Kroger Co,"Cincinnati, OH",Kroger,Kroger,,"Comforts FOR BABY Purified Water with Flouride Added. 1 GAL (3.78 L)  DISTRIBUTED BY THE KROGER CO., CINCINNATI, OHIO 45202"
,retailer_self,False,FDA,78421,2017-12-27,The Kroger Co,"Cincinnati, OH",Kroger,Kroger,,"All Natural Dark Chocolate Covered Ginger INGREDIENTS: DARK CHOCOLATE (SUGAR, CHOCOLATE LIQUOR, COCOA BUTTER, CHOCOLATE LIQUOR PROCESSED WITH ALKALI, SOY LECITHIN (EMULSIFIER), SALT, VANILLA), GINGER (DICED/SLICED GINGER, SUGAR) AND CONFECTIONERS GLAZE. DISTRIBUTED BY THE KROGER CO CINCINNATI, OHIO 45201 | All Natural Dark Chocolate Covered Cranberries INGREDIENTS: DARK CHOC (SUGAR, CHOC LIQUOR, COCOA BUTTER, SALT, VANILLA) CRANBERRIES, CONFECTIONERS GLAZE. DIST BY THE KROGER CO CINCINNATI, OHIO 45201 | All Natural Dark Chocolate Covered Almonds INGREDIENTS: Natural Dark Chocolate (Sugar Chocolate Liquor, Cocoa Butter, Chocolate Liquor Processed W/Alkali, Soy Lecithin (An Emulsifier), Vanilla, Salt,), Almonds And Confectioners Glaze. DIST BY THE KROGER CO CINCINNATI, OHIO 45201 | All Natural Dark Chocolate Covered Coffee Beans INGREDIENTS: DARK CHOCOLATE (SUGAR, CHOCOLATE LIQUOR, COCOA BUTTER, CHOCOLATE LIQUOR PROCESSED WITH ALKALI, SOY LECITHIN (AN EMULSIFIER), VANILLA, SALT, AND ARTIFICIAL FLAVORING ADDED), DRY ROASTED COFFEE BEANS AND CONFECTIONERS GLAZE DIST BY THE KROGER CO CINCINNATI, OHIO 45201 | All Natural Dark Chocolate Covered Pretzel Balls  INGREDIENTS: DARK CHOCOLATE (SUGAR, CHOCOLATE LIQUOR, COCOA BUTTER, CHOCOLATE LIQUOR PROCESSED WITH ALKALI, SOY LECITHIN (EMULSIFIER), SALT, VANILLA), PRETZEL BALLS (ENRICHED WHEAT FLOUR (WHEAT FLOUR, NIACIN, REDUCED IRON, THIAMIN MONONITRATE, RIBOFLAVIN, FOLIVE ACID), SALT, VEGETABLE OIL (CONTAINS ONE OR MORE OF THE FOLLOWING:"
,retailer_self,False,FDA,78805,2018-01-10,"Meijer Distribution, Inc","Grand Rapids, MI",Meijer,Meijer,,Meijer Michigan Harvest Salad  10 Oz retail unit in plastic container	  UPC: 7-08820-68400-3	  4 retail containers per wholesale case | Meijer Sharable Waldorf Salad  16 Oz retail unit in plastic container	  UPC: 7-13733-53864-0	  4 retail containers per wholesale case | Meijer Fresh Cranberry Apple Stuffing Starter  18.9 Oz retail unit in plastic container  UPC: 7-19283-37977-1	  4 retail containers per wholesale case
,retailer_self,False,FDA,78984,2018-02-07,"Wegmans Food Markets, Inc.","Rochester, NY",Wegmans,Wegmans,,"Wegmans Ready To Cook Lobster & Shrimp Steam Pot, Sold by the lb. UPC: 2-16326-00000 | Wegmans Ready To Cook Shrimp Scampi, 6 oz. UPC: 2-16151-00000 | Wegmans Ready To Cook Tom Tom Shrimp with Sauce, 11 oz UPC: 2-06048-00000 | Wegmans Ready To Cook Garlic Parmesan Tilapia, Single, 5 oz UPC: 2-16150-00000 and Wegmans Ready To Cook Garlic Parmesan Tilapia, Twin Pack, 15 oz  UPC: 2-16154-00000"
,retailer_self,False,FDA,78884,2018-02-07,"Dollar General Corporation, Inc.","Goodlettsville, TN",Dollar General,Clover Valley,,"Clover Valley¿ Iced Oatmeal Cookies NET WT 12 OZ (340 g) CONTAINS: WHEAT, SOY. DISTRIBUTED BY DOLGENCORP, LLC 100 MISSION RIDGE GOODLETTSVILLE, TN 37072 UPC 0 86106 03201 5"
,retailer_self,False,FDA,79163,2018-03-07,"Meijer Distribution, Inc","Grand Rapids, MI",Meijer,Meijer,,Meijer Greek Yogurt 0% Blueberry 5.3 oz.    The products are packaged in a plastic cup with a foil seal and a label listing the above-mentioned UPCs. | Meijer Greek Yogurt 0% Black Cherry 5.3 oz.  The products are packaged in a plastic cup with a foil seal and a label listing the above-mentioned UPCs. | Meijer Greek Yogurt 0% Plain 5.3 oz.    The products are packaged in a plastic cup with a foil seal and a label listing the UPCs. | Meijer Greek Yogurt 0% Vanilla 5.3 oz.  The products are packaged in a plastic cup with a foil seal and a label listing the above-mentioned UPCs. | Meijer Greek Yogurt 0% Strawberry 5.3 oz.  The products are packaged in a plastic cup with a foil seal and a label listing the above-mentioned UPCs. | Meijer Yogurt Blended Low-fat Blueberry 6 oz.The products are packaged in a plastic cup with a foil seal and a label listing the UPCs.
,retailer_self,False,FDA,79492,2018-04-04,"Wegmans Food Markets, Inc.","Rochester, NY",Wegmans,Wegmans,,"Wegmans Assorted Gyoza (Dumplings), Family Pack, 17 oz.   UPC: 2-48798-00000 or 2-48963-00000 packaged with Wegmans Thai Sweet Chili Sauce Cup 1.5 oz. (UPC7-66630-98023) | Wegmans Avocado Summer Roll, 2 Pack, 5 oz. UPC: 2-48762-00000 or 2-48920-00000 packaged with Wegmans Thai Sweet Chili Sauce Cup 1.5 oz. (UPC 7-66630-98023) | Wegmans Thai Sweet Chili Sauce Cup 1.5 oz. (UPC 7-66630-98023)"
,retailer_self,True,FDA,79663,2018-05-09,Target Corporation,"Minneapolis, MN",Target,Market Pantry,,Market Pantry Vanilla Ice Cream 128oz    UPC: 85239014943    Target item number: 288-7-307 | Eggo Homestyle Waffles 24ct 29.6oz    UPC: 38000402807    Target item number: 270-5-49 | Ben & Jerry's Chocolate Cookie PB Swirl Non-Diary Frozen Dessert 16 oz.    UPC: 76840580767    Target item number: 288-7-814 | Ben & Jerry's Non Diary Coconut 7 layer 16 fl oz    UPC: 768406744668    Target item number: 288-7-2060 | Simply Balanced Quinoa Spinach Red Pepper Onion Chickpeas 10oz;    UPC: 85239058107    Target item number: 270-0-581 | CW ULTIMATE SOUTHWEST VEG 14OZ    UPC: 70332002881    Target item number: 270-0-4 | 2-ct. (9-oz.) Hot Pockets X Four Cheese Pizza    UPC: 43695071092    Target item number: 270-6-190 | Yasso Birthday Cake Pint    UPC: 851035003739    Target item number: 288-7-1614 | Market Pantry Cookies n' Cream Ice Cream 128oz    UPC: 85239014974    Target item number: 288-7-310 | Yasso Chocolate Chip Cookie Dough Pint    UPC: 851035003692    Target item number: 288-7-1612 | MP ICE CREAM ROCKY ROAD 48OZ    UPC: 85239734179    Target item number: 288-7-3417 | 10.8 oz. BIRDS EYE Steamfresh WHOLE GREEN BEANS    UPC: 14500021571    Target item number: 270-0-92 | Halo Top Chocolate Covered Banana    UPC:858089003364    Target item number: 288-7-1665 | GARDEIN 10.5OZ MNDRN CHICKN    UPC: 842234000742    Target item number: 270-3-85 | MORNINGSTAR MEAT FREE CORN DOGS 10;    UPC: 28989975003    Target item number: 270-3-159 | Halo Top Chocolate Chip Cookie Dough 1 Pint;      
,retailer_self,False,FDA,80189,2018-06-13,Trader Joes Company,"Monrovia, CA",Trader Joe's,Trader Joe's,,"Trader Joe's  Artisan Bread - Organic French Baguette;  (Brown and Serve) Keep frozen;  Product code 53835;  24 x 11.5 oz. (326g)  - 24 loaves per case.  UPC 0053 8350  Product of Canada    Manufactured by Groupe Premiere Moisson Inc., 189 Harwood, Vaudreuil-Dorion, Quebec, Canada     Distributed and sold exclusively by Trader Joe's, Monrovia, CA 91016"
,retailer_self,False,FDA,80210,2018-06-20,H-E-B GROCERY COMPANY LP DBA HEB,"San Antonio, TX",H-E-B,Hill Country Fare,,"HEB Creamy Creations Orange & Cream Swirl Sherbet quart | HEB Creamy Creations No Sugar Added Orange Sherbet quart | HEB Creamy Creations No Sugar Added Strawberry Sherbet quart | HEB Creamy Creations Strawberry & Cream Swirl Sherbet  quart | EconoMax Vanilla, 4 quarts and 56 ounces | HEB Creamy Creations Rainbow Sherbet quart | Hill Country Fare Chocolate 4.5 quarts | Hill Country Fare Cookies and Cream 56 ounces | Hill Country Fare Neopolitan 4.5 quarts and 56 ounces; Hill Country Fare Neopolitan (Mexico) 4.5 quarts | HEB Creamy Creations Lime Sherbet quart | Hill Country Fare Strawberry Revel 4.5 quarts | EconoMax Neopolitan, 4 quarts and 56 ounces | Hill Country Fare Fudge Revel  4.5 quarts | HEB Creamy Creations Fruit Punch Sherbet quart | Hill Country Fare Vanilla 4.5 quarts"
,retailer_self,False,FDA,80149,2018-06-20,"Meijer, Inc #816 - Grand River Packaging","Grandville, MI",Meijer,Meijer,,"Meijer Dark Chocolate Covered Almonds, 18 ounces, packed in a Clear plastic container, 12 containers per case"
,retailer_self,False,FDA,81091,2018-10-17,Whole Foods Market,"Austin, TX",Whole Foods,365 Everyday Value,,"365 Everyday Value Brand White Corn Chips, Salted NET WT 20 oz. (1 LB 4 OZ) 567 g packaged in a plastic bag"
,retailer_self,False,FDA,81270,2018-11-07,"Wegmans Food Markets, Inc.","Rochester, NY",Wegmans,Wegmans,,"Wegmans Hummus, NET WT 32 OZ (2 LB) 908g, UPC: 77890-26221 and NET WT 8 OZ (227g), UPC: 77890-26213"
,retailer_self,False,FDA,81416,2018-11-14,Aldi Inc,"Batavia, IL",Aldi,Millville,,Millville Maple & Brown Sugar Instant Oatmeal 15.1 oz.  10 individual serving size packets per 15.1oz retail unit.  UPC:  041498 149628
,retailer_self,False,FDA,81525,2018-11-21,"Wegmans Food Markets, Inc.","Rochester, NY",Wegmans,Wegmans,,"Wegmans Placek Coffee Cake - 11 oz., UPC 77890 41407 and 22 oz., UPC 77890 39002 | Wegmans Pumpkin Loaf, 19 oz., UPC 77890 27002"
,retailer_self,False,FDA,81222,2018-11-21,The Kroger Co,"Cincinnati, OH",Kroger,Kroger;Simple Truth,,"simple truth organic Red Quinoa Ingredients: organic red quinoa Distributed by The Kroger Co, Cincinnati, OH  UPC1111086333 NET WT 16 oz (1 lb)"
,retailer_self,False,FDA,82219,2019-03-13,Meijer,"Grand Rapids, MI",Meijer,Meijer,,Meijer Ultimate Chocolate Mint Chip Cookie   Cookies in clear plastic clamshell  12 count UPC 4125014563   20 count UPC 4125014564
,retailer_self,False,FDA,82721,2019-05-15,"Wegmans Food Markets, Inc.","Rochester, NY",Wegmans,Wegmans,,"Wegmans Food You Feel Good About Cilantro Lime Green Sauce. A finishing sauce for meats, seafood & Veggies in 8 oz. plastic containers or .5 gallon bulk plastic containers."
,retailer_self,False,FDA,83332,2019-07-31,"Wegmans Food Markets, Inc.","Rochester, NY",Wegmans,Wegmans,,"Wegmans Large Ultimate Carrot Cake(Carrot Cake with Cream Cheese Frosting), 54oz, Sold in clear plastic cake clam shell, UPC Codes: 77890-82457 | Wegmans Carrot Apple Muffins, Carrot Apple Muffin sold individually on a self-serve bar  UPC Codes: 2-08473-00000 | Ultimate Carrot Cake Slice (Individual serving slice of Carrot Cake with Cream Cheese Frosting), 6oz, Sold in a clear, square plastic clamshell, UPC Codes: 77890-24956 | Wegmans Assorted Whole Wheat Muffins, 4 Pack of Muffins; may contain a variety of flavors, which may include Carrot Apple Muffins, Sold in Square Plastic Clamshell with 4 wells for muffins    UPC Codes: 77890-22745 | Wegmans Mini Ultimate Carrot Cake (Carrot Cake with Cream Cheese Frosting), 17oz, Sold in clear plastic cake clam shell, UPC Codes: 77890-79304"
,retailer_self,False,FDA,83083,2019-08-28,The Kroger Co,"Cincinnati, OH",Kroger,Private Selection,,"PRIVATE SELECTION FROZEN TRIPLE BERRY MEDLEY, 16 oz | PRIVATE SELECTION FROZEN TRIPLE BERRY MEDLEY, 48 oz | PRIVATE SELECTION FROZEN BLACKBERRIES, 16 oz"
,retailer_self,False,FDA,83620,2019-10-02,H-E-B GROCERY COMPANY LP DBA HEB,"San Antonio, TX",H-E-B,H-E-B,,H-E-B Select Ingredients Creamy Creations Strawberry Ice Cream 1/2 gallon UPC 4122034602 packaged in paper carton with lid
,retailer_self,False,FDA,83766,2019-10-09,Hy-Vee,"West des Moines, IA",Hy-Vee,Hy-Vee,,Hy-Vee Mealtime Fried Rice  in a 16 oz.  black plastic container with clear plastic lid
,retailer_self,False,FDA,83931,2019-10-30,Whole Foods Market,"Austin, TX",Whole Foods,Whole Foods Market,,Consider Bardwell Farm Dorset cheese PLU code 97776 sliced and wrapped in plastic cling with Whole Foods Market scale label applied
,retailer_self,False,FDA,84020,2019-11-13,Whole Foods Market,"Austin, TX",Whole Foods,Whole Foods Market,,Whole Foods Market White Parkerhouse Rolls PLU 49557 NET WT. 0 lb 12 oz (340g) packaged in a clear plastic bag 12 rolls per bag
,retailer_self,False,FDA,84143,2019-12-04,Whole Foods Market,"Austin, TX",Whole Foods,365 Everyday Value,,365 Everyday Value Organic Instant Oatmeal Maple and Brown Sugar Pecan With Other Natural Flavors UPC 9948247977  NET WT 2.3 OZ. microwaveable cups cold individually
,retailer_self,False,FDA,84345,2019-12-18,Whole Foods Market,"Austin, TX",Whole Foods,Whole Foods Market,,Whole Foods Market Raspberry Cheesecake Italian Gelato 1 Pint (473mL) UPC 9948248024  packaged in a clear plastic container
,retailer_self,False,FDA,84205,2019-12-18,Meijer Inc.,"Grand Rapids, MI",Meijer,Meijer,,"Fresh From Meijer vegetable tray and Dip with UPC 2-20186-00000-1 and PLU 1593, packed in clear plastic sectioned container | Fresh From Meijer Broccoli Florets with UPC 2-21234-00000-4   and PLU 4548, packed in plastic wrapped foam tray or sold from store salad bar | Fresh From Meijer Cauliflower Florets with UPC 2-21233-00000-5 and PLU 4566, packed in plastic wrapped foam tray | Fresh From Meijer vegetable tray with UPC 2-20185-00000-2 and PLU 1592, packed in clear plastic sectioned container"
,retailer_self,False,FDA,84687,2020-01-22,"Wegmans Food Markets, Inc.","Rochester, NY",Wegmans,Wegmans,,"Signature Crab Cake, Signature Crab Cake (2 pk), and Signature Crab Cake (4pk); Wegmans Ready to Cook Signature Crab Cake; Oven ready tray; various sizes, keep Refrigerated or Frozen | Crab Stuffed Portobella; Wegmans Ready to Cook Portobella Mushroom with Crab Stuffing, Sold by the lb; Unit size varies; Oven ready tray; Package size varies; Keep Refrigerated | Crabmeat Stuffed Mushrooms; Wegmans Ready to Cook Crabmeat Stuffed Mushrooms, Sold by the lb; Unit size varies; Oven Ready Tray; Package size varies; Keep Refrigerated or Frozen | Crab Stuffed Hatch Chile; Wegmans Ready to Cook Hatch Chile Peppers with Crab Stuffing, Sold by the lb; Unit size varies; Oven ready tray; Package size varies; Keep Refrigerated or Frozen | Crab Stuffing; Wegmans Ready to Cook Crab Stuffing, Sold by the lb; Unit size varies; Oven ready tray; package size varies, Keep Refrigerated or Frozen | Crab Stuffed Tilapia; Wegmans ready to Cook Tilapia Stuffed with Crab; 8 oz; Oven ready tray; Keep Refrigerated or Frozen | Crab Pretzel Twist; Wegmans Ready to Pretzel Twist with Crab Stuffing, 1 each; 14oz; Oven ready tray; Keep Refrigerated or Frozen | Crab Stuffed Sea Bass; Wegmans Ready to Cook Sea Bass with Crab Stuffing, 6 oz; Oven Ready Tray; Keep Refrigerated or Frozen | Lobster Stuffed Portabella; Wegmans Ready to Cook Lobster Portabella Mushroom, Sold by the lb; Unit size varies; Oven ready tray; Package size varies; Keep Refrigerated or Frozen | Cajun Tilapia Cake; Tilapia cake sold by the 1lb"
,retailer_self,False,FDA,84549,2020-02-05,Whole Foods Market,"Austin, TX",Whole Foods,365 Everyday Value,,365 Everyday Value Dark Chocolate Caramel Sea Salt Sandwich Cremes Net Wt 7.75 oz (220g) UPC 9948247606 Paper carton boxes sold individually | 365 Everyday Value Dark Chocolate Peppermint Sandwich Cremes Net Wt 7.75 oz (220g) UPC 9948247605 Paper carton boxes sold individually
,retailer_self,False,FDA,84552,2020-02-05,UNFI General Corporate,"Providence, RI",UNFI/SuperValu,Essential Everyday,,"Essential Everyday, Unbleached Flour, Enriched All-Purpose Pre-Sifted, packaged in a 5lb paper bag"
,retailer_self,False,FDA,84608,2020-02-19,Meijer,"Grand Rapids, MI",Meijer,Meijer,,"Fresh From Meijer diced hard boiled eggs sold by weight from the salad bar area in clear plastic clamshell PLU 8505, UPC 0-0-8505-2"
,retailer_self,False,FDA,85095,2020-03-18,Meijer,"Grand Rapids, MI",Meijer,Meijer,,"Meijer Chicken Cobb Salad 10.75oz. in Clear plastic, sectioned, container; UPC 71928367932"
,retailer_self,False,FDA,85219,2020-04-01,Winco Foods Llc,"Boise, ID",WinCo,WinCo;WinCo Foods,,"WinCo Foods frozen Berry Medley (Strawberries, Blackberries, Raspberries and Blueberries), item# 107412, packaged in polyethylene bags. Product is distributed by WinCo Foods, LLC, Boise, ID 83704.    Net weight 16 oz (1 lb or 454 g).  UPC 70552 30522.  Net weight  32 oz (2 lb or 907 g). UPC 70552 30512.    The label is read in parts: ""***WinCo FOODS*** Berry Medley***strawberries, blackberries, raspberries $ blueberries***KEEP FROZEN***"". | WinCo Foods frozen Blackberries, item # 107414, packaged in polyethylene bags, with a net weight of 16 oz (1 lb or 454g). UPC: 70552 30502.  Product is distributed by WinCo Foods, LLC, Boise, ID 83704.    The label is read in parts: ""***WinCo Foods***Blackberries*** INGREDIENTS: BLACKBERRIES***KEEP FROZEN***PRODUCT OF MEXICO***DISTRIBUTED BY: WINCO FOODS, LLC, BOISE, ID***""."
,retailer_self,False,FDA,85135,2020-04-01,Whole Foods Market,"Austin, TX",Whole Foods,Whole Foods Market,,"Whole Foods Market Green Chile Chicken Tamale served as a Family Meal, Chef's Case, Packaged, Frozen and on he hot bar PLU 72429 packaged in plastic containers and in family-style meal kits"
,retailer_self,False,FDA,85180,2020-04-08,Meijer Inc.,"Grand Rapids, MI",Meijer,Meijer,,Meijer Mixed Nuts with Peanuts & Sea Salt 16 Oz UPC: 7-19283-80863-9
,retailer_self,False,FDA,85276,2020-04-15,The Kroger Co,"Cincinnati, OH",Kroger,Private Selection,,"PRIVATE SELECTION FROZEN BLACKBERRIES in 16 oz. bags, 10 bags per case.    UPC: 0001111087809    UPC: 0001111087808 | PRIVATE SELECTION FROZEN BERRY MEDLEY in 16 oz. (10 bags per case) and 48 oz. bags (6 bags per case).    UPC: 0001111079120"
,retailer_self,False,FDA,85465,2020-05-06,Whole Foods Market,"Austin, TX",Whole Foods,Whole Foods Market,,Whole Foods Market Minestrone Soup PLU code printed on the product scale labels beginning with 248529 for soup sold in clear plastic deli-style containers of various weight and 246691 for soup sold in clear plastic bags weighing 7 lbs. 12 oz.
,retailer_self,False,FDA,85527,2020-05-13,Aldi Inc,"Batavia, IL",Aldi,Simply Nature,,"Simply Nature Organic Red Split Lentils, 16 oz bag, UPC 041498299507 | Simply Nature Organic Green Lentils, 16 oz bag, UPC 041498299514"
,retailer_self,False,FDA,85501,2020-05-20,Whole Foods Market,"Austin, TX",Whole Foods,Whole Foods Market,,Whole Foods Market Queso Sauce PLU code printed on the product scale labels beginning with 74135 sold in clear plastic deli-style containers of various weights.
,retailer_self,False,FDA,85703,2020-06-03,"Wegmans Food Markets, Inc.","Rochester, NY",Wegmans,Wegmans,,"Wegmans Tuna Salad, 16 OZ (1 LB) 454 g; UPC: 77890-48147; SELL BY 5/21/20 | Wegmans Tuna Salad on Roasted Tomato Pita, 9 oz.; UPC: 2-27390-00000; SELL BY 5/14-5/16 | Wegmans Tuna & Provolone Packaged Sub, Medium, 11 oz; UPC: 2-27031-00000; SELL BY 5/14-5/16 | Wegmans Packaged Tuna & Provolone Wheat Wrap, 9 oz; UPC: 2-27303-00000; SELL BY 5/14-5/16"
,retailer_self,False,FDA,85638,2020-06-17,UNFI General Corporate,"Providence, RI",UNFI/SuperValu,Wild Harvest,,"Wild Harvest Organic Fresh Basil packaged in the following sized plastic containers:    Net Wt 2 oz (57g), UPC 11535-50762,   Net Wt 0.25 oz. (7g), UPC 11535-50450,    Net Wt 0.75 oz. (21g), UPC 11535-50322,    Net Wt. 4 oz. (113g), UPC 11535-50323.        Distributed by Supervalu, Inc., Eden Prairie, MN  55344"
,retailer_self,False,FDA,85947,2020-07-22,Whole Foods Market,"Austin, TX",Whole Foods,Whole Foods Market,,Whole Foods Market Red Velvet Layered Cheesecake Slice PLU: 78620 packaged in plastic clam shell with scale label applied
,retailer_self,False,FDA,86089,2020-08-05,Giant Eagle,"Pittsburgh, PA",Ahold Delhaize,Giant Eagle,,"Giant Eagle Dried Island Fruit Mix , Net Wt. 10 oz. ,  6 units per case.  Packaging is a gusseted plastic resealable bag.    Expiration date 01/15/2021"
,retailer_self,False,FDA,86117,2020-08-12,Whole Foods Market,"Austin, TX",Whole Foods,Whole Foods Market,,"Chantilly Key Lime Tartlets Net Wt 1 oz. individually packaged in plastic clamshell containers with Whole Foods Market scale labels, a PLU code of 268564"
,retailer_self,False,FDA,86118,2020-08-19,Whole Foods Market,"Austin, TX",Whole Foods,Whole Foods Market,,"Kouign-Amann Pastry available in plastic clamshell 4-packs with Whole Foods Market scale labels, a PLU code 26739400000"
,retailer_self,False,FDA,86208,2020-09-02,"Wegmans Food Markets, Inc.","Rochester, NY",Wegmans,Wegmans,,"Bronzini Seasoned Fillet; by the lb.; seasoned bronzini fillet with olive oil and lemon; packaged in an oven ready tray; package size varies; keep refrigerated | Shrimp Salad (Made In Store); by the lb.; store made shrimp salad, ready to eat; packaged in a plastic clamshell; package size varies; keep refrigerated | Bay Seasoned Soft Shell Crab; Individual; bay seasoned and breaded soft-shell crab; packaged in an oven ready tray; package size varies; keep refrigerated | Chicken Cutlet Meals; Individual or Family Meals; plastic clamshell; package size varies; keep refrigerated | Fresh Cooked Shrimp; 6ct, 12ct, 20ct, 60ct, 80ct; shrimp cocktail with lemon and cocktail sauce; packaged on plastic trays; package size varies; keep refrigerated | Whole Seasoned Snapper; by the lb.; whole seasoned snapper with lemon and oil; packaged in an oven ready tray; total package size varies; keep refrigerated | Wegmans Ready to Cook Whole Soft Shell Crab with Lemon; 11oz.; whole soft shell crab with lemon; packaged in an oven ready tray; total package size varies; keep refrigerated | Wegmans Fresh Cooked & Grilled Organic Shrimp Combo Tray; Individual; cooked and grilled shrimp combination with cocktail sauce and lemon; packaged on a plastic tray; package size varies; keep refrigerated | Fresh Cooked Shrimp and Crab Claw Tray; Individual; shrimp and crab claw platter with cocktail sauce; packaged in a plastic tray; package size varies; keep refrigerated | Seasoned Whole Bronzini; by the lb.; w"
,retailer_self,False,FDA,86275,2020-09-02,Whole Foods Market,"Austin, TX",Whole Foods,Whole Foods Market,,"Whole Foods Market Buttermilk Biscuits, 4pk NET WT 1lb 0 oz PLU: 30561 packaged in plastic clam shell"
,retailer_self,False,FDA,86252,2020-09-09,Whole Foods Market,"Austin, TX",Whole Foods,Whole Foods Market,,Whole Foods Market Mitica La Dama Sagrada Raw Milk - Aged 60 Days or More PLU  20656400000 Individual sliced cheese wrapped in plastic wrap with scale label on top. | Whole Foods Market Chimay Biere PLU 29351700000 Individual sliced cheese wrapped in plastic wrap with scale label on top. | Whole Foods Market Chimay Grand Cru PLU 29388800000 and Whole Foods Market Lactalis MIMOLETTE Aged 12 MONTHS PLU 25704400000 Individual sliced cheese wrapped in plastic wrap with scale label on top. | Whole Foods Market Artequeso Manchego 6 month aged raw Raw Milk - Aged 60 days or more PLU 20057900000 Individual sliced cheese wrapped in plastic wrap with scale label on top. | Whole Foods Market IL FORTETO Genovese Pesto PLU 20017100000 Individual sliced cheese wrapped in plastic wrap with scale label on top. | Whole Foods Market La Marquesa Herb Manchego Raw Milk - Aged 60 days or More PLU 29399800000 Individual sliced cheese wrapped in plastic wrap with scale label on top. | Whole Foods Market AGRIFORM  PIAVE VECCHIO PLU 29336200000 Individual sliced cheese wrapped in plastic wrap with scale label on top. | Whole Foods Market El Trigal 12 Month Old Manchego PLU 29329500000;  Whole Foods Market El Trigal 6 Month Old Manchego PLU 29329900000; Whole Foods Market Mitica Cordobes PLU 29335700000; Individual sliced cheese wrapped in plastic wrap with scale label on top. | Whole Foods Market Mitica Mahon PLU 29341800000 Individual sliced cheese wrapped in plastic wrap with scale label on top.
,retailer_self,False,FDA,86277,2020-09-16,Whole Foods Market,"Austin, TX",Whole Foods,Whole Foods Market,,Whole Foods Market Vegan Vanilla Cake 6 Inch NET WT 2lb 11oz (1219g) Packed for Whole Foods Market PLU 41070 packaged in plastic dome containers with Whole Foods Market scale labels
,retailer_self,False,FDA,86289,2020-09-23,"Wegmans Food Markets, Inc.","Rochester, NY",Wegmans,Wegmans,,"Wegmans Vanilla Trifle; 9oz; UPC 7789080600 | Wegmans 20cm Single Fruit Tart; 22 oz; UPC 7789033395 | Wegmans Mini Peach Shortcake; 5 oz; UPC 7789051240 | Wegmans Rustic Peach Tart; 21 oz and 3oz sizes; UPC 7789046316 and 7789046317 | Wegmans 8cm Single Fruit Tart; 4oz; UPC 7789043362 | Wegmans Peach Shortcake Slice; 7oz; UPC 7789051241 and Wegmans 1 Layer Peach Shortcake; 26oz; UPC: 7789051239 | Wegmans Peach Melba Whipped Cream Cake; 1 EA; UPC 7789033104 | Wegmans Dessert Cake/Slice; 1 EA; UPC 20804600000 | Wegmans Made With No Gluten Containing Ingredients 1/8 and 1/4 Shortcake; 30 oz and 60 oz respectively; UPC 7789050189 and UPC 7789050190 | Wegmans Mini Fruit Topped Shortcake, 5oz; UPC 7789038790 | Wegmans Made with No Gluten Containing Ingredients Shortcake Slice; 6oz; UPC: 7789051145"
,retailer_self,False,FDA,86561,2020-11-18,Meijer Inc./Traffic Dept.,"Grand Rapids, MI",Meijer,Meijer,,"FRESH FROM MEIJER FRUIT PALOOZA, 22oz Clear plastic container, UPC 220450514739 | FRESH FROM MEIJER MELONS & BERRIES WITH DIP, 22oz Clear plastic container, UPC 220452914490 | FRESH FROM MEIJER CANTALOUPE AND HONEYDEW SLICES, 24oz Clear plastic container, UPC 220219600079 | FRESH FROM MEIJER FRUIT FRENZY BOWL LARGE BOWL, 40oz Clear plastic container, UPC 219210112216.  FRESH FROM MEIJER FRUIT FRENZY SMALL BOWL, 16oz Clear plastic container, UPC 219601612646.  FRESH FROM MEIJER FRUIT FRENZY MEDIUM BOWL, 32oz Clear plastic container, UPC 220200612647. | FRESH FROM MEIJER FRUIT TRAY, 49oz Clear plastic container, UPC 219214610008 | FRESH FROM MEIJER CANTALOUPE CHUNKS LARGE BOWL, 32oz Clear plastic container, UPC 219323109721.  FRESH FROM MEIJER CANTALOUPE CHUNKS SMALL BOWL, 16oz Clear plastic container, UPC 220196109725.  FRESH FROM MEIJER CANTALOUPE CHUNKS KOSHER - LG, 32oz Clear plastic container, UPC 220616800089   FRESH FROM MEIJER CANTALOUPE CHUNKS KOSHER - SM, 16oz Clear plastic container, UPC 220617801030 | FRESH FROM MEIJER GS BERRY EXPLOSION CUP 6 OZ, 6oz Clear plastic container, UPC 219717302295 | FRESH FROM MEIJER MIXED FRUIT CUP 6 OZ, 6oz Clear plastic container, UPC 219712601393.  FRESH FROM MEIJER MIXED FRUIT CUP, 6oz Clear plastic container, UPC 220124913172.  FRESH FROM MEIJER MIXED FRUIT CUP 6 OZ, 6oz Clear plastic container, (GAS STATIONS), UPC 219712601393 PLU 9505. | FRESH FROM MEIJER MIXED MELON SLICES, 24oz Clear plastic container, UPC 220220600075.  FRESH "
,retailer_self,False,FDA,86836,2020-12-16,Whole Foods Market,"Austin, TX",Whole Foods,Whole Foods Market,,Whole Foods Market   Popcorn Chicken Shaker with Sweet Chili   Variable weight sold by lb.  Packed For Whole Foods Market
,retailer_self,False,FDA,86849,2020-12-16,Hy-Vee Stores Inc,"West des Moines, IA",Hy-Vee,Hy-Vee,,"Hy-Vee, Short Cuts, Pot Roast Mix sold by weight in approximate 1 lb containers, Distributed by Hy-Vee Inc, West Des Moines, IA UPC 272083 XXXXXX | Hy-Vee, Short Cuts, Grill Ready Veggie Mix sold by weight in approximate 1 lb containers, Distributed by Hy-Vee Inc, West Des Moines, IA UPC 272104 XXXXXX"
,retailer_self,False,FDA,86966,2020-12-30,Meijer Distribution,"Grand Rapids, MI",Meijer,Meijer;True Goodness,,"True Goodness by Meijer Organic Green Peas Frozen 10 Oz plastic bag UPC 7-08820-73708-2, 12 bags per case-pack"
,retailer_self,False,FDA,87103,2021-02-03,"Weis Markets, Inc., Ice Cream Division","Sunbury, PA",Weis,Weis Quality,,Klein s Cookies and Cream Bulk  Packaged in a 3 gallon paper drum. | Klein s Vanilla Ice Cream. Packaged in a 3 gallon paper drum. | Weis Quality Cookies and Cream Ice Cream (48oz).  Packaged in a squround paper container with a UPC of 041497-01253. | Nelsons Graham Slam Bulk. Packaged in a 3 gallon paper drum.
,retailer_self,False,FDA,87203,2021-03-03,"Publix Super Markets, Inc.","Lakeland, FL",Publix,Publix,,Publix Steam in Bag Season Butternut Medley | Publix Steam in Bag Butternut Brussels Pecan | Publix Steam in Bag Green Bean Butternut Squash
,retailer_self,False,FDA,87503,2021-04-14,Whole Foods Market,"Austin, TX",Whole Foods,Whole Foods Market,,Whole Foods Market Cranberry Biscotti PLU 41712 packaged in a clear plastic clam shell container
,retailer_self,False,FDA,87900,2021-06-09,"Wegmans Food Markets, Inc.","Rochester, NY",Wegmans,Wegmans,,"Wegmans brand Bagged Ice, 7lb, packaged in a clear plastic bag"
,retailer_self,False,FDA,87943,2021-06-09,"Wegmans Food Markets, Inc.","Rochester, NY",Wegmans,Wegmans,,"Wegmans Food You Feel Good About Everything Bagel Seasoned Hummus, 8oz packaged in a clear plastic container with a clear plastic snap lid"
,retailer_self,False,FDA,87994,2021-06-09,"Giant Eagle, Inc.","Pittsburgh, PA",Ahold Delhaize,Giant Eagle,,"Giant Eagle Chicken Street Taco Kit; 20 oz (1 lbs 4 oz) Individual Units, PLU Code beginning  256598 00000"
,retailer_self,False,FDA,87991,2021-06-16,Hy-Vee Stores Inc,"West des Moines, IA",Hy-Vee,Hy-Vee,,"Hy-Vee  Chicken Street taco kit, Net Wt. 18 OZ, UPC 282503 212993."
,retailer_self,False,FDA,88131,2021-07-07,"Wegmans Food Markets, Inc.","Rochester, NY",Wegmans,Wegmans,,"Somerdale Red Dragon Cheddar Cheese, cut and repacked in plastic cheese wrap by Wegmans and sold by the pound."
,retailer_self,False,FDA,88632,2021-09-22,"Whole Foods Market Brand 365, Llc","Austin, TX",Whole Foods,Whole Foods Market,,"Whole Foods Market - Vegan Croissant 4 Count CONTAINS WHEAT, SOY May contain other allergens due to shared production areas, NET WT 0lb 11oz (312g) PLU 69435 packaged in clear plastic container"
,retailer_self,False,FDA,88690,2021-09-29,The Kroger Co,"Cincinnati, OH",Kroger,Kroger,,Kroger Kale Bag  16oz plastic bag  8 packages per case
,retailer_self,False,FDA,88765,2021-10-27,"Whole Foods Market Brand 365, Llc","Austin, TX",Whole Foods,Whole Foods Market,,"Whole Foods Market Everyday Double Crust Apple Pie sold in clear plastic clamshell with scale label applied. Sold as whole pie or by the slice. PLUs 33404, 74272, 74259 | Whole Foods Market Everyday Double Crust Cherry Pie sold in clear plastic clamshell with scale label applied. Sold as whole pie or by the slice. PLUs 74874, 74401, 33405"
,retailer_self,False,FDA,88855,2021-11-10,Meijer Inc,"Grand Rapids, MI",Meijer,Meijer,,"Fresh From Meijer, Honey Ham & Cheddar Pretzel Roll Sliders, 6.24 Oz., Plastic clam-shell - clear lid, black bottom, UPC 7-13733-76501-5 | Fresh From Meijer, Turkey & Provolone Pretzel Roll Sliders, 6.4 Oz., Plastic clam-shell - clear lid, black bottom, UPC 7-13733-76500-8"
,retailer_self,False,FDA,89065,2021-12-15,"Whole Foods Market Brand 365, Llc","Austin, TX",Whole Foods,Whole Foods Market,,Whole Foods Market Cookies and Cream Single Layer Cake 8 inch NET WT 3lb 0 oz. (1361g) PLU: 39544 packaged in a clear plastic dome
,retailer_self,False,FDA,89108,2021-12-15,Trader Joes Company,"Monrovia, CA",Trader Joe's,Trader Joe's,,"Trader Joe's Organic Blue Corn Tortilla Chips: 16 oz. bag, 15 bags per case"
,retailer_self,False,FDA,89147,2022-01-05,"Giant Eagle, Inc.","Pittsburgh, PA",Ahold Delhaize,Giant Eagle,,"Giant Eagle Diced Green Peppers, 10 oz. 283 g, Frozen bag, 12 packages per case , Best By 10/14/2023 ."
,retailer_self,False,FDA,89633,2022-03-09,"Wegmans Food Markets, Inc.","Rochester, NY",Wegmans,Wegmans,,Wegmans brand Roasted Garlic hummus; NET WT 32 OZ (2 LB) 908 g; packaged in clear plastic container with a clear plastic snap lid; Keep Refrigerated
,retailer_self,False,FDA,89617,2022-03-09,Albertsons Companies LLC,"Boise, ID",Albertsons,Signature Select,,Signature Select Cookie Dough Ice Cream  Vanilla Flavored ice cream with chocolate flavored chips and chunks of chocolaty chip cookie dough.  Artificial Flavor added.  1.5 qt. paper container. 6 retail units per case.    UPC 2113008803    Some container were filled with Black Walnut Ice cream. Lid correctly identified product as Black Walnut Ice Cream.
,retailer_self,False,FDA,89528,2022-03-09,"Whole Foods Market Brand 365, Llc","Austin, TX",Whole Foods,Whole Foods Market,,Whole Foods Market Vanilla Short Bread Cookies packaged in clear plastic container with a white scale label applied PLU 66705
,retailer_self,False,FDA,89957,2022-04-20,"Giant Eagle, Inc.","Pittsburgh, PA",Ahold Delhaize,Giant Eagle,,"Giant Eagle, Happy Face Cookie 4 Pack 25051900000, 11 oz, Clam Shell | Giant Eagle, Happy Face Cookie Single 25065900000"
,retailer_self,False,FDA,90077,2022-06-08,"Wegmans Food Markets, Inc.","Rochester, NY",Wegmans,Wegmans,,"Wegmans Food You Feel Good About Lobster Bisque - 16 oz packaged in a 4 x 4 x 3.75"" clear plastic tub with a snap on lid."
,retailer_self,False,FDA,91093,2022-11-16,"Whole Foods Market Brand 365, Llc","Austin, TX",Whole Foods,Whole Foods Market,,"Whole Foods Market Dipping Caramel, PLU 34888 sold by the pound and packaged in nonflexible plastic containers"
,retailer_self,False,FDA,91203,2022-12-14,"Weis Markets, Inc., Ice Cream Division","Sunbury, PA",Weis,Weis Quality,,Weis Quality Premium Ice Cream Sea Salt Caramel Ripple 1.5 Quart (1.42 L) UPC 041497-01288
,retailer_self,False,FDA,91352,2023-01-18,Meijer Inc,"Grand Rapids, MI",Meijer,Meijer;True Goodness,,"True Goodness by Meijer Oat-Based Plain Yogurt Alternative, 24oz plastic tub, UPC: 7-13733-03918-5"
,retailer_self,False,FDA,91382,2023-02-01,"Wegmans Food Markets, Inc.","Rochester, NY",Wegmans,Wegmans,,Wegmans Organic Baby Kale & Baby Spinach with Sweet Pea Leaves; 5 oz | Wegmans Organic Farm & Orchard Micro Greens; 1.75 oz
,retailer_self,False,FDA,91437,2023-02-08,"Wegmans Food Markets, Inc.","Rochester, NY",Wegmans,Wegmans,,"Wegmans bakery Tiramisu, Half Tiramisu, and Tiramisu Slices; Made with No Gluten-Containing Ingredients; ALLERGENS: Contains Egg, Milk, Soy, Other allergens may be present due to shared preparation area."
,retailer_self,False,FDA,92128,2023-05-10,Albertsons Companies LLC,"Boise, ID",Albertsons,Signature Select,,"Signature Select Nuts & Grain Bread NET WT 20 OZ (1 LB 8 OZ) 680 g Ingredients: Unbleached enriched wheat flour (wheat flour, malted barley flour, reduced iron, niacin, thiamine, mononitrate, riboflavin, folic acid), water, walnuts, whole grain bulgur wheat, whole grain oats, sunflower seeds, whole grain rye, whole grain triticale, whole grain barley, organic whole grain cornmeal, flax seeds millet, whole grain brown rice, whole grain sorghum, amaranth, pumpkin seeds, whole grain buckwheat flour, whole grain quinoa, whole wheat flour, wheat gluten, contains 2% or less of yeast, liquid sugar, soybean oil, sea salt, molasses, hazelnuts, dough conditioners (may contain one or more of sodium stearoyl lactylate, ethoxylated mono-and diglycerides, monocalcium phosphate, calcium sulfate, ascorbic acid), calcium propionate, sorbic acid (to maintain freshness), acesulfame potassium, sucralose, corn starch, cultured wheat, vinegar, enzymes Contains: tree nuts (walnut, hazelnut), wheat Distributed By Better Living Brands LLC P.O. Box 99 Pleasanton, CA 94566-0009 1-888-723-3929 www.betterlivingbrandsLLC.com  UPC: 2113018383 | Signature Select Oat & Nuts Bread NET WT 20 OZ (1 LB 8 OZ) 680 g Ingredients: Unbleached enriched wheat flour (wheat flour, malted barley flour, reduced iron, niacin, thiamine, mononitrate, riboflavin, folic acid), water, whole grain, oats, liquid sugar, yeast, hazelnuts, molasses, wheat gluten, contains 2% or less of soybean oil and or canola oil, sea salt, dough c"
,retailer_self,False,FDA,92119,2023-05-17,Meijer Inc,"Grand Rapids, MI",Meijer,Meijer,,Fresh From Meijer Chicken Cobb Salad 8.8 Oz UPC - 719283679321 | Fresh From Meijer Chicken BLT Salad 8.2 Oz UPC - 719283679307 | Fresh From Meijer Tomato Caprese Salad 6 Oz UPC - 713733246101 | Fresh From Meijer Cranberry Spinach Shareable Salad 12 Oz UPC - 708820304321 | Fresh From Meijer Chicken Caesar Salad 6.4 Oz UPC - 760236117452 Fresh From Meijer Chicken Caesar Shareable Salad 10 Oz UPC - 719283679338 | Fresh From Meijer Southwest Chicken Salad 8.8 Oz UPC - 760236488323 | Fresh From Meijer Michigan Harvest Salad 6.7 Oz UPC - 719283679291 | Fresh From Meijer Shareable Garden Salad 11.5 Oz UPC - 713733295376 | Fresh From Meijer Mediterranean Salad - 6.5 Oz UPC - 713733246132 | Fresh From Meijer Avocado Chicken Bacon Ranch Salad 8 Oz UPC - 713733246118
,retailer_self,False,FDA,92302,2023-05-31,Meijer Inc,"Grand Rapids, MI",Meijer,Meijer,,"Meijer Sweet & Salty Trail Mix 12oz. pouch, UPC 7 08820 10371 9"
,retailer_self,False,FDA,92393,2023-06-14,Meijer Inc,"Grand Rapids, MI",Meijer,Frederik's by Meijer;Meijer,,"Frederik's by Meijer Dark Chocolate Almonds, 12oz stand-up pouch, UPC 7-08820-68730-1 | Meijer Express Dark Chocolate Covered Almonds, 7.5oz plastic cup with lid, UPC 7-60236-19787-4"
,retailer_self,False,FDA,92972,2023-10-04,"Weis Markets, Inc., Ice Cream Division","Sunbury, PA",Weis,Weis Quality,,Weis Quality Brownie Moose Tracks Ice Cream (48oz)UPC of 041497-01194 Packaged in a scround container. 6 units per case.
,retailer_self,False,FDA,93283,2023-11-01,The Kroger Co,"Cincinnati, OH",Kroger,Kroger,,Kroger Collard Greens packaged in plastic 16oz bag - 8 bags per case
,retailer_self,False,FDA,93645,2024-01-03,Wakefern Foods Corp.,"Keasbey, NJ",Wakefern/ShopRite,Bowl & Basket,,"Bowl & Basket Zero Calorie with Sucralose Sweetener 100 count, UPC 0-41190-06855-5, 12 retail cartons per wholesale case"
,retailer_self,False,FDA,93695,2024-01-31,"Publix Super Markets, Inc.","Lakeland, FL",Publix,Publix,,"Publix Custom Burrito Bowls, variable weights and sizes, packed in plastic containers, intended for immediate consumption. | Publix Custom Made Pizzas, variable weights and sizes, packed in cardboard box, intended for immediate consumption. | Publix Self Service Salad from the Salad Bar, variable weights and sizes, packed in plastic containers, intended for immediate consumption. | Publix Custom Made Platters, variable weights and sizes, packed in plastic containers, intended for immediate consumption (https://www.publix.com/mc/order-ahead/order-deli-platters?nav=header). | Publix Deli Chicken Street Tacos for Two, variable weights and sizes, packed in plastic containers, intended for immediate consumption (https://www.publix.com/pd/publix-deli-chicken-street-tacos-for-two/RIO-PCI-238408?origin=search1). | Publix Custom Made Sub Sandwiches, variable weights and sizes, individually wrapped in paper, intended for immediate consumption (https://www.publix.com/menu-subs-and-wraps?merch=hp_viz_nav_subs_wraps)."
,retailer_self,False,FDA,94206,2024-03-27,Albertsons Companies LLC,"Boise, ID",Albertsons,Signature Select,,"Signature Select, Athens, and Cal Pia brand Bread Butter White Bread 22 oz. loaf"
,retailer_self,False,FDA,94529,2024-06-05,H-E-B San Antonio Retail Support Center (SARSC),"San Antonio, TX",H-E-B,H-E-B,,3-ounce H-E-B Creamy Creations Ice Cream Lime/Orange Combo - 12 pack | 3-ounce H-E-B Creamy Creations Ice Cream Homemade/Chocolate Combo -12 pack | 3-ounce H-E-B Creamy Creations Chocolate Ice Cream-12 pk
,retailer_self,False,FDA,94579,2024-06-05,Hy-Vee Stores Inc,"West Des Moines, IA",Hy-Vee,Hy-Vee,,"Hy-Vee To Go Cookies & Cream Mix, Net wt. 4 oz (113g), UPC 0075450486740, 6 containers per case.  Hy-Vee Cookies & Cream Mix, Net Wt. 16oz (453g), UPC 0075450486730, 6 containers per case."
,retailer_self,False,FDA,95137,2024-08-28,Meijer Inc,"Grand Rapids, MI",Meijer,Meijer,,"MEIJER DUNKING COOKIES CHOCOLATE CHIP, 10oz in clear plastic container.  UPC 7-13733-71297-2"
,retailer_self,False,FDA,95457,2024-10-23,Walmart Inc,"Bentonville, AR",Walmart,Great Value,,"Great Value Diced Peaches, Mandarin Segments, & Cherry Mixed Fruits Variety Pack, 4 oz, 12 Pack | Great Value Cherry Mixed Fruit, 4 oz, 4 Count and 12 count plastic cups sealed with clear film."
,retailer_self,False,FDA,95744,2024-12-11,"Wegmans Food Markets, Inc.","Rochester, NY",Wegmans,Wegmans,,Wegmans Large Asian Sesame Salad with Chicken and Asian Peanut Dressing.
,retailer_self,False,FDA,95893,2024-12-18,Walmart Inc,"Bentonville, AR",Walmart,Marketside,,"Marketside Fresh Cut Cucumber Slices.  In clear deli plastic container with lid.  Weights vary.  Perishable.  Keep Refrigerated. Distributed by Walmart, Inc., Bentonville, AR  72716."
,retailer_self,False,FDA,95669,2025-01-08,Sam'S Club,"Bentonville, AR",Sam's Club,Member's Mark,,"Member's Mark Hatch Chile Chicken Enchiladas, ready to cook, perishable, packaging type: aluminum/black oven-safe tray Net wt. variable - average 1.52 lbs. UPC 00226529000004, UPC 00409802813793"
,retailer_self,False,FDA,96275,2025-03-12,Amazon Retail LLC,"Seattle, WA",Amazon,Amazon Fresh,,"ASIN B0CY2RDW5T, Amazon Fresh brand, Bake at Home Jumbo Sugar Cookie 30oz, product is frozen dough, and packaged in flexible plastic bag. UPC 446472006995. | ASIN B084PZ7K98, Amazon Fresh Jumbo Sugar Cookie, 27 oz (12 count), product is baked and packaged in flexible plastic bag. 4-day shelf life. UPC 465712007998.  ASIN B084PX9V31, Amazon Fresh Jumbo Sugar Cookie, 2.3 oz (1 count), product is baked and sold from open pastry tray in store. 0 day shelf life. No UPC."
,retailer_self,False,FDA,96932,2025-06-11,Walmart Inc,"Bentonville, AR",Walmart,Marketside,,"Fresh cut cucumber slices, Marketside, packaged in clear plastic circular container with clear plastic lid and white adhesive label with black print, Walmart, Inc. Bentonville, AR 72716"
,retailer_self,False,FDA,96883,2025-06-11,"Publix Super Markets, Inc.","Lakeland, FL",Publix,GreenWise;Publix,,"Greenwise Pear Kiwi Spinach & Pea Baby Food Pouch. Net Wt 4 oz. (113g). Stage 2 6 months+, Best if"" date of 11/01/2025. Packed in 14 pouches per case, 4 oz per pouch. Distributed by Publix Super Markets, Inc. 3300 Publix Corporate Parkway Lakeland, FL 33881."
,retailer_self,False,FDA,97015,2025-07-02,Target Corporation,"Minneapolis, MN",Target,Good & Gather,,"Grilled Chicken Greek Style Salad with Balsamic Dressing.  Keep Refrigerated.   Distributed by SuperTarget, Mpls, MN  55403.  Packaged under the following Labels:   1.  Good & Gather, Net Wt. 11.0 oz (0.688lb).  UPC 233219000008.   2.  Boar's Head, Net Wt. 11.2 oz UPC 233218000009."
,retailer_self,False,FDA,97077,2025-07-09,"Meijer, Inc #816 - Grand River Packaging","Grandville, MI",Meijer,Frederik's by Meijer;Meijer,,"Frederik's by Meijer Dark Chocolate Almonds 12 oz. resealable bag, UPC 7 08820 68730 1, 6 retail units per wholesale case.   Frederik's by Meijer Dark Chocolate Almond 12 oz. box of 8, 1.5 oz. individual serving pouches, UPC 7 19283 11923 0, 6 retail units per wholesale case."
,retailer_self,False,FDA,97085,2025-07-16,"Wegmans Food Markets, Inc.","Rochester, NY",Wegmans,Wegmans,,Wegmans brand Mini Muffins; CHOCOLATE CHIP; NET WT 13.5 OZ; packaged in plastic clamshell; UPC 7789053223 | Wegmans brand Mini Muffins; Blueberry; NET WT 20 OZ (1 LB 4 OZ) 567 g; FAMILY PACK; packaged in plastic clamshell; UPC 7789053227 | a. Wegmans brand Mini Muffins; FRENCH TOAST; NET WT 22 OZ (1 LB 6 OZ) 624 g; FAMILY PACK; packaged in plastic clamshell; UPC 7789058612  b. Wegmans brand Mini Muffins; FRENCH TOAST; NET WT 13 OZ (369 g); packaged in plastic clamshell; UPC: 7789052435
,retailer_self,False,FDA,97366,2025-08-13,Dollar General Corporation,"Goodlettsville, TN",Dollar General,Clover Valley,,"Twister Fruit Punch, 59 FL OZ (1.84 QT) 1.75 L, packaged in a paper carton, UPC: 048500021231 | Milo's Famous Sweet Tea, 128 FL OZ (1 GAL) 3.78 L, packaged in a plastic jug, UPC: 091475511009 | Minute Maid Tropical Punch, 59 FL OZ (1.8 QT) 1.75 L, packaged in a paper carton, UPC: 025000047695 | Clover Valley Lactose Free 2% Reduced Fat Milk, 64 FL OZ (2 QTS) 1.89 L, packaged in a paper carton, UPC: 070744010085 | Pillsbury Cinnamon Rolls Original Icing, 8 ct., NET WT 12.4 OZ (351g), packaged in a cardboard and aluminum tube, UPC: 018000005017 | Silk Vanilla AlmondMilk, 64 FL OZ (2 QT) 1.89 L, packaged in a paper carton, UPC: 025293000995 | Yoplait Original Harvest Peach Yogurt, 6 OZ (170g), packaged in a plastic cup, UPC: 170470003075 | Shamrock Farms Whole Milk, 12 FL OZ (354 ML), packaged in a plastic bottle, UPC: 028300000896 | Minute Maid Fruit Punch, 59 FL OZ (1.8 QT) 1.75 L, packaged in a paper carton, UPC: 025000047732 | Yoplait Original Strawberry Banana Yogurt, 6 OZ (170g), packaged in a plastic cup, UPC: 170470003136 | Velveeta Slices Sharp Cheddar, 16 ct., NET WT 12 OZ (340g), packaged in plastic/cardboard, UPC: 021000044894 | Shamrock Farms Chocolate Rockin' Protein Builder Protein Shake, 12 FL OZ (354 ML), packaged in a plastic bottle, UPC: 028300004054 | 1) Clover Valley Vitamin D Whole Milk, 1 GAL (3.78 L), packaged in a plastic jug, UPC: 070744002196 2) Clover Valley Vitamin D Whole Milk, 1/2 GAL (1.89 L), packaged in a plastic jug, UPC:  070744009645 | Choban"
,retailer_self,False,FDA,97386,2025-08-20,Dollar General Corporation,"Goodlettsville, TN",Dollar General,Clover Valley,,"Clover Valley Instant Coffee, NET WT 8 OZ (227 g), packaged in a glass jar, packed 6 jars per case, UPC: 876941004069, Distributed By Old East Main Co. 100 Mission Ridge Goodlettsville, TN 37072"
,retailer_self,False,FDA,97435,2025-09-17,"Wegmans Food Markets, Inc.","Rochester, NY",Wegmans,Wegmans,,"Wegmans Grilling Camembert with Tapenade & Roasted Tomatoes - 10 OZ - Overwrapped black and gold metal tray  UPC: 2-77297-XXXXX-0   (X - varies by weighted price) | Wegmans Medium Camembert Soft Ripened Cheese - 8.8oz - Round wooded container; UPC: 2-77467-00000-7 , 0-77890-53515-8 | Wegmans Assorted Cheese Flight - Varies (sold by the lb) - Black Plastic container with clear lid  UPC: 2-77100-XXXXX-5   (X - varies by weighted price) | Wegmans Caramel Apple Pecan Topped Brie Cheese -Small - 13 OZ - Clear plastic container with lid  UPC: 2-77645-XXXXX-3   (X - varies by weighted price)"
,retailer_self,False,FDA,97759,2025-10-29,"Wegmans Food Markets, Inc.","Rochester, NY",Wegmans,Wegmans,,"Wegmans Large Ultimate Blueberry Topped Cheesecake, Net Wt. 58 oz (3.63 lb) (1.64 kg) | Wegmans Large Ultimate Plain Cheesecake, Net Wt. 50 oz. (3.13lb) (1.42kg) | Wegmans Large Ultimate Cherry Topped Cheesecake, Net Wt. 58 oz. (3.63 lb) (1.64kg) | Wegmans Large Ultimate Strawberry Topped Cheesecake, Net Wt. 58 oz. (3.63 lb) (1.64 kg) | Large Ultimate Fresh Fruit Topped Cheesecake, Net Wt.  55 oz. (3.44 lb) (1.56kg) | Wegmans Brulee Cheesecake Large, Net Wt.  51 oz. (3.19 lb) (1.45kg)"
,retailer_self,False,FDA,97783,2025-10-29,Sprouts Farmers Market,"Phoenix, AZ",Sprouts,Sprouts Farmers Market,,"Sprouts Smoked Mozzarella Pasta Salad, RTE Pasta Salad, Refrigerated, 5 day shelf life, packaged into plastic containers at Deli counter and into 16oz plastic grab & go containers, weight dependent on customer request, UPC 2-15587-00000 (from service case) and 2-15786-00000 (from Grab & Go), Sprouts Farmers Market 5455 E High St., Suite 111 Phoenix, AZ 85054."
,retailer_self,False,FDA,97738,2025-10-29,The Kroger Co,"Cincinnati, OH",Kroger,Kroger,,"Basil Pesto Bowtie Pasta Salad, packaged in plastic containers with various weights, with UPC 217573-1XXXX (sold at deli service counters) or UPC 217573-2XXXX (sold as Grab-n-Go packages in deli departments), under the banners Kroger, Baker's, City Market, Dillons, Fred Meyer, Fry's, Gerbes, King Soopers, Payless, Ralphs and Smith's | Smoked Mozzarella Penne Salad, packaged in plastic containers with various weights, with UPC 227573-1XXXX (sold at deli service counters) or UPC 227573-2XXXX (sold as Grab-n-Go packages in deli departments), under the banners Kroger, Baker's, City Market, Dillons, Fred Meyer, Fry's, Gerbes, King Soopers, Payless, Ralphs and Smith's"
,retailer_self,False,FDA,97837,2025-11-26,"Publix Super Markets, Inc.","Lakeland, FL",Publix,Publix,,Publix Rich & Creamy Vanilla Ice Cream
,retailer_self,False,FDA,97965,2025-12-10,Costco Wholesale Corporation,"Issaquah, WA",Costco,Kirkland Signature,,"Costco Item# 11444 Kirkland Signature Chicken Sandwich with Caesar Salad, refrigerated, packaged in clear plastic clamshell container. The net weight varies as it is sold by weight.  This product contains 3oz. sealed packet of Caesar Dressing. | Costco Item# 19927 Kirkland Signature Caesar Salad, refrigerated, packaged in clear plastic clamshell container. The net weight varies as it is sold by weight. This product contains 3oz. sealed packet of Caesar Dressing."
,retailer_self,False,FDA,98044,2025-12-31,"Wegmans Food Markets, Inc.","Rochester, NY",Wegmans,Wegmans,,"Locatelli Pecorino Romano Cheese Grated (Wegmans #270010) Packaged and sold by the pound Packaged in cylindrical clear plastic tubs with lid UPC: 2-77580-XXXXX-7, where X is the unit price of the container"
,retailer_self,False,FDA,98204,2026-01-14,Meijer Inc,"Grand Rapids, MI",Meijer,Meijer,,"Meijer Steam Distilled Water, 128 FL OZ (1 GAL) 3.78L, packaged in a plastic jug with red plastic lid, UPC 041250841197, Dist. By Meijer Distribution, Inc. Grand Rapids, MI 49544, packed 4 per case"
,retailer_self,False,FDA,98331,2026-02-11,WinCo Foods LLC,"Boise, ID",WinCo,WinCo;WinCo Foods,,"WinCo Foods Deli Margherita Pizza Thin Crust, Item #67279. Net wt. 17oz. UPC 0267279 807987. Product is Take & Bake and sold refrigerated in a plastic flexible film as a single retail unit with a 5 day Sell-By date.  Distributed by WinCo Foods 650 N. Armstrong Pl. Boise, ID."
,retailer_self,False,FDA,98375,2026-02-18,Costco Wholesale Corporation,"Issaquah, WA",Costco,Kirkland Signature,,"Kirkland Signature Costco item #1181272 Mini Beignets filled with Caramel 22CT. UPC 000011 812722. Product is packaged in a clear clamshell container. ALLERGENS INFORMATION: CONTAINS WHEAT, EGG, MILK, SOY. Distributed by Costco Wholesale Corp. PO Box 34535 Seattle, WA."
,retailer_self,False,FDA,98734,2026-04-29,Costco Wholesale Corporation,"Issaquah, WA",Costco,Kirkland Signature,,"Kirkland Signature Traditional Madeleines 12 Count/net wt. 18oz., Item #2000012, UPC 000020000127. Plastic clamshell container is packed with 9 pieces of Filled Heart Madeleines.  Distributed by Costco Wholesale Corp. Seattle, WA.   Label of recalled package is read in part: TRADITIONAL MADELEINES***INGREDIENTS: WHEAT FLOUR **EGGS, BUTTER (CREAM) ***ALLERGEN INFORMATION: CONTAINS WHEAT, EGG, MILK*** PRODUCED ON EQUIPMENT THAT ALSO PROCESSES PEANUTS, TREE NUTS AND SESAME***."
,retailer_self,False,FDA,98860,2026-05-13,Target Corporation,"Minneapolis, MN",Target,Good & Gather,,"Good & Gather Fresh from Our Deli.  Sesame Teriyaki Chicken with Rice.  Net Wt 18.0 oz (1.125lb).  Keep Refrigerated.  DPCI # 878-02-0227.  UPC (01) 00250086000009 (3922) 00999.   Distributed by SuperTarget Mpls, MN  55403."
,sold_at_only,False,FDA,62695,2012-09-12,Clif Bar And Company,"Emeryville, CA",,,,"CLIF Bar Brand Coconut Chocolate Chip CLIF Bars, 6-pack boxes, UPC: 7-22252-66030-5    Product is manufactured by  Harlan Bakeries in Indianapolis, IN. | CLIF Bar Brand White Chocolate Macadamia CLIF Bar, 2.4 oz (68g), Individually wrapped bars    Product is manufactured by  Harlan Bakeries in Indianapolis, IN."
,sold_at_only,False,FDA,62629,2012-11-28,"Sartori Inspirations, LLC","Lafayette, CO",,,,"Smoked Gouda packaged in 7 oz clear plastic containers, manufactured by Sartori Inspirations, LLC, Lafayette, CO 80026. | Famous Thick Salsa packaged in 7 oz clear plastic containers, manufactured by Sartori Inspirations, LLC, Lafayette, CO 80026. | Spinach Feta Dip packaged in 7 oz clear plastic containers, manufactured by Sartori Inspirations, LLC, Lafayette, CO 80026. | Salsa Cream Cheese packaged in 7 oz clear plastic containers, manufactured by Sartori Inspirations, LLC, Lafayette, CO 80026. | Pimento Cheese packaged in 7 oz clear plastic containers, manufactured by Sartori Inspirations, LLC, Lafayette, CO 80026. | Kalamata Tapenade packaged in 7 oz clear plastic and 5 lb white plastic capacity containers, manufactured by Sartori Inspirations, LLC, Lafayette, CO 80026. | Mediterranean Tapenade packaged in 7 oz clear plastic and 5 lb capacity white plastic tubs, manufactured by Sartori Inspirations, LLC, Lafayette, CO 80026. | Tex Mex Smoked Gouda packaged in 7 oz clear plastic containers, manufactured by Sartori Inspirations, LLC, Lafayette, CO 80026. | Mango Salsa packaged in 7 oz clear plastic containers, manufactured by Sartori Inspirations, LLC, Lafayette, CO 80026. | Jalapeno Pimento Cheese packaged in 7 oz clear plastic containers, manufactured by Sartori Inspirations, LLC, Lafayette, CO 80026."
,sold_at_only,False,FDA,63546,2012-12-19,Costco Wholesale,"Issaquah, WA",,,,"Cold-Smoked Atlantic Salmon in vacuum packed plastic, labeled in part: ""FOPPEN NORWEGIAN SMOKED SALMON SLICES INCLUDES PACKET OF HONEY MUSTARD DILL SAUCE READY TO EAT PEPPERED TRADITIONAL DILL NET WT 12oz / 341g (291g Salmon + 50g Sauce 8 712224 129277***INGREDIENTS SALMON: Atlantic Salmon (Salmo salar), salt, pepper, dill, paprika, parsley, smoke, color added***Manufactured by: Foppen Salmon Daltonstraat 24, 3846 BX HARDERWIJK, The Netherlands***"""
,sold_at_only,False,FDA,63937,2013-06-19,Whole Foods Market,"Austin, TX",,,,Natures Path Hemp Plus Granola sold in bulk bins at Whole Foods PLU 8106
,sold_at_only,False,FDA,63234,2013-07-17,"Del Monte Fresh Produce North America, Inc","Dallas, TX",,,,"Fruit Bowl, generic, 48 oz., sold at Wal-Mart, UPC 7-17524-77687-7 | Del Monte brand Tropical Blend, 7 oz., Lot number 05262101; 16 oz., UPC 7-17524-77868-7 | 7 Eleven brand Strawberry/Kiwi/Mango, 6 oz., UPC 0-52548-51979-7 | Del Monte brand Tropical Fruit Medley, 16 oz., UPC 7-17524-77649-5 | Apple Blend, generic, 16 oz., sold at Wal-Mart, UPC 7-17524-77626-6 | 7 Eleven brand Pineapple/Mango/Grape, 6 oz., UPC 0-52548-51986-5 | Del Monte brand Tropical Fruit Bowl, 28 oz., UPC 7-17524-77651-8; 64 oz., UPC 7-17524-77834-5 | Seasonal Blend: Del Monte brand, 32 oz., UPC 7-17524-77604-4; 7 Eleven brand, 6 oz., UPC 7-17524-77647-1; 16 oz., UPC 7-17524-77647-1; Wal-Mart, 10 oz., UPC 7-17524-77815-4; 16 oz., UPC 7-17524-77603-7; 32 oz., UPC 7-17524-77604-4 | Mango (Fresh Cut): Del Monte brand slices, 32 oz., UPC 7-62357-07532-1, 32 oz., UPC 7-17524 72503-5; 16 oz., UPC 7-17524-71902-7, 8 oz., UPC 7-17524-72506-7, UPC 7-17524-72506-6; Del Monte brand chunks, 7 oz.,  7 Eleven brand chunks, 6 oz., UPC 0-52548-52070-0"
,sold_at_only,False,FDA,68077,2014-05-14,"Wegmans Food Markets, Inc.","Rochester, NY",,,,"Scale label printed with ""EASTER BREAD NET WT 17oz (1.06lb)"" UPC 0 77890 32431 8, packaged in clear plastic bag"
,sold_at_only,False,FDA,68166,2014-05-28,Whole Foods Market Group Inc.,"Everett, MA",,,,"Bolivian Artichoke Salad sold at Whole Foods 10 lb bulk bags, refrigerated"
,sold_at_only,False,FDA,71396,2015-07-01,"San Francisco Spice Company, Inc.","South San Francisco, CA",,,,"Eating Right Black Bean Soup; 1.3 oz paper container. Dried soup to which consumer adds hot water. USPC: 79893-80026;  Ingredients: Ingredients: Black Beans*, Vegetables* (Tomato, Potato, Corn, Peppers, Garlic), Natural Flavor (Yeast Extract, Maltodextrin, Sunflower Oil, Silicon Dioxide, Natural Flavor), Spice, Salt, Oregano.* *Dried    Cases of Eating Right Spicy Thai Soup (12 x 1.3 oz. containers per case), USPC:  79893-80030.   Ingredients: Please note that Spicy Thai Noodle has noodles in a cup and then a sealed flavor packet inside the cup which consumers must open and pour out.  Ingredients: Noodles* (Durum Semolina Wheat Flour, Niacin, Ferrous Sulfate (Iron), Thiamine Mononitrate, Riboflavin, Folic Acid), Vegetables* (White Onion, Green Onion, Garlic, Bell Pepper, Shallots), Natural Flavors (Yeast Extract, Tapioca Maltodextrin, Chicken Fat, Dextrose, Salt, Potassium Chloride, Anchovy (Fish), Lactic Acid, Glycerine, Silicon Dioxide), Dried Cane Syrup, Soy Sauce* (Soybeans, Wheat), Sesame (Seeds and Oil), Spices (Including Mild Chilies, Lemongrass, Ginger, Black Pepper, Cumin, Cayenne, Turmeric), Lime*, Cilantro*, Basil*, Citric Acid, Guar and Xanthan Gum, Tamarind*, Extract of Paprika. *Dried      Eating Right is a SafeTway brand name and is only sold in Safeway stores and their subsidiaries of Vons.    Mfg for Safeway by San Francisco Spice Co., So. San Francisco, CA."
,sold_at_only,False,FDA,71416,2015-07-08,Walgreen Company,"Deerfield, IL",,,,Nice! Powdered Sugar Mini Donuts 11.5 oz packaged in a white and pink box with with pink and black lettering.
,sold_at_only,False,FDA,71422,2015-07-22,Kraft Foods North America,"Granite City, IL",,,,"CapriSun Variety Pack, with a multi colored plastic wrap with white and yellow lettering, covering 4 cartons. The 4 cartons consist of fruit punch (the effected product), wild cherry, pacific cooler, and strawberry kiwi.Fruit Punch Flavored Juice Drink Blend in a blue box with white lettering and fruit pictures. The carton contains 10,6 oz pouches."
,sold_at_only,False,FDA,71705,2015-08-19,"D & D Foods, Inc.","Omaha, NE",,,,"Dijon Mustard Potato Salad, NET WT 3 LB (1.36 kg)"
,sold_at_only,False,FDA,72358,2015-11-04,"New England Natural Bakers, Inc.","Greenfield, MA",,,,"Trader Joes Coconut Cranberry Granola (SKU 51131), packaged in a 16 oz. box, with Best By date 08/19/16 printed at the top of the package UPC Code: 0051 1315 printed on side panel."
,sold_at_only,False,FDA,73158,2016-03-02,"House Of Flavors, Inc.","Ludington, MI",,,,"Purple Cow Limited Edition Cookie Butter Ice Cream, 8 oz. cups, packed in paper cartons"
,sold_at_only,False,FDA,73956,2016-06-01,Sinco,"Belmont, MA",,,,"archer farms Greek-Inspired Spinach & Feta Cheese ARTISAN PIZZA, NET WT 14.9 OZ (425g). UPC Code: 0-85239-30714-4. Pizza is frozen."
,sold_at_only,False,FDA,73976,2016-08-03,Bakery Express of Southern California,"Fullerton, CA",,,,7-ELEVEN  FRESH TO GO  OATMEAL RAISIN COOKIE  NET WT. 4.0 OZ  UPC: 052548558758 | 7-ELEVEN  FRESH TO GO  CHOCOLATE CHUNK COOKIE  NET WT. 4.0 OZ  UPC: 052548558741
,sold_at_only,False,FDA,74807,2016-09-28,Arcobasso Foods,"Hazelwood, MO",,,,"Panera Bread Balsamic Vinaigrette Dressing, NET 20 FL OZ (1.25 PT) 591 mL, most responsible firm on the label is Panera Bread St. Louis, MO 63127 PaneraAtHome.com.  Product packaged in plastic bottles and shrink wrapped as a twin pack (2 bottles together).  UPC code is 018959753168 for the single bottle.  The UPC code for the twin pack is 018959753175."
,sold_at_only,False,FDA,72470,2016-10-12,DesignPac Gifts Inc LLC,"Melrose Park, IL",,,,Elegant sophistication gift basket containing apple cidar in glass bottles. The label on the back of the gift basket is white with black lettering.
,sold_at_only,False,FDA,75343,2016-10-26,Fred Meyers Inc,"Portland, OR",,,,"Product is refrigerated Boars Head To Go (BTG) Superfood Wrap, sold at deli department.  The wraps are made in store and the weight varies and they are sold as one each (wrap).   The UPC is  41573 11053."
,sold_at_only,False,FDA,78417,2017-11-22,DSD MERCHANDISER INC,"Livermore, CA",,,,"Dark Chocolate Almonds;  Packaged in 11 oz. pre-packed plastic cups;  UPC: 6-51433-66300-5  Also sold in 20 lb. bulk.  Sold in bulk bins at Albertsons/Safeway/Vons/Pak 'N Save) - PLU 21881;  UPC: 6-51433-10004-3  Bulk bins at Nugget Markets - PLU 6630;  UPC: 6-51433-10004-3    Ingredients: Dark Chocolate (sugar, chocolate liquor, cocoa butter, chocolate liquor processed with alkali, soy lecithin [an emulsifier], salt, natural flavor), Almonds, water, gun Arabic, Confectioner's Glaze, Modified Starch (tapioca), Coconut oil.  Contains: Almonds, soy and other tree nuts  May contain wheat, peanuts, milk    Distributed by DSD Merchandisers, Inc., Livermore, CA 94568"
,sold_at_only,False,FDA,79626,2018-05-02,Whole Foods Market,"Emeryville, CA",,,,"Decorated (iced holiday cookies sold from self service cookie displays - cookies in the shape of eggs, bunnies and chicks.  The signage by the displays do not declare egg as an ingredient of the cookies.    Cookies are received in a 9 lb. bag    Correct Ingredients: Unbleached, Unbromated Wheat Flour (Wheat flour, malted barley flour, niacin, iron, thiamin mononitrate, riboflavin, folic acid), Cane Sugar, Palm Fruit Oil, Cage Free Eggs, Vanilla, Water, cream of Tartar, Baking Soda, Corn starch, dextrose, natural flavoring.    Signs at all locations have been changed.    Cookies were sold in 9 Bay area, CA Whole Food locations."
,sold_at_only,False,FDA,80677,2018-08-22,"Severino Pasta Manufacturing, Inc.","Westmont, NJ",,,,"Severino Home Made, Artisanal Small Batch  Pasta, Raviolini  Cheese, 9 units x 9 oz per case. Expiration March 2019."
,sold_at_only,False,FDA,81049,2018-10-24,Lidl US TRADING,"Arlington, VA",,,,"Bellona brand  Milk Chocolate Flavored Coated Wafer with Hazelnut Cr¿me Filling and White Chocolate Flavor, 5.3 oz. (150g) package containing 7 single-serving, foil-wrapped chocolate  wafers  on a cardboard tray with foil overwrap."
,sold_at_only,False,FDA,81965,2019-02-06,Jac Vandenberg Inc.,"Yonkers, NY",,,,"Peaches, sold as a bulk retail item, with PLU 4044, and country of origin of Chile.     The peaches sold at Aldi are packaged in a two pound bag with the brand Rio Duero, EAN# 7804650090281. | Plums sold at ALDI, packaged in a 2-pound bag with the brand Rio Duero, EAN# 7804650090304. | Nectarines sold as a bulk retail item, with PLU 3035 (white flesh nectarine) and 4378 (yellow flesh nectarine), and country of origin of Chile. The nectarines sold at Aldi are packaged in a two pound bag with EAN 7804650090298. The nectarines sold at Costco are packaged in a 4-pound plastic clamshell with the brand Rio Duero, EAN# 7804650090212."
,sold_at_only,False,FDA,82050,2019-03-13,Whole Foods Market,"Emeryville, CA",,,,"Whole Foods Hipster Chipster Cookies;  9 oz. container with 6 cookies;  UPC 0247449 006990  Sold at Whole Foods, Yulupa Ave., Santa Rosa, CA"
,sold_at_only,False,FDA,82942,2019-07-24,ADM - CHICAGO,"Chicago, IL",,,,"Gold Medal Flour Mt Bulk  Product Code 805046 | H&R Flour (Hotel and Restaurant) 50lb bags  Product Codes 706220 | Springup Flr Enr, Mt Bulk Flour    Product Code 703020 | Gigantic Flour 50lbs  Product Code 701220   Lot #: 8346BF | Dominator Flour 50lb bags  Product Code 745220   Lot#: 8319BF | Miss Minneapolis  Product Code: 803003  Bulk flour | Pillsbury  BALANCER   HI GLUTEN FLOUR  BLEACHED BROMATED ENRICHED  50 LB bag | King Arthur All Purpose Flour  5 LB bag  UPC code: 071012010509 | Commander Flour Bl, En, Br, Mt  Product Code 704060 | Gold Medal Flour  Product Code: 805046  Bulk flour | Dellalo HG Pizza Flour 50lb bags  Product Code 845212   Lot#: 8344BF | Dominator Bl, En, Br, Mt	Bulk Flour  Product Code 745060 | Maple T-43 En Nobl Bulk Flour  Product Code 803038 | Pillsbury  POTENTATE  HIGH GLUTEN FLOUR  BLEACHED BROMATED ENRICHED  50 LB bag | Sir Lancelot HG Flour 50lb bags  Product Code 802203   Lot#: 8346BF | Baker's Corner All Purpose Flour  5 lb. bag    UPC code: 041498130404 | Commander Flour Enr, Mt  Bulk  Product Code 704020 | Pillsbury BEST Bread Flour  Enriched  5 LB bag  UPC code: 051500200315 | GWB Special Flour Bulk  Product Code 803011 | Latina Niagra Flour 50lbs bags  Product Code 845202   Lot#: 8344BF"
,sold_at_only,False,FDA,83496,2019-08-28,Herbs Unlimited d/b/a Rock Garden South,"Miami, FL",,,,Fresh basil with Rock Garden brand label. Basil was packed in 1 lb. plastic bags and in 0.75 oz. clear plastic clamshell containers.
,sold_at_only,False,FDA,87042,2021-01-27,GH Foods CA LLC,"Sacramento, CA",,,,Spinach and Orzo Pasta Kit  2/5 lb.  UPC: 20826766840209  Sold at Whole Foods Stores | Pesto Pasta Salad Kit  2/5 lb.  Keep refrigerated  UPC: 826767000000  Sold at Amazon Stores | Asian Noodle Salad Kit  2/5 lb.  Keep refrigerated  Amazon UPC: 826767000000;  Whole Foods UPC: 20826766840025  Sold at Amazon Stores and Whole Foods Stores | Smoked Mozzarella Pasta Salad Kit  2/5 lb.  UPC: 20826766840186  Sold at Whole Foods Stores | Italian Pasta Salad Kit  2/5 lb.  UPC: 20826766811377  Sold at Whole Foods Stores | Spinach and Basil Pasta Salad Kit  2/5 lb.  UPC: 20826766811438  Sold at Whole Foods Stores
,sold_at_only,False,FDA,87008,2021-02-03,O & H DANISH BAKERY,"Mount Pleasant, WI",,,,"O H Danish Bakery Almond Danish Kringle, UPC 67209-00006.  Net Weight:  24 oz. (1 lb. 8 oz) 680.3 grams"
,sold_at_only,False,FDA,87291,2021-03-17,"One Degree Organic Foods Inc,",Abbotsford,,,,One Degree Organic Foods Gluten Free Sprouted Rolled Oats NET WT. 5 lbs (80 oz) 2.27 kg UPC:6 75625 32318 8
,sold_at_only,False,FDA,87634,2021-05-05,"Richelieu Foods, Inc.","Grundy Center, IA",,,,"Tuscan Garden Ranch Dressing, packaged in 16 oz bottles, Dist. & Sold Exclusively by ALDI, Batavia, IL packaged in 12 bottles per case"
,sold_at_only,False,FDA,88961,2021-11-17,"Taylor Farms Tennessee, Inc.","Smyrna, TN",,,,Mushroom Stir Fry Blend 9oz container sold individually
,sold_at_only,False,FDA,89441,2022-02-23,Frozen Food Development Inc,"Rheems, PA",,,,Steamable by Lidl Chopped Spinach NET WT 12 OZ (340 g) UPC 4 056489 34380 6. Frozen product.
,sold_at_only,False,FDA,90590,2022-10-05,Belfonte Ice Cream & Dairy Foods Co,"Kansas City, MO",,,,1.5 quarts (1.41 L) Chocolate to Die For Premium Ice Cream UPC: 83057 17049 Plant Code 29-050
,sold_at_only,False,FDA,90923,2022-10-26,Momyer Distributors Inc,"Salem, OR",,,,"Dark Chocolate Almonds distributed to Safeway/Albertsons is packaged in a clear clamshell container with a top label that displays  PRODUCE Dark Chocolate Almonds , net weight of 9.5 oz., UPC 0 19061 19371 2. Distributed by Rivertrail Foods with an address of 4660 Ridge Dr. NE. Salem, OR 97301.   Ingredients: Semi-sweet chocolate [Chocolate, Liquor, Sugar, Cocoa, Butter, Soy Lecithin (an emulsifier), Vanilla Extract] Roasted Almonds (monosaturated Sunflower Oil, salt). -Contains Treenuts (Almonds) & Soy.  May Contain Trace Amounts of Peanuts   Dark Chocolate Almonds distributed to Roths Fresh Market is sold under Holly Hill Gourmet Snacks brand, packaged in a clear clamshell container, net weight 9.5 oz, UPC 0 08918 23018 2. Distributed by Holly Hill Confections with an address of 4660 Ridge Dr. NE. Salem, OR 97301.   Ingredients: Semi-sweet chocolate [Chocolate, Liquor, Sugar, Cocoa, Butter, Soy Lecithin (an emulsifier), Vanilla Extract] Roasted Almonds (monosaturated Sunflower Oil, salt). -Contains Almonds & Soy.  May Contain Trace Amounts of Peanuts"
,sold_at_only,False,FDA,91796,2023-03-22,Lidl US TRADING,"Arlington, VA",,,,Tapas Cocktail White Tiger Shrimp Net Wt 7oz (198g) UPC:4056489411499 Packaged in a plastic container.
,sold_at_only,False,FDA,92022,2023-04-19,Wellness Natural USA Inc.,"Wilmington, DE",,,,SimplyProtein¿ Peanut Butter Chocolate Crispy 15-1.41 OZ (40 g) bar. (UPC 6 86207 00914 7)   Sold in 15-count variety pack with two other flavors (Lemon Coconut and Chocolate Sea Salt) NET WT 21/16 OZ (600 g). Outside carton UPC 6 86207 80906 8.  Packaged in a carboard box. Individually wrapped in plastic.
,sold_at_only,False,FDA,92465,2023-07-19,Wawona Frozen Foods Inc.,"Clovis, CA",,,,Organic Daybreak Blend Brand Name: Wawona Frozen Foods 4 lb. plastic bags - 10 bags per case Keep Frozen Item# 684779 UPC: 0 34742 07244 5 Sold by Costco
,sold_at_only,False,FDA,92721,2023-08-23,Lidl US TRADING,"Arlington, VA",,,,Alpenfest Style Sachertote NET WT 17.6 OZ (1 LB 1.6OZ) 500g Frozen UPC:2010 0889 Packaged in Cardboard Carton.
,sold_at_only,False,FDA,93119,2023-10-25,Safeway Fresh Foods LLC,"Vineland, NJ",,,,"Sunnyside Farms, diced Organic Butternut Squash , 32-oz. , plastic tray, 6 trays per case, Perishable Keep Refrigerated ."
,sold_at_only,False,FDA,94333,2024-04-17,Lidl US TRADING,"Arlington, VA",,,,Deluxe brand Macarons Party Edition 35 pieces 455g (35 x 13g) UPC:4056489365365 Product packaged in a cardboard/plastic container
,sold_at_only,False,FDA,97002,2025-07-02,TRI-UNION FROZEN PRODUCTS INC DBA CHICKEN OF THE SEA FROZEN FOOD,"El Segundo, CA",,,,"Frozen Shrimp- packaged in 5lb frozen IQF blocks/4 blocks to a case. Unlabeled generic case packaging reads: ""Raw P&D Tail-On White Shrimp"" 26/30;  Contains: Shrimp (Crustacean) UPC# 1 08432370 0405 5"
,sold_at_only,False,FDA,97632,2025-10-08,Lawrence Wholesale LLC,"Vernon, CA",,,,Shrimp Cocktail Bowl; 7oz clear plastic retail packaging. UPC: 011110622952  Shrimp Cocktail Bowl; 17oz clear plastic retail packaging.  UPC: 011110624840 | 16/25 Frozen Cooked Tail-On Farm Raised Shrimp; 12oz clear plastic retail bag. UPC: 011110649812  51/60 Frozen Cooked Tail-On Farm Raised Shrimp; 32oz clear plastic retail bag. UPC: 011110967015
,sold_at_only,False,FDA,99120,2026-07-01,"Champion Foods, LLC","New Boston, MI",,,,Motor City Pizza Co. 5 Cheese Bread Single retail pack; 22.43 oz. (1 lb. 6.4 oz.) 636g UPC 8 70375 00511 1; 6 retail units per case Motor City Pizza Co. 5 Cheese Bread Twin retail pack; 44.86 oz. (2 lb. 12.9 oz.) 1272g UPC 8 70375 00509 8; 10 retail units per case
